21552,Aberdeen,Neighborhood,N,Neighborhood,South West,Aberdeen,,CAN,"Abbotsford, BC",49.038561,-122.423606,20220419,44763133.34,Canada,British Columbia,"Abbotsford, BC",Abbotsford,"MULTIPOLYGON (((-122.381543 49.0577099, -122.3810978 49.057532, -122.381276 49.040945, -122.3784191 49.038407, -122.3784922 49.031621, -122.381374 49.031771, -122.381608 49.027877, -122.3844919 49.027902, -122.3845279 49.024509, -122.387027 49.02453, -122.3874889 49.017245, -122.3817232 49.017196, -122.3820731 49.002495, -122.4596149 49.0023766, -122.4596065 49.0043952, -122.4596021 49.0054651, -122.4596011 49.0057113, -122.4596296 49.0073297, -122.4596415 49.0078001, -122.4596544 49.0083119, -122.4596867 49.0095935, -122.4597213 49.0103572, -122.4597656 49.0113352, -122.4597776 49.0115991, -122.4597854 49.0131884, -122.4597503 49.0156505, -122.459738 49.0165113, -122.4597324 49.0169008, -122.4597562 49.0193091, -122.4597443 49.0202911, -122.4596908 49.0219394, -122.4597377 49.0237363, -122.4597562 49.0244448, -122.4597681 49.0255085, -122.4598517 49.0267833, -122.4598519 49.0268207, -122.4598523 49.0269176, -122.4598543 49.027329, -122.4598279 49.0284442, -122.4598097 49.0292137, -122.45978 49.0313916, -122.4596611 49.0313877, -122.4596433 49.032311, -122.4596671 49.0350808, -122.459665 49.0356964, -122.4596628 49.0363356, -122.4596611 49.0368493, -122.4596587 49.037929, -122.4596566 49.038888, -122.4596552 49.0395449, -122.459636 49.0400226, -122.4596195 49.040433, -122.4595597 49.0414653, -122.4593759 49.0416015, -122.4592808 49.0417807, -122.4593008 49.0418578, -122.4593156 49.0419146, -122.4593284 49.0419637, -122.4594948 49.0420265, -122.4595658 49.0420533, -122.4595824 49.0436582, -122.4596233 49.0437125, -122.459654 49.0437532, -122.4596968 49.0438099, -122.4598394 49.0439268, -122.4599356 49.043982, -122.459982 49.0440086, -122.4600386 49.0440213, -122.4601721 49.0440514, -122.4601735 49.0441379, -122.460175 49.0442321, -122.4601781 49.0444292, -122.4599998 49.0444954, -122.4599382 49.0445199, -122.4598881 49.0445399, -122.4598713 49.0445466, -122.4598334 49.0445617, -122.4597087 49.0446824, -122.4596671 49.0447992, -122.4596704 49.0450733, -122.4596729 49.0452843, -122.4596789 49.0457807, -122.459606 49.0459403, -122.4595688 49.0459481, -122.4595126 49.0459599, -122.4595423 49.0476852, -122.4595437 49.0478118, -122.4595538 49.0487486, -122.4595622 49.0495253, -122.459571 49.0502998, -122.459572 49.0504269, -122.4596528 49.050462, -122.4596824 49.0504934, -122.459774 49.0505905, -122.4597324 49.0506995, -122.4597443 49.0508786, -122.459774 49.0510305, -122.4597719 49.0510606, -122.4597681 49.0511162, -122.4597463 49.0513057, -122.4597443 49.0513226, -122.4597324 49.0514394, -122.459735 49.0515653, -122.4598166 49.0517081, -122.459818 49.0517957, -122.4598216 49.0520119, -122.4597844 49.0529397, -122.459774 49.0531996, -122.4598037 49.0541225, -122.4597621 49.0542705, -122.4597621 49.0544846, -122.4597695 49.055108, -122.45978 49.0559994, -122.4597819 49.0591301, -122.4598275 49.0601657, -122.4597569 49.0605308, -122.4597664 49.0614484, -122.4597809 49.0628534, -122.4597942 49.0641365, -122.4598058 49.0652576, -122.45984 49.0685635, -122.4598452 49.0690691, -122.4598476 49.0693027, -122.4599063 49.0749731, -122.4584787 49.0749734, -122.4582191 49.0822702, -122.4592631 49.0822702, -122.4595602 49.0822702, -122.459294 49.0880909, -122.4593192 49.0887877, -122.4591386 49.0887156, -122.4573718 49.0880094, -122.3930621 49.0623127, -122.381543 49.0577099)))"
21553,South Poplar,Neighborhood,N,Neighborhood,South Central,South Poplar,,CAN,"Abbotsford, BC",49.021411,-122.334696,20220419,32009395.97,Canada,British Columbia,"Abbotsford, BC",Abbotsford,"MULTIPOLYGON (((-122.3820731 49.002495, -122.3817232 49.017196, -122.3874889 49.017245, -122.387027 49.02453, -122.3845279 49.024509, -122.3844919 49.027902, -122.381608 49.027877, -122.381374 49.031771, -122.3784922 49.031621, -122.3784191 49.038407, -122.381276 49.040945, -122.3810978 49.057532, -122.3777452 49.056435, -122.3600337 49.0488466, -122.3539031 49.04622, -122.352007 49.045408, -122.352111 49.044655, -122.3553791 49.044683, -122.3554291 49.03997, -122.3575441 49.039988, -122.3575571 49.038794, -122.3467931 49.03864, -122.3465591 49.042534, -122.3434784 49.0409615, -122.3376706 49.0377448, -122.3358147 49.0370547, -122.3336493 49.0365313, -122.3321741 49.0363885, -122.316779 49.0355557, -122.3167799 49.0356087, -122.3154871 49.03553, -122.3073731 49.035036, -122.3073202 49.031014, -122.298763 49.031193, -122.298898 49.027549, -122.2934432 49.0275641, -122.2931311 49.027565, -122.2822688 49.027596, -122.2819975 49.0276142, -122.2819975 49.0312431, -122.2819975 49.0314927, -122.2722418 49.0316117, -122.2722511 49.029584, -122.272099 49.0255596, -122.2733411 49.0255453, -122.2732985 49.0240009, -122.2720129 49.0239899, -122.2718849 49.016965, -122.2751828 49.0169079, -122.2766533 49.0147806, -122.2771244 49.0136385, -122.2768246 49.0118254, -122.2759252 49.0106404, -122.2754946 49.0104448, -122.2754531 49.009586, -122.2717992 49.0094982, -122.2718223 49.0072345, -122.2717992 49.0067285, -122.2716422 49.006286, -122.271428 49.0061718, -122.271152 49.0060718, -122.2707713 49.0060718, -122.2697862 49.006029, -122.2697576 49.0024027, -122.271152 49.0024455, -122.3820731 49.002495)))"
21554,Townline Hill,Neighborhood,N,Neighborhood,Central,Townline Hill,,CAN,"Abbotsford, BC",49.064546,-122.361485,20220419,6635110.598,Canada,British Columbia,"Abbotsford, BC",Abbotsford,"MULTIPOLYGON (((-122.3382031 49.068728, -122.3379119 49.060054, -122.3438699 49.060168, -122.3457762 49.059647, -122.3474371 49.059193, -122.3495651 49.058017, -122.3517128 49.054894, -122.3548988 49.053538, -122.3589042 49.054171, -122.3599749 49.0542067, -122.3600337 49.0488466, -122.3777452 49.056435, -122.3810978 49.057532, -122.381543 49.0577099, -122.3811988 49.0622619, -122.3812066 49.0626751, -122.3813375 49.069599, -122.3811845 49.0748937, -122.3612922 49.0749651, -122.3598918 49.0751542, -122.3589841 49.0751554, -122.357723 49.0748223, -122.3552484 49.0747747, -122.3527499 49.0746557, -122.3454834 49.0746074, -122.3450914 49.0739086, -122.343169 49.071787, -122.3403041 49.070066, -122.3382031 49.068728)))"
21555,West Clearbrook,Neighborhood,N,Neighborhood,Central,West Clearbrook,,CAN,"Abbotsford, BC",49.049762,-122.347687,20220419,2594949.646,Canada,British Columbia,"Abbotsford, BC",Abbotsford,"MULTIPOLYGON (((-122.3380215 49.054517, -122.337805 49.052136, -122.3375757 49.0496545, -122.3369111 49.045782, -122.339795 49.045806, -122.3433338 49.0459182, -122.3434784 49.0409615, -122.3465591 49.042534, -122.3467931 49.03864, -122.3575571 49.038794, -122.3575441 49.039988, -122.3554291 49.03997, -122.3553791 49.044683, -122.352111 49.044655, -122.352007 49.045408, -122.3539031 49.04622, -122.3600337 49.0488466, -122.3599749 49.0542067, -122.3589042 49.054171, -122.3548988 49.053538, -122.3517128 49.054894, -122.3495651 49.058017, -122.3474371 49.059193, -122.3457762 49.059647, -122.3438699 49.060168, -122.3379119 49.060054, -122.3380215 49.054517)))"
21560,Mill Lake,Neighborhood,N,Neighborhood,Central,Mill Lake,,CAN,"Abbotsford, BC",49.040501,-122.303925,20220419,3365999.184,Canada,British Columbia,"Abbotsford, BC",Abbotsford,"MULTIPOLYGON (((-122.2931724 49.0490228, -122.2936279 49.048398, -122.2934943 49.0456132, -122.2933621 49.0390329, -122.2932907 49.0361895, -122.2932669 49.0357612, -122.2930041 49.0353941, -122.2928386 49.0349284, -122.2928029 49.0338338, -122.2931574 49.0324061, -122.2931194 49.0312259, -122.2934432 49.0275641, -122.298898 49.027549, -122.298763 49.031193, -122.3073202 49.031014, -122.3073731 49.035036, -122.3154871 49.03553, -122.3167799 49.0356087, -122.3168266 49.0381969, -122.3157105 49.0381973, -122.3156391 49.0418664, -122.3166365 49.0418856, -122.3181154 49.0419141, -122.3184565 49.0419207, -122.3183196 49.0454751, -122.3181262 49.0483887, -122.3181232 49.0484337, -122.315325 49.048448, -122.3153535 49.0479626, -122.3146574 49.0478765, -122.3126981 49.0476342, -122.3110991 49.0475485, -122.3108366 49.0471872, -122.3106339 49.0473311, -122.3084491 49.0479543, -122.3081609 49.0480365, -122.3099201 49.0494488, -122.310039 49.0499009, -122.310039 49.0508765, -122.3081154 49.0508074, -122.3045938 49.0504981, -122.3001181 49.04992, -122.2932366 49.0490311, -122.2931724 49.0490228)))"
21563,Lower Ten Oaks,Neighborhood,S,Sub Neighborhood,North East,Old Clayburn,Lower Ten Oaks,CAN,"Abbotsford, BC",49.065523,-122.265544,20220419,3709630.724,Canada,British Columbia,"Abbotsford, BC",Abbotsford,"MULTIPOLYGON (((-122.2648847 49.0548233, -122.2675497 49.0546567, -122.2721121 49.0546441, -122.2724321 49.0550494, -122.2737884 49.0561201, -122.2753588 49.0570719, -122.2772148 49.0577858, -122.2788091 49.0582855, -122.2803795 49.058571, -122.281593 49.0586662, -122.2838713 49.0586962, -122.2865099 49.058731, -122.2862927 49.0667148, -122.283724 49.066693, -122.2790492 49.0668208, -122.2790492 49.0655597, -122.2779546 49.0655597, -122.2779308 49.0646317, -122.2729353 49.0646771, -122.2722248 49.067852, -122.2686214 49.0693188, -122.2675808 49.07064, -122.2675064 49.0730097, -122.2668759 49.0737236, -122.2668759 49.0747943, -122.266022 49.074805, -122.2555258 49.0748355, -122.2555615 49.0776021, -122.2519991 49.077649, -122.2494939 49.0776259, -122.2493749 49.0773404, -122.2493511 49.0771143, -122.2493987 49.0767455, -122.2494701 49.0764719, -122.2493987 49.0751156, -122.2493987 49.0745088, -122.2495552 49.0739486, -122.2493725 49.071594, -122.2494052 49.064735, -122.2498919 49.064111, -122.2516361 49.062869, -122.2535671 49.062069, -122.2575181 49.061128, -122.2599719 49.060867, -122.261517 49.06022, -122.2641101 49.0601366, -122.2649628 49.0601226, -122.2648847 49.0548233)))"
21566,Upper Ten Oaks,Neighborhood,S,Sub Neighborhood,North East,Old Clayburn,Upper Ten Oaks,CAN,"Abbotsford, BC",49.06339,-122.244201,20220419,5019856.965,Canada,British Columbia,"Abbotsford, BC",Abbotsford,"MULTIPOLYGON (((-122.2431174 49.0781896, -122.2427177 49.0759053, -122.2407379 49.0749345, -122.240243 49.0743063, -122.2392272 49.0741162, -122.2369879 49.0736972, -122.23596 49.0728977, -122.235979 49.0703088, -122.2351795 49.0708228, -122.234361 49.0711273, -122.2334474 49.0700168, -122.2324123 49.0689817, -122.2280397 49.0690542, -122.228008 49.0675342, -122.2278553 49.060214, -122.2278383 49.0593967, -122.2277407 49.0547219, -122.2277525 49.0536082, -122.2331665 49.0533718, -122.2370735 49.0532564, -122.2484312 49.0529208, -122.2541058 49.0527531, -122.2558904 49.052658, -122.2604113 49.0527531, -122.2642978 49.0527111, -122.2648133 49.0527056, -122.2648847 49.0548233, -122.2649628 49.0601226, -122.2641101 49.0601366, -122.261517 49.06022, -122.2599719 49.060867, -122.2575181 49.061128, -122.2535671 49.062069, -122.2516361 49.062869, -122.2498919 49.064111, -122.2494052 49.064735, -122.2493725 49.071594, -122.2495552 49.0739486, -122.2493987 49.0745088, -122.2493987 49.0751156, -122.2494701 49.0764719, -122.2493987 49.0767455, -122.2493511 49.0771143, -122.2493749 49.0773404, -122.2494939 49.0776259, -122.2519991 49.077649, -122.2555615 49.0776021, -122.2556029 49.0820058, -122.2547106 49.0823032, -122.2540603 49.0824895, -122.2524361 49.0825097, -122.2511267 49.0825154, -122.2501416 49.0823441, -122.2493135 49.0820443, -122.2480857 49.0813733, -122.2471149 49.0805167, -122.2466866 49.0797458, -122.2461155 49.0794174, -122.2431174 49.0781896)))"
21567,Straiton - Auguston,Neighborhood,S,Sub Neighborhood,North East,Sumas Mountain,Straiton - Auguston,CAN,"Abbotsford, BC",49.078977,-122.223184,20220419,4037984.266,Canada,British Columbia,"Abbotsford, BC",Abbotsford,"MULTIPOLYGON (((-122.2351795 49.0708228, -122.235979 49.0703088, -122.23596 49.0728977, -122.2369879 49.0736972, -122.2392272 49.0741162, -122.240243 49.0743063, -122.2407379 49.0749345, -122.2427177 49.0759053, -122.2431174 49.0781896, -122.2418939 49.0782945, -122.2411206 49.0781161, -122.2401093 49.0779971, -122.2393062 49.0779971, -122.239098 49.0783243, -122.2389791 49.0791571, -122.2391575 49.0800494, -122.2391278 49.0812689, -122.2388006 49.0821017, -122.2383247 49.082756, -122.2373729 49.0833509, -122.2360345 49.0839458, -122.234815 49.0843027, -122.2338632 49.0844514, -122.2330304 49.0844514, -122.2322868 49.0840945, -122.2315135 49.0837673, -122.2307402 49.0837078, -122.2298776 49.0837375, -122.2292828 49.0840052, -122.2286284 49.0844216, -122.2284012 49.0847833, -122.2281727 49.0850498, -122.2277349 49.0850879, -122.227259 49.0850308, -122.2267831 49.0850308, -122.2263072 49.0851831, -122.2258314 49.0853544, -122.2253935 49.0856019, -122.2248986 49.0860016, -122.2242895 49.0864394, -122.2238897 49.0866679, -122.2230712 49.0868201, -122.2223288 49.0870486, -122.2218719 49.0872199, -122.2213389 49.0874864, -122.2207679 49.0879623, -122.2200635 49.0885524, -122.2193973 49.0891044, -122.218712 49.08939, -122.218198 49.08939, -122.2162736 49.0894445, -122.2055212 49.08981, -122.2055111 49.081704, -122.205042 49.080695, -122.2052171 49.0798112, -122.2094624 49.079832, -122.2114969 49.0795108, -122.2135313 49.0790111, -122.2165651 49.0779404, -122.2165294 49.067624, -122.2272069 49.0675751, -122.228008 49.0675342, -122.2280397 49.0690542, -122.2324123 49.0689817, -122.2334474 49.0700168, -122.234361 49.0711273, -122.2351795 49.0708228)))"
21569,Sumas Prairie,Neighborhood,N,Neighborhood,South East,Sumas Prairie,,CAN,"Abbotsford, BC",49.047282,-122.155688,20220419,88088371.92,Canada,British Columbia,"Abbotsford, BC",Abbotsford,"MULTIPOLYGON (((-122.0800547 49.1058469, -122.077648 49.1032395, -122.0801702 49.1021813, -122.0802321 49.0821976, -122.0806418 49.059903, -122.0805001 49.0582794, -122.084303 49.0556005, -122.084303 49.0549614, -122.084303 49.0532952, -122.0878207 49.0508652, -122.0871551 49.0484974, -122.092923 49.0453968, -122.0950313 49.0425342, -122.1019586 49.0374008, -122.1042175 49.0361174, -122.1064764 49.033353, -122.1097895 49.0303909, -122.1168674 49.0272312, -122.12259 49.0164669, -122.1313244 49.0119234, -122.1343363 49.0077747, -122.1402094 49.0052063, -122.1430984 49.0024688, -122.2569936 49.0024549, -122.2569749 49.004225, -122.2592321 49.0042442, -122.2592312 49.0056912, -122.2600779 49.0057127, -122.2607351 49.0057293, -122.2608124 49.0096094, -122.2653751 49.009701, -122.2656041 49.024218, -122.2653449 49.030374, -122.266381 49.033449, -122.2584675 49.033459, -122.2545266 49.033464, -122.2489624 49.033471, -122.2417127 49.0335075, -122.2404946 49.0335136, -122.2366637 49.0338705, -122.230067 49.034943, -122.227122 49.0358217, -122.2260634 49.0362848, -122.2220681 49.0380328, -122.2198885 49.0389864, -122.2004245 49.0477428, -122.1865998 49.0540008, -122.1833875 49.055476, -122.1806858 49.0566058, -122.1813996 49.0572839, -122.1813996 49.0577836, -122.1807928 49.0581405, -122.180079 49.0584261, -122.1794365 49.0591042, -122.1781873 49.059354, -122.1755104 49.0598894, -122.1741541 49.0602463, -122.173476 49.0604962, -122.1727979 49.0612814, -122.1715486 49.0648863, -122.1694785 49.0698118, -122.168836 49.0713108, -122.1662305 49.0736308, -122.1612337 49.0770929, -122.1561654 49.0803766, -122.1530602 49.0819113, -122.1498123 49.0828036, -122.1472067 49.0831606, -122.145208 49.0834104, -122.1433163 49.0840885, -122.1420314 49.0844812, -122.1398542 49.0845882, -122.1385336 49.0846953, -122.1372487 49.0848381, -122.1371059 49.0855876, -122.1374629 49.0863014, -122.1386407 49.0874079, -122.1391404 49.0883359, -122.1391761 49.0890854, -122.1384979 49.0897636, -122.1365349 49.0907272, -122.1336795 49.0920121, -122.1322161 49.0926903, -122.1315023 49.0932971, -122.1315023 49.0948318, -122.1313238 49.0954386, -122.1303602 49.0960096, -122.1282543 49.0959739, -122.1268624 49.096081, -122.1257559 49.0962595, -122.1251848 49.0967949, -122.1247922 49.0976515, -122.1247208 49.0997216, -122.1246495 49.1005068, -122.1241498 49.1010065, -122.1231147 49.1017203, -122.1210803 49.102577, -122.1193671 49.1039332, -122.1175468 49.1050754, -122.1166188 49.1053609, -122.115548 49.1053252, -122.1146557 49.1052182, -122.1143345 49.1053252, -122.1142274 49.1056821, -122.1141917 49.1112501, -122.1136563 49.1133202, -122.1125856 49.1149977, -122.1110865 49.1159971, -122.1098373 49.1163897, -122.1082312 49.1179245, -122.106902 49.1196967, -122.1061967 49.1206371, -122.1050189 49.1222075, -122.1040552 49.1243847, -122.1027346 49.1253484, -122.1000934 49.126669, -122.0984108 49.1279882, -122.0983289 49.126691, -122.0976627 49.1250253, -122.0965205 49.1234311, -122.09426 49.1210754, -122.0922851 49.1190291, -122.0896439 49.1161975, -122.0875024 49.1137467, -122.0842901 49.1103441, -122.0817917 49.107798, -122.0800547 49.1058469)))"
838473,Mount Lehman,Neighborhood,N,Neighborhood,North West,Mount Lehman,,CAN,"Abbotsford, BC",49.125036,-122.397403,20220419,21083364.88,Canada,British Columbia,"Abbotsford, BC",Abbotsford,"MULTIPOLYGON (((-122.426675 49.1073921, -122.4269034 49.1181854, -122.4273032 49.1329761, -122.4275887 49.1476526, -122.4286166 49.1615867, -122.4214782 49.1598164, -122.4123411 49.1566184, -122.4061164 49.1534775, -122.3998918 49.1493658, -122.3972482 49.147024, -122.3927251 49.138565, -122.3843378 49.131833, -122.3745901 49.126597, -122.3598841 49.117549, -122.34919 49.110891, -122.3415299 49.108061, -122.3384632 49.108189, -122.3384232 49.1040157, -122.3410287 49.10398, -122.3422065 49.1036231, -122.3434557 49.1039443, -122.3494163 49.10398, -122.3520575 49.10398, -122.3525571 49.1030163, -122.3531996 49.1026237, -122.3548057 49.1027308, -122.356055 49.1027665, -122.3572328 49.1027308, -122.3585891 49.1034089, -122.3594442 49.103942, -122.3641213 49.1040514, -122.3691182 49.1040514, -122.3696536 49.1037301, -122.3710099 49.1035517, -122.3725446 49.1040514, -122.3821457 49.1040514, -122.4042747 49.1040514, -122.4043104 49.1077276, -122.426675 49.1073921)))"
838474,Bradner,Neighborhood,N,Neighborhood,North West,Bradner,,CAN,"Abbotsford, BC",49.10488,-122.413247,20220419,46776433.19,Canada,British Columbia,"Abbotsford, BC",Abbotsford,"MULTIPOLYGON (((-122.4286166 49.1615867, -122.4275887 49.1476526, -122.4273032 49.1329761, -122.4269034 49.1181854, -122.426675 49.1073921, -122.4043104 49.1077276, -122.4042747 49.1040514, -122.3821457 49.1040514, -122.3725446 49.1040514, -122.3710099 49.1035517, -122.3696536 49.1037301, -122.3691182 49.1040514, -122.3641213 49.1040514, -122.3594442 49.103942, -122.3585891 49.1034089, -122.3572328 49.1027308, -122.356055 49.1027665, -122.3548057 49.1027308, -122.3531996 49.1026237, -122.3525571 49.1030163, -122.3520575 49.10398, -122.3494163 49.10398, -122.3434557 49.1039443, -122.3422065 49.1036231, -122.3410287 49.10398, -122.3384232 49.1040157, -122.3384494 49.0824842, -122.3421137 49.082508, -122.3421851 49.0821273, -122.3418044 49.0803189, -122.3418758 49.0794623, -122.3412809 49.0782249, -122.3394725 49.0776063, -122.3383066 49.0769162, -122.3384494 49.0745606, -122.3454834 49.0746074, -122.3527499 49.0746557, -122.3552484 49.0747747, -122.357723 49.0748223, -122.3589841 49.0751554, -122.3598918 49.0751542, -122.3612922 49.0749651, -122.3811845 49.0748937, -122.3813375 49.069599, -122.3812066 49.0626751, -122.3811988 49.0622619, -122.381543 49.0577099, -122.3930621 49.0623127, -122.4573718 49.0880094, -122.4591386 49.0887156, -122.4593192 49.0887877, -122.4599735 49.1068681, -122.4600644 49.1107654, -122.460735 49.1394939, -122.4615038 49.1511167, -122.4610177 49.1516026, -122.4592161 49.1535846, -122.4587407 49.1543812, -122.4585625 49.1548864, -122.458711 49.1554111, -122.4589784 49.1558968, -122.4596618 49.1568295, -122.460921 49.1586377, -122.4611922 49.1590689, -122.461939 49.1602567, -122.4623356 49.1609096, -122.4626331 49.1613606, -122.4636429 49.1628913, -122.4640588 49.1633964, -122.4639994 49.1637849, -122.4638509 49.1639404, -122.4635538 49.1641346, -122.4633458 49.1643678, -122.4634943 49.1646203, -122.4631378 49.16497, -122.4631378 49.1651837, -122.4628384 49.165359, -122.4622866 49.1654688, -122.4621574 49.1654945, -122.4623059 49.1665435, -122.4626057 49.166568, -122.4627813 49.1665824, -122.4629596 49.1677868, -122.4613948 49.1677438, -122.4568037 49.1679544, -122.4538294 49.1674785, -122.4487136 49.1667647, -122.4410993 49.1643852, -122.4365783 49.1639093, -122.4317004 49.1627196, -122.4286166 49.1615867)))"
838475,Matsqui Prairie,Neighborhood,N,Neighborhood,North Central,Matsqui Prairie,,CAN,"Abbotsford, BC",49.10566,-122.281866,20220419,40153247.51,Canada,British Columbia,"Abbotsford, BC",Abbotsford,"MULTIPOLYGON (((-122.2437829 49.0930822, -122.2448775 49.0927966, -122.2476853 49.0928442, -122.2477328 49.0917972, -122.2508737 49.0909406, -122.2513496 49.090322, -122.2534911 49.0897033, -122.254776 49.0887515, -122.2553471 49.0874666, -122.2553352 49.086497, -122.2537291 49.085575, -122.2524169 49.0841754, -122.25243 49.0829567, -122.2540603 49.0824895, -122.2547106 49.0823032, -122.2556029 49.0820058, -122.2851082 49.081857, -122.2907238 49.0821902, -122.2941502 49.0819522, -122.2942929 49.0747187, -122.3161268 49.074761, -122.332662 49.074588, -122.334007 49.074599, -122.3384494 49.0745606, -122.3383066 49.0769162, -122.3394725 49.0776063, -122.3412809 49.0782249, -122.3418758 49.0794623, -122.3418044 49.0803189, -122.3421851 49.0821273, -122.3421137 49.082508, -122.3384494 49.0824842, -122.3384232 49.1040157, -122.3384632 49.108189, -122.3340289 49.108374, -122.3217 49.110783, -122.3081708 49.117454, -122.302742 49.121806, -122.2928831 49.126875, -122.2758788 49.134899, -122.2675679 49.139101, -122.2625362 49.1422, -122.2592659 49.142423, -122.2533169 49.141367, -122.2319009 49.130628, -122.220018 49.127259, -122.216175 49.1271, -122.2161786 49.1259176, -122.219798 49.1255856, -122.2211781 49.1254428, -122.221416 49.1220164, -122.2207498 49.1215405, -122.2212732 49.1193514, -122.2219395 49.1189707, -122.2236051 49.118352, -122.2255563 49.1181617, -122.2271743 49.1168768, -122.2275074 49.1153539, -122.2253659 49.114069, -122.2263653 49.1123558, -122.2278405 49.1115468, -122.2298869 49.1107853, -122.2323615 49.1107378, -122.2348838 49.107692, -122.2387861 49.1074065, -122.2402137 49.1050746, -122.2416414 49.1041704, -122.2406896 49.1040277, -122.2407848 49.0994591, -122.239024 49.099126, -122.2394999 49.0958899, -122.2437829 49.0954616, -122.2437829 49.0930822)))"
838476,Matsqui Village,Neighborhood,S,Sub Neighborhood,North Central,Matsqui Village,Matsqui Village,CAN,"Abbotsford, BC",49.106225,-122.293419,20220419,268238.142,Canada,British Columbia,"Abbotsford, BC",Abbotsford,"MULTIPOLYGON (((-122.2903938 49.1037888, -122.294082 49.103765, -122.2941296 49.101909, -122.2970563 49.1019328, -122.2970325 49.1037888, -122.2953907 49.103765, -122.2953431 49.1080005, -122.2942724 49.1079291, -122.2942486 49.1106655, -122.2932968 49.1109748, -122.2917025 49.110951, -122.2903938 49.1037888)))"
838477,West Townline,Neighborhood,S,Sub Neighborhood,Central,Townline Hill,West Townline,CAN,"Abbotsford, BC",49.064006,-122.369869,20220419,3745475.667,Canada,British Columbia,"Abbotsford, BC",Abbotsford,"MULTIPOLYGON (((-122.3599749 49.0542067, -122.3600337 49.0488466, -122.3777452 49.056435, -122.3810978 49.057532, -122.381543 49.0577099, -122.3811988 49.0622619, -122.3812066 49.0626751, -122.3813375 49.069599, -122.3811845 49.0748937, -122.3612922 49.0749651, -122.3598918 49.0751542, -122.3598218 49.069541, -122.3599392 49.0648429, -122.3600106 49.0603814, -122.3599749 49.0542067)))"
838478,East Townline,Neighborhood,S,Sub Neighborhood,Central,Townline Hill,East Townline,CAN,"Abbotsford, BC",49.065247,-122.350619,20220419,2889634.931,Canada,British Columbia,"Abbotsford, BC",Abbotsford,"MULTIPOLYGON (((-122.3474371 49.059193, -122.3495651 49.058017, -122.3517128 49.054894, -122.3548988 49.053538, -122.3589042 49.054171, -122.3599749 49.0542067, -122.3600106 49.0603814, -122.3599392 49.0648429, -122.3598218 49.069541, -122.3598918 49.0751542, -122.3589841 49.0751554, -122.357723 49.0748223, -122.3552484 49.0747747, -122.3527499 49.0746557, -122.3454834 49.0746074, -122.3450914 49.0739086, -122.343169 49.071787, -122.3403041 49.070066, -122.3382031 49.068728, -122.3379119 49.060054, -122.3438699 49.060168, -122.3457762 49.059647, -122.3474371 49.059193)))"
838479,Clearbrook Centre,Neighborhood,N,Neighborhood,Central,Clearbrook Centre,,CAN,"Abbotsford, BC",49.05344,-122.323449,20220419,3280612.398,Canada,British Columbia,"Abbotsford, BC",Abbotsford,"MULTIPOLYGON (((-122.3183196 49.0454751, -122.3289319 49.0456179, -122.332298 49.045743, -122.3369111 49.045782, -122.3375757 49.0496545, -122.337805 49.052136, -122.3380215 49.054517, -122.3379119 49.060054, -122.3158028 49.060117, -122.3141692 49.060103, -122.3131129 49.060362, -122.3119549 49.0607606, -122.3108603 49.0610937, -122.3101941 49.0611413, -122.3084141 49.0610999, -122.3081478 49.0610937, -122.3080805 49.0610807, -122.3072911 49.0609272, -122.3072475 49.0589216, -122.3072198 49.0576435, -122.3069952 49.0576317, -122.3067677 49.0576197, -122.3067531 49.0575891, -122.3065535 49.0571676, -122.3058635 49.0566917, -122.30603 49.0562634, -122.3061014 49.0556448, -122.3084095 49.0557638, -122.3091939 49.0542798, -122.3100979 49.054288, -122.3104435 49.0533035, -122.3104435 49.0523755, -122.3100866 49.0514237, -122.310039 49.0508765, -122.310039 49.0499009, -122.3099201 49.0494488, -122.3081609 49.0480365, -122.3084491 49.0479543, -122.3106339 49.0473311, -122.3108366 49.0471872, -122.3110991 49.0475485, -122.3126981 49.0476342, -122.3146574 49.0478765, -122.3153535 49.0479626, -122.315325 49.048448, -122.3181232 49.0484337, -122.3181262 49.0483887, -122.3183196 49.0454751)))"
838480,South Clearbrook,Neighborhood,N,Neighborhood,Central,South Clearbrook,,CAN,"Abbotsford, BC",49.041082,-122.32918,20220419,1886046.43,Canada,British Columbia,"Abbotsford, BC",Abbotsford,"MULTIPOLYGON (((-122.3369111 49.045782, -122.332298 49.045743, -122.3289319 49.0456179, -122.3183196 49.0454751, -122.3184565 49.0419207, -122.3181154 49.0419141, -122.3166365 49.0418856, -122.3156391 49.0418664, -122.3157105 49.0381973, -122.3168266 49.0381969, -122.3167799 49.0356087, -122.316779 49.0355557, -122.3321741 49.0363885, -122.3336493 49.0365313, -122.3358147 49.0370547, -122.3376706 49.0377448, -122.3434784 49.0409615, -122.3433338 49.0459182, -122.339795 49.045806, -122.3369111 49.045782)))"
838481,Fairfield,Neighborhood,N,Neighborhood,Central,Fairfield,,CAN,"Abbotsford, BC",49.06959,-122.314974,20220419,5459521.68,Canada,British Columbia,"Abbotsford, BC",Abbotsford,"MULTIPOLYGON (((-122.3379119 49.060054, -122.3382031 49.068728, -122.3403041 49.070066, -122.343169 49.071787, -122.3450914 49.0739086, -122.3454834 49.0746074, -122.3384494 49.0745606, -122.334007 49.074599, -122.332662 49.074588, -122.3161268 49.074761, -122.2942929 49.0747187, -122.2941502 49.0819522, -122.2907238 49.0821902, -122.2851082 49.081857, -122.2848339 49.0802693, -122.284941 49.0786989, -122.2856548 49.0744516, -122.2859403 49.0728811, -122.2861188 49.0711679, -122.2862259 49.0691692, -122.293597 49.069228, -122.29452 49.068325, -122.297566 49.066591, -122.2984682 49.0674559, -122.3080351 49.067403, -122.3081478 49.0641628, -122.3081098 49.0626209, -122.3081478 49.0610937, -122.3084141 49.0610999, -122.3101941 49.0611413, -122.3108603 49.0610937, -122.3119549 49.0607606, -122.3131129 49.060362, -122.3141692 49.060103, -122.3158028 49.060117, -122.3379119 49.060054)))"
838482,Babich,Neighborhood,N,Neighborhood,Central,Babich,,CAN,"Abbotsford, BC",49.058901,-122.297058,20220419,3205681.346,Canada,British Columbia,"Abbotsford, BC",Abbotsford,"MULTIPOLYGON (((-122.2862259 49.0691692, -122.2862927 49.0667148, -122.2865099 49.058731, -122.2867003 49.0545194, -122.2873427 49.0530679, -122.2876283 49.0517116, -122.2878424 49.0490942, -122.2931724 49.0490228, -122.2932366 49.0490311, -122.3001181 49.04992, -122.3045938 49.0504981, -122.3081154 49.0508074, -122.310039 49.0508765, -122.3100866 49.0514237, -122.3104435 49.0523755, -122.3104435 49.0533035, -122.3100979 49.054288, -122.3091939 49.0542798, -122.3084095 49.0557638, -122.3061014 49.0556448, -122.30603 49.0562634, -122.3058635 49.0566917, -122.3065535 49.0571676, -122.3067531 49.0575891, -122.3067677 49.0576197, -122.3069952 49.0576317, -122.3072198 49.0576435, -122.3072475 49.0589216, -122.3072911 49.0609272, -122.3080805 49.0610807, -122.3081478 49.0610937, -122.3081098 49.0626209, -122.3081478 49.0641628, -122.3080351 49.067403, -122.2984682 49.0674559, -122.297566 49.066591, -122.29452 49.068325, -122.293597 49.069228, -122.2862259 49.0691692)))"
838483,Abbotsford Centre,Neighborhood,N,Neighborhood,Central,Abbotsford Centre,,CAN,"Abbotsford, BC",49.042478,-122.28167,20220419,4782492.454,Canada,British Columbia,"Abbotsford, BC",Abbotsford,"MULTIPOLYGON (((-122.2931311 49.027565, -122.2934432 49.0275641, -122.2931194 49.0312259, -122.2931574 49.0324061, -122.2928029 49.0338338, -122.2928386 49.0349284, -122.2930041 49.0353941, -122.2932669 49.0357612, -122.2932907 49.0361895, -122.2933621 49.0390329, -122.2934943 49.0456132, -122.2936279 49.048398, -122.2931724 49.0490228, -122.2878424 49.0490942, -122.2876283 49.0517116, -122.2873427 49.0530679, -122.2867003 49.0545194, -122.2865099 49.058731, -122.2838713 49.0586962, -122.281593 49.0586662, -122.2803795 49.058571, -122.2788091 49.0582855, -122.2772148 49.0577858, -122.2753588 49.0570719, -122.2737884 49.0561201, -122.2724321 49.0550494, -122.2721121 49.0546441, -122.2713614 49.0536931, -122.2706475 49.0520751, -122.2704572 49.0504332, -122.271052 49.0463644, -122.2714803 49.0410106, -122.2713851 49.040154, -122.2709093 49.0395829, -122.2700764 49.0389642, -122.2691722 49.0383218, -122.2684822 49.0377269, -122.2680301 49.0370131, -122.2670783 49.0351333, -122.2664835 49.0334915, -122.2722893 49.0334439, -122.2722418 49.0316117, -122.2819975 49.0314927, -122.2819975 49.0312431, -122.2819975 49.0276142, -122.2822688 49.027596, -122.2931311 49.027565)))"
838484,Old Clayburn,Neighborhood,N,Neighborhood,North East,Old Clayburn,,CAN,"Abbotsford, BC",49.067019,-122.258297,20220419,11677323.28,Canada,British Columbia,"Abbotsford, BC",Abbotsford,"MULTIPOLYGON (((-122.23596 49.0728977, -122.235979 49.0703088, -122.2351795 49.0708228, -122.234361 49.0711273, -122.2334474 49.0700168, -122.2324123 49.0689817, -122.2280397 49.0690542, -122.228008 49.0675342, -122.2278553 49.060214, -122.2278383 49.0593967, -122.2277407 49.0547219, -122.2277175 49.0536098, -122.2277525 49.0536082, -122.2331665 49.0533718, -122.2370735 49.0532564, -122.2484312 49.0529208, -122.2541058 49.0527531, -122.2558904 49.052658, -122.2604113 49.0527531, -122.2642978 49.0527111, -122.2648133 49.0527056, -122.2648847 49.0548233, -122.2675497 49.0546567, -122.2721121 49.0546441, -122.2724321 49.0550494, -122.2737884 49.0561201, -122.2753588 49.0570719, -122.2772148 49.0577858, -122.2788091 49.0582855, -122.2803795 49.058571, -122.281593 49.0586662, -122.2838713 49.0586962, -122.2865099 49.058731, -122.2862927 49.0667148, -122.2862259 49.0691692, -122.2861188 49.0711679, -122.2859403 49.0728811, -122.2856548 49.0744516, -122.284941 49.0786989, -122.2848339 49.0802693, -122.2851082 49.081857, -122.2556029 49.0820058, -122.2547106 49.0823032, -122.2540603 49.0824895, -122.2524361 49.0825097, -122.2511267 49.0825154, -122.2501416 49.0823441, -122.2493135 49.0820443, -122.2480857 49.0813733, -122.2471149 49.0805167, -122.2466866 49.0797458, -122.2461155 49.0794174, -122.2431174 49.0781896, -122.2427177 49.0759053, -122.2407379 49.0749345, -122.240243 49.0743063, -122.2392272 49.0741162, -122.2369879 49.0736972, -122.23596 49.0728977)))"
838485,McMillan,Neighborhood,N,Neighborhood,East,McMillan,,CAN,"Abbotsford, BC",49.045199,-122.255645,20220419,4342620.228,Canada,British Columbia,"Abbotsford, BC",Abbotsford,"MULTIPOLYGON (((-122.2648847 49.0548233, -122.2648133 49.0527056, -122.2642978 49.0527111, -122.2604113 49.0527531, -122.2558904 49.052658, -122.2541058 49.0527531, -122.2484312 49.0529208, -122.2370735 49.0532564, -122.2358147 49.0520504, -122.2346726 49.0514413, -122.233321 49.0510225, -122.2335875 49.0500707, -122.2336447 49.0490428, -122.2339683 49.048605, -122.2349581 49.0483575, -122.2358909 49.0482433, -122.2371472 49.0477674, -122.2374328 49.0440174, -122.238613 49.0431798, -122.2402976 49.0416569, -122.2409258 49.0414999, -122.241554 49.0414856, -122.2421964 49.041557, -122.2425676 49.0415856, -122.2433386 49.041814, -122.2444093 49.0425136, -122.2449519 49.0426706, -122.2456942 49.0426992, -122.2463653 49.0425421, -122.2473503 49.0421138, -122.2478215 49.0418854, -122.2481927 49.0416284, -122.2484639 49.0412572, -122.2484925 49.040886, -122.2484639 49.0405434, -122.2481498 49.0400722, -122.2480214 49.0397296, -122.2480927 49.0394583, -122.2482641 49.03913, -122.248521 49.0388587, -122.2489922 49.0386588, -122.2495966 49.0385256, -122.2504912 49.0385256, -122.2544887 49.0384304, -122.2545266 49.033464, -122.2584675 49.033459, -122.266381 49.033449, -122.2664835 49.0334915, -122.2670783 49.0351333, -122.2680301 49.0370131, -122.2684822 49.0377269, -122.2691722 49.0383218, -122.2700764 49.0389642, -122.2709093 49.0395829, -122.2713851 49.040154, -122.2714803 49.0410106, -122.271052 49.0463644, -122.2704572 49.0504332, -122.2706475 49.0520751, -122.2713614 49.0536931, -122.2721121 49.0546441, -122.2675497 49.0546567, -122.2648847 49.0548233)))"
838486,Whatcom,Neighborhood,N,Neighborhood,East,Whatcom,,CAN,"Abbotsford, BC",49.048738,-122.218362,20220419,7958099.344,Canada,British Columbia,"Abbotsford, BC",Abbotsford,"MULTIPOLYGON (((-122.1945305 49.0629023, -122.1944734 49.0608465, -122.1926912 49.0608774, -122.183221 49.060806, -122.1833875 49.055476, -122.1865998 49.0540008, -122.2004245 49.0477428, -122.2198885 49.0389864, -122.2220681 49.0380328, -122.2260634 49.0362848, -122.227122 49.0358217, -122.230067 49.034943, -122.2366637 49.0338705, -122.2404946 49.0335136, -122.2417127 49.0335075, -122.2489624 49.033471, -122.2545266 49.033464, -122.2544887 49.0384304, -122.2504912 49.0385256, -122.2495966 49.0385256, -122.2489922 49.0386588, -122.248521 49.0388587, -122.2482641 49.03913, -122.2480927 49.0394583, -122.2480214 49.0397296, -122.2481498 49.0400722, -122.2484639 49.0405434, -122.2484925 49.040886, -122.2484639 49.0412572, -122.2481927 49.0416284, -122.2478215 49.0418854, -122.2473503 49.0421138, -122.2463653 49.0425421, -122.2456942 49.0426992, -122.2449519 49.0426706, -122.2444093 49.0425136, -122.2433386 49.041814, -122.2425676 49.0415856, -122.2421964 49.041557, -122.241554 49.0414856, -122.2409258 49.0414999, -122.2402976 49.0416569, -122.238613 49.0431798, -122.2374328 49.0440174, -122.2371472 49.0477674, -122.2358909 49.0482433, -122.2349581 49.0483575, -122.2339683 49.048605, -122.2336447 49.0490428, -122.2335875 49.0500707, -122.233321 49.0510225, -122.2346726 49.0514413, -122.2358147 49.0520504, -122.2370735 49.0532564, -122.2331665 49.0533718, -122.2277525 49.0536082, -122.2277175 49.0536098, -122.2277407 49.0547219, -122.2278383 49.0593967, -122.2278553 49.060214, -122.2011859 49.0608346, -122.1999962 49.0618102, -122.1983067 49.0623812, -122.19691 49.0628643, -122.1954062 49.0629594, -122.1945305 49.0629023)))"
838487,Sumas Mountain,Neighborhood,N,Neighborhood,North East,Sumas Mountain,,CAN,"Abbotsford, BC",49.102689,-122.177417,20220419,63740059.41,Canada,British Columbia,"Abbotsford, BC",Abbotsford,"MULTIPOLYGON (((-122.1259106 49.1404044, -122.1211041 49.1401189, -122.1177133 49.1401665, -122.1151756 49.1403529, -122.1128873 49.1400124, -122.1086935 49.1396852, -122.1058381 49.1395365, -122.104232 49.1395365, -122.1033397 49.1397745, -122.101912 49.1399529, -122.1003951 49.1401016, -122.0992946 49.1398637, -122.0981049 49.1394473, -122.096497 49.138773, -122.0956295 49.1372802, -122.0951979 49.1365376, -122.0951922 49.1364773, -122.0950847 49.1353481, -122.0954416 49.1332779, -122.0962341 49.1317138, -122.09645 49.1312877, -122.0967979 49.1306011, -122.0978535 49.1286658, -122.0984108 49.1279882, -122.1000934 49.126669, -122.1027346 49.1253484, -122.1040552 49.1243847, -122.1050189 49.1222075, -122.1061967 49.1206371, -122.106902 49.1196967, -122.1082312 49.1179245, -122.1098373 49.1163897, -122.1110865 49.1159971, -122.1125856 49.1149977, -122.1136563 49.1133202, -122.1141917 49.1112501, -122.1142274 49.1056821, -122.1143345 49.1053252, -122.1146557 49.1052182, -122.115548 49.1053252, -122.1166188 49.1053609, -122.1175468 49.1050754, -122.1193671 49.1039332, -122.1210803 49.102577, -122.1231147 49.1017203, -122.1241498 49.1010065, -122.1246495 49.1005068, -122.1247208 49.0997216, -122.1247922 49.0976515, -122.1251848 49.0967949, -122.1257559 49.0962595, -122.1268624 49.096081, -122.1282543 49.0959739, -122.1303602 49.0960096, -122.1313238 49.0954386, -122.1315023 49.0948318, -122.1315023 49.0932971, -122.1322161 49.0926903, -122.1336795 49.0920121, -122.1365349 49.0907272, -122.1384979 49.0897636, -122.1391761 49.0890854, -122.1391404 49.0883359, -122.1386407 49.0874079, -122.1374629 49.0863014, -122.1371059 49.0855876, -122.1372487 49.0848381, -122.1385336 49.0846953, -122.1398542 49.0845882, -122.1420314 49.0844812, -122.1433163 49.0840885, -122.145208 49.0834104, -122.1472067 49.0831606, -122.1498123 49.0828036, -122.1530602 49.0819113, -122.1561654 49.0803766, -122.1612337 49.0770929, -122.1662305 49.0736308, -122.168836 49.0713108, -122.1694785 49.0698118, -122.1715486 49.0648863, -122.1727979 49.0612814, -122.173476 49.0604962, -122.1741541 49.0602463, -122.1755104 49.0598894, -122.1781873 49.059354, -122.1794365 49.0591042, -122.180079 49.0584261, -122.1807928 49.0581405, -122.1813996 49.0577836, -122.1813996 49.0572839, -122.1806858 49.0566058, -122.1833875 49.055476, -122.183221 49.060806, -122.1926912 49.0608774, -122.1944734 49.0608465, -122.1945305 49.0629023, -122.1954062 49.0629594, -122.19691 49.0628643, -122.1983067 49.0623812, -122.1999962 49.0618102, -122.2011859 49.0608346, -122.2278553 49.060214, -122.228008 49.0675342, -122.2280397 49.0690542, -122.2324123 49.0689817, -122.2334474 49.0700168, -122.234361 49.0711273, -122.2351795 49.0708228, -122.235979 49.0703088, -122.23596 49.0728977, -122.2369879 49.0736972, -122.2392272 49.0741162, -122.240243 49.0743063, -122.2407379 49.0749345, -122.2427177 49.0759053, -122.2431174 49.0781896, -122.2461155 49.0794174, -122.2466866 49.0797458, -122.2471149 49.0805167, -122.2480857 49.0813733, -122.2493135 49.0820443, -122.2501416 49.0823441, -122.2511267 49.0825154, -122.2524361 49.0825097, -122.2540603 49.0824895, -122.25243 49.0829567, -122.2524169 49.0841754, -122.2537291 49.085575, -122.2553352 49.086497, -122.2553471 49.0874666, -122.254776 49.0887515, -122.2534911 49.0897033, -122.2513496 49.090322, -122.2508737 49.0909406, -122.2477328 49.0917972, -122.2476853 49.0928442, -122.2448775 49.0927966, -122.2437829 49.0930822, -122.2437829 49.0954616, -122.2394999 49.0958899, -122.239024 49.099126, -122.2407848 49.0994591, -122.2406896 49.1040277, -122.2416414 49.1041704, -122.2402137 49.1050746, -122.2387861 49.1074065, -122.2348838 49.107692, -122.2323615 49.1107378, -122.2298869 49.1107853, -122.2278405 49.1115468, -122.2263653 49.1123558, -122.2253659 49.114069, -122.2275074 49.1153539, -122.2271743 49.1168768, -122.2255563 49.1181617, -122.2236051 49.118352, -122.2219395 49.1189707, -122.2212732 49.1193514, -122.2207498 49.1215405, -122.221416 49.1220164, -122.2211781 49.1254428, -122.219798 49.1255856, -122.2161786 49.1259176, -122.216175 49.1271, -122.2145574 49.1276743, -122.211595 49.1274959, -122.2099174 49.1275315, -122.2078473 49.1278171, -122.2043495 49.1281383, -122.2029218 49.1281383, -122.1996739 49.1279955, -122.196069 49.128638, -122.1926426 49.1292448, -122.1894303 49.1303869, -122.1868248 49.131886, -122.1828273 49.1339918, -122.1795079 49.1351696, -122.1743326 49.136633, -122.1720126 49.1369542, -122.1705493 49.136633, -122.1647672 49.1375253, -122.1605912 49.1383105, -122.1564153 49.1393456, -122.1534885 49.1404877, -122.1524654 49.1408803, -122.1487534 49.1408803, -122.1431379 49.1413562, -122.1386169 49.1421652, -122.1360947 49.1426887, -122.1337152 49.1424508, -122.1310978 49.1419273, -122.1298605 49.1410707, -122.1283376 49.140452, -122.1259106 49.1404044)))"
838488,Huntingdon,Neighborhood,N,Neighborhood,South,Huntingdon,,CAN,"Abbotsford, BC",49.015907,-122.26835,20220419,2202874.853,Canada,British Columbia,"Abbotsford, BC",Abbotsford,"MULTIPOLYGON (((-122.2634381 49.0024285, -122.2697576 49.0024027, -122.2697862 49.006029, -122.2707713 49.0060718, -122.271152 49.0060718, -122.271428 49.0061718, -122.2716422 49.006286, -122.2717992 49.0067285, -122.2718223 49.0072345, -122.2717992 49.0094982, -122.2754531 49.009586, -122.2754946 49.0104448, -122.2759252 49.0106404, -122.2768246 49.0118254, -122.2771244 49.0136385, -122.2766533 49.0147806, -122.2751828 49.0169079, -122.2718849 49.016965, -122.2720129 49.0239899, -122.2732985 49.0240009, -122.2733411 49.0255453, -122.272099 49.0255596, -122.2722511 49.029584, -122.2722418 49.0316117, -122.2722893 49.0334439, -122.2664835 49.0334915, -122.266381 49.033449, -122.2653449 49.030374, -122.2656041 49.024218, -122.2653751 49.009701, -122.2608124 49.0096094, -122.2607351 49.0057293, -122.2600779 49.0057127, -122.2592312 49.0056912, -122.2592321 49.0042442, -122.2569749 49.004225, -122.2569936 49.0024549, -122.2603693 49.0024411, -122.2634381 49.0024285)))"
838489,Eagle Mountain,Neighborhood,S,Sub Neighborhood,East,McMillan,Eagle Mountain,CAN,"Abbotsford, BC",49.048039,-122.242518,20220419,1146762.377,Canada,British Columbia,"Abbotsford, BC",Abbotsford,"MULTIPOLYGON (((-122.2463653 49.0425421, -122.2474957 49.0435211, -122.2503321 49.0453676, -122.2498752 49.0459006, -122.2495706 49.0463955, -122.2496848 49.0475757, -122.2497039 49.0481277, -122.2500084 49.0492508, -122.2497229 49.0499932, -122.249228 49.0514209, -122.2484312 49.0529208, -122.2370735 49.0532564, -122.2358147 49.0520504, -122.2346726 49.0514413, -122.233321 49.0510225, -122.2335875 49.0500707, -122.2336447 49.0490428, -122.2339683 49.048605, -122.2349581 49.0483575, -122.2358909 49.0482433, -122.2371472 49.0477674, -122.2374328 49.0440174, -122.238613 49.0431798, -122.2402976 49.0416569, -122.2409258 49.0414999, -122.241554 49.0414856, -122.2421964 49.041557, -122.2425676 49.0415856, -122.2433386 49.041814, -122.2444093 49.0425136, -122.2449519 49.0426706, -122.2456942 49.0426992, -122.2463653 49.0425421)))"
838490,Silverdale,Neighborhood,N,Neighborhood,Mission,Silverdale,,CAN,"Abbotsford, BC",49.163088,-122.368425,20220419,12592070.13,Canada,British Columbia,"Abbotsford, BC",Mission,"MULTIPOLYGON (((-122.34749 49.176734, -122.347202 49.176678, -122.34577 49.176076, -122.344713 49.176079, -122.343674 49.175804, -122.342824 49.175772, -122.342342 49.175886, -122.340329 49.176666, -122.339312 49.176777, -122.33827 49.176726, -122.337995 49.17677, -122.338117 49.172758, -122.338229 49.171563, -122.33826 49.169188, -122.338573 49.164233, -122.338659 49.161886, -122.33867 49.161077, -122.338639 49.158306, -122.338051 49.158104, -122.337537 49.157616, -122.337338 49.157102, -122.337863 49.156781, -122.338125 49.15672, -122.338592 49.156614, -122.339457 49.156565, -122.347386 49.156475, -122.348981 49.156179, -122.349836 49.155761, -122.349881 49.155527, -122.350366 49.155134, -122.350341 49.1549, -122.349703 49.154411, -122.349751 49.153925, -122.350137 49.152731, -122.350581 49.152284, -122.351258 49.151892, -122.352412 49.151763, -122.352923 49.151505, -122.353101 49.149383, -122.353133 49.149078, -122.353423 49.148872, -122.353767 49.148775, -122.354234 49.148778, -122.354961 49.14871, -122.355117 49.148351, -122.35514 49.146561, -122.355156 49.145306, -122.355162 49.144861, -122.355282 49.144097, -122.357593 49.141375, -122.358171 49.14119, -122.358979 49.141275, -122.359444 49.141377, -122.359647 49.142637, -122.360863 49.14402, -122.361341 49.144221, -122.362556 49.144587, -122.364091 49.145702, -122.365202 49.146797, -122.365707 49.146961, -122.366211 49.147216, -122.36751 49.147493, -122.368688 49.147634, -122.370251 49.147616, -122.371457 49.14773, -122.372317 49.147987, -122.373521 49.1482, -122.377686 49.149644, -122.378681 49.150072, -122.380049 49.150377, -122.381802 49.150575, -122.384812 49.151086, -122.386166 49.151426, -122.387371 49.151576, -122.388736 49.152069, -122.391026 49.153206, -122.392442 49.15405, -122.393134 49.154665, -122.393365 49.15481, -122.393828 49.1551, -122.395082 49.155746, -122.396447 49.156239, -122.39795 49.156816, -122.398357 49.157139, -122.398588 49.157284, -122.399022 49.157682, -122.399811 49.158081, -122.400263 49.158309, -122.401126 49.158329, -122.401194 49.158404, -122.401424 49.158657, -122.4012277 49.1638833, -122.4012632 49.1694868, -122.398317 49.169499, -122.393433 49.169491, -122.393101 49.169696, -122.393199 49.174068, -122.393195 49.176623, -122.387857 49.176658, -122.385788 49.176449, -122.385733 49.176404, -122.384645 49.176749, -122.382011 49.176708, -122.380008 49.176742, -122.370993 49.176747, -122.363015 49.176756, -122.351969 49.176779, -122.350849 49.176897, -122.350508 49.176751, -122.34749 49.176734)))"
838491,Silverhill,Neighborhood,N,Neighborhood,Mission,Silverhill,,CAN,"Abbotsford, BC",49.177599,-122.395202,20220419,7547077,Canada,British Columbia,"Abbotsford, BC",Mission,"MULTIPOLYGON (((-122.3751726 49.1883703, -122.3743517 49.1880848, -122.3715677 49.1870854, -122.3712465 49.1866928, -122.3707111 49.1860861, -122.3699259 49.1856577, -122.3687124 49.1849796, -122.3678914 49.1844799, -122.3669635 49.1835876, -122.3659284 49.1831593, -122.3648933 49.1829809, -122.3631444 49.1825525, -122.3611814 49.1821956, -122.3600035 49.1816246, -122.3586829 49.1807323, -122.3567556 49.179376, -122.3554707 49.1785907, -122.3541501 49.1785907, -122.3530079 49.1787692, -122.3518301 49.1788406, -122.3512233 49.1783409, -122.350849 49.176897, -122.351969 49.176779, -122.363015 49.176756, -122.370993 49.176747, -122.380008 49.176742, -122.382011 49.176708, -122.384645 49.176749, -122.385733 49.176404, -122.385788 49.176449, -122.387857 49.176658, -122.393195 49.176623, -122.393199 49.174068, -122.393101 49.169696, -122.393433 49.169491, -122.398317 49.169499, -122.4012632 49.1694868, -122.4012277 49.1638833, -122.401424 49.158657, -122.4039879 49.1573303, -122.4056059 49.1588055, -122.4086976 49.1614975, -122.4088501 49.1616577, -122.4089179 49.1617747, -122.40923 49.1620743, -122.4096217 49.1623908, -122.4097458 49.1625354, -122.4107239 49.1632156, -122.411077 49.1636384, -122.4113999 49.1639738, -122.4123808 49.1646457, -122.4133191 49.1652245, -122.4136593 49.1655603, -122.4139847 49.1659395, -122.4151919 49.1669258, -122.416445 49.1677514, -122.4174112 49.1684668, -122.4178883 49.1687835, -122.4189346 49.1695806, -122.4189753 49.1696426, -122.4202026 49.1703424, -122.4214981 49.1709695, -122.4216626 49.1710425, -122.4222776 49.1711802, -122.4224263 49.1712721, -122.4230427 49.1714407, -122.4230427 49.1715653, -122.4231274 49.1717314, -122.4244751 49.1722097, -122.424429 49.172251, -122.4244127 49.1722895, -122.424399 49.172322, -122.424407 49.172394, -122.424448 49.172465, -122.424439 49.172531, -122.424362 49.172564, -122.424215 49.172574, -122.424113 49.172618, -122.424053 49.172717, -122.423967 49.172865, -122.423987 49.172972, -122.4238398 49.1731864, -122.4236877 49.1732994, -122.423584 49.1736203, -122.4236462 49.173896, -122.423832 49.1741, -122.42386 49.174243, -122.423858 49.174394, -122.423957 49.17461, -122.423997 49.17476, -122.423987 49.174924, -122.423948 49.175058, -122.423904 49.175135, -122.42382 49.175154, -122.423694 49.175148, -122.423584 49.175164, -122.423529 49.175202, -122.423533 49.175241, -122.4235633 49.1752463, -122.423596 49.175252, -122.42368 49.175253, -122.423751 49.175272, -122.42378 49.175352, -122.423766 49.175413, -122.423707 49.175478, -122.423614 49.175492, -122.423543 49.175484, -122.423517 49.175519, -122.4234895 49.1755706, -122.4236116 49.1756768, -122.4236047 49.1759027, -122.4236476 49.1760743, -122.42366 49.1761242, -122.423704 49.1762201, -122.4237637 49.1763502, -122.423425 49.1764451, -122.4232107 49.176558, -122.4231346 49.1766439, -122.4230931 49.1767659, -122.4231484 49.1768654, -122.423266 49.1769512, -122.4234664 49.1769964, -122.4236257 49.1769872, -122.4238812 49.1770055, -122.424137 49.1770507, -122.4243168 49.1771456, -122.4244136 49.1772586, -122.4244481 49.1774032, -122.424296 49.1775659, -122.424086 49.177705, -122.423959 49.177784, -122.423836 49.17786, -122.423721 49.177942, -122.4234457 49.1780449, -122.4233835 49.178185, -122.42339 49.1782792, -122.4232815 49.1783421, -122.4226683 49.1787206, -122.4176252 49.1818333, -122.4170689 49.1825509, -122.4163315 49.1832487, -122.4158353 49.1835431, -122.4141245 49.1841016, -122.4139482 49.1842178, -122.4138228 49.1842612, -122.4137397 49.1842881, -122.4136854 49.1843602, -122.4131532 49.1847096, -122.409651 49.1862407, -122.4057725 49.1862645, -122.4026554 49.1859314, -122.4011325 49.1856934, -122.400833 49.184885, -122.399334 49.184058, -122.39887 49.18384, -122.398378 49.18364, -122.398064 49.183539, -122.397278 49.18385, -122.396684 49.184198, -122.39547 49.184686, -122.394479 49.184933, -122.393676 49.185513, -122.393548 49.185854, -122.393391 49.1875, -122.393275 49.187994, -122.392395 49.188133, -122.391668 49.188093, -122.391051 49.188117, -122.390299 49.188113, -122.38987 49.188111, -122.387372 49.189231, -122.386013 49.189523, -122.384722 49.189812, -122.383492 49.190065, -122.382106 49.190314, -122.380872 49.190558, -122.380403 49.190668, -122.379998 49.190712, -122.3788489 49.1909758, -122.3779209 49.1911543, -122.3770643 49.190726, -122.3764575 49.1900479, -122.3759578 49.1892983, -122.375708 49.1886916, -122.3751726 49.1883703)))"
838492,Cedar Valley,Neighborhood,N,Neighborhood,Mission,Cedar Valley,,CAN,"Abbotsford, BC",49.162623,-122.313938,20220419,5022295.882,Canada,British Columbia,"Abbotsford, BC",Mission,"MULTIPOLYGON (((-122.3332531 49.157745, -122.3326285 49.158548, -122.3311711 49.1595593, -122.3297434 49.1597972, -122.329208 49.1609572, -122.3293568 49.1620875, -122.3302491 49.1633069, -122.3299814 49.1659541, -122.3296542 49.1686012, -122.3269773 49.1708617, -122.323517 49.173897, -122.322894 49.173336, -122.317357 49.169986, -122.315927 49.169121, -122.3159366 49.1728367, -122.3119391 49.1727891, -122.3104876 49.173265, -122.3088458 49.1738361, -122.3063712 49.1738361, -122.2993993 49.1738599, -122.299342 49.169066, -122.2992804 49.158322, -122.298971 49.1584409, -122.296544 49.1583934, -122.293887 49.158122, -122.293667 49.155287, -122.293663 49.155237, -122.293608 49.15461, -122.298176 49.15455, -122.301372 49.154524, -122.301668 49.153905, -122.301794 49.153726, -122.301918 49.1532478, -122.3119117 49.1532763, -122.311926 49.1528337, -122.3160249 49.152854, -122.3218579 49.1528718, -122.3218769 49.1535, -122.3232094 49.153481, -122.3239137 49.1538046, -122.3254556 49.1538046, -122.3258363 49.1546421, -122.3338778 49.1546339, -122.334771 49.154633, -122.3343536 49.1559306, -122.3338182 49.1568824, -122.3332531 49.157745)))"
838493,Mission,Neighborhood,N,Neighborhood,Mission,Mission,,CAN,"Abbotsford, BC",49.141179,-122.321596,20220419,14388817.55,Canada,British Columbia,"Abbotsford, BC",Mission,"MULTIPOLYGON (((-122.286364 49.153857, -122.285543 49.152763, -122.285451 49.152502, -122.285453 49.152367, -122.285799 49.151296, -122.286027 49.150589, -122.286243 49.149838, -122.286489 49.148982, -122.286591 49.148551, -122.29083 49.145554, -122.292063 49.144635, -122.292327 49.144385, -122.292551 49.14409, -122.292709 49.143551, -122.292762 49.142742, -122.292761 49.142723, -122.292741 49.142292, -122.292765 49.141545, -122.291044 49.139804, -122.290181 49.139101, -122.289585 49.138611, -122.28907 49.138239, -122.288622 49.137886, -122.287578 49.137061, -122.287158 49.136734, -122.28671 49.136399, -122.2856595 49.135471, -122.2861515 49.1352294, -122.2880394 49.1344939, -122.2886619 49.1342106, -122.2887703 49.1342281, -122.2890315 49.1341404, -122.2898147 49.133974, -122.2901063 49.1338772, -122.291043 49.1334605, -122.2924216 49.1330003, -122.2937479 49.1323071, -122.2943524 49.1320588, -122.2964523 49.1310275, -122.2982461 49.1302383, -122.2990167 49.1299364, -122.2990856 49.129938, -122.299513 49.1297966, -122.2995945 49.129735, -122.2999262 49.1296187, -122.3017074 49.128605, -122.3035311 49.1276805, -122.3046046 49.1273265, -122.3059115 49.1270193, -122.3062408 49.1269036, -122.3070681 49.1265493, -122.3080085 49.126033, -122.3083274 49.1258091, -122.308423 49.1257841, -122.3084936 49.1257109, -122.3090871 49.1253823, -122.3102589 49.1248409, -122.310618 49.1246829, -122.3114164 49.124417, -122.3131619 49.1240131, -122.3139883 49.1237832, -122.3159668 49.1234094, -122.3161597 49.1233737, -122.3167085 49.1232607, -122.3178483 49.123087, -122.3193019 49.1230954, -122.3207939 49.1232036, -122.3211776 49.123259, -122.3225569 49.1236108, -122.3228014 49.1237098, -122.3241939 49.1241411, -122.3251207 49.1245695, -122.3255274 49.124824, -122.3258969 49.1249969, -122.3274432 49.1260574, -122.3280425 49.126369, -122.3283958 49.1266117, -122.3302331 49.1275866, -122.3302345 49.1276493, -122.3318404 49.1284952, -122.3328477 49.128905, -122.333272 49.1290428, -122.3335318 49.1290704, -122.3338578 49.1291728, -122.3339949 49.129191, -122.3349394 49.1293041, -122.3367211 49.129377, -122.3388283 49.1296322, -122.3390325 49.1296389, -122.3425485 49.1297542, -122.3465936 49.1309439, -122.351876 49.132086, -122.3555879 49.1327999, -122.3600137 49.1332758, -122.3601089 49.1396051, -122.3599661 49.14089, -122.359444 49.141377, -122.358979 49.141275, -122.358171 49.14119, -122.357593 49.141375, -122.355282 49.144097, -122.355162 49.144861, -122.355156 49.145306, -122.35514 49.146561, -122.355117 49.148351, -122.354961 49.14871, -122.354234 49.148778, -122.353767 49.148775, -122.353423 49.148872, -122.353133 49.149078, -122.353101 49.149383, -122.352923 49.151505, -122.352412 49.151763, -122.351258 49.151892, -122.350581 49.152284, -122.350137 49.152731, -122.349751 49.153925, -122.349703 49.154411, -122.338554 49.154603, -122.334771 49.154633, -122.3338778 49.1546339, -122.3258363 49.1546421, -122.3254556 49.1538046, -122.3239137 49.1538046, -122.3232094 49.153481, -122.3218769 49.1535, -122.3218579 49.1528718, -122.3160249 49.152854, -122.311926 49.1528337, -122.3119117 49.1532763, -122.301918 49.1532478, -122.301794 49.153726, -122.301668 49.153905, -122.301372 49.154524, -122.298176 49.15455, -122.293608 49.15461, -122.293663 49.155237, -122.293667 49.155287, -122.293887 49.158122, -122.290447 49.158184, -122.28844 49.158206, -122.285111 49.158179, -122.282791 49.158152, -122.2828884 49.1546689, -122.286397 49.154611, -122.28651 49.154208, -122.286364 49.153857)))"
838494,Hatizc,Neighborhood,N,Neighborhood,Mission,Hatizc,,CAN,"Abbotsford, BC",49.157894,-122.263333,20220419,12555912.54,Canada,British Columbia,"Abbotsford, BC",Mission,"MULTIPOLYGON (((-122.269373 49.180995, -122.26918 49.176634, -122.255429 49.176446, -122.253796 49.176457, -122.251176 49.176393, -122.243051 49.16128, -122.236246 49.157088, -122.234866 49.154787, -122.234457 49.154078, -122.233729 49.152605, -122.233926 49.151897, -122.233887 49.150914, -122.2331 49.150324, -122.232117 49.150521, -122.230819 49.151346, -122.229639 49.151858, -122.228696 49.151464, -122.226965 49.152094, -122.226603 49.151619, -122.226445 49.151305, -122.226215 49.150847, -122.22578 49.149983, -122.224911 49.147505, -122.225084 49.146489, -122.226161 49.145437, -122.227477 49.144605, -122.228739 49.144164, -122.23094 49.143969, -122.234563 49.143947, -122.2361182 49.14389, -122.2362246 49.1440398, -122.2363848 49.1441847, -122.2366867 49.1442853, -122.2371947 49.1442352, -122.2376338 49.144139, -122.2380737 49.1441333, -122.239807 49.1447105, -122.2400913 49.1448386, -122.2402493 49.145281, -122.2406306 49.1455081, -122.2408893 49.1455994, -122.2412594 49.1455665, -122.2417259 49.1456234, -122.2433781 49.1460838, -122.2444475 49.1461456, -122.2451032 49.1462385, -122.2458432 49.1462617, -122.2471648 49.1459994, -122.2474388 49.1460193, -122.248312 49.1462419, -122.2494308 49.1466264, -122.2500845 49.1469277, -122.2505316 49.1472816, -122.2508931 49.147752, -122.2513526 49.1482414, -122.2515304 49.1483588, -122.2519775 49.1485865, -122.2523174 49.1488594, -122.252754 49.1490235, -122.2535477 49.1490993, -122.2539059 49.1490939, -122.254045 49.1489688, -122.2539628 49.148806, -122.2535712 49.1485524, -122.2529844 49.14827, -122.2521114 49.1479584, -122.2516079 49.1477308, -122.2515269 49.1476308, -122.2515011 49.1475124, -122.2516145 49.1474153, -122.2519156 49.1473808, -122.2528716 49.1475395, -122.2539812 49.1476467, -122.254323 49.1477557, -122.2547152 49.1480185, -122.2549743 49.1481022, -122.2551527 49.1481026, -122.2557453 49.1479992, -122.2562664 49.1479841, -122.2565394 49.1480228, -122.2568812 49.1481319, -122.2573728 49.1482164, -122.2588713 49.1480456, -122.2598488 49.1477192, -122.2599327 49.147657, -122.2609388 49.1473313, -122.2613656 49.1470995, -122.26306 49.1465805, -122.2637516 49.146323, -122.2642488 49.1460219, -122.2643042 49.1460201, -122.2647199 49.1457359, -122.2656986 49.1453182, -122.26718 49.1443027, -122.2677893 49.1439474, -122.2681341 49.1438051, -122.2690186 49.1433618, -122.2701389 49.1426399, -122.2705408 49.1424619, -122.2712862 49.1421883, -122.2722919 49.1417364, -122.273149 49.141201, -122.275028 49.140233, -122.2756492 49.1399761, -122.2766995 49.1394422, -122.2770426 49.1393096, -122.2771541 49.1393113, -122.2780746 49.1391187, -122.2799391 49.1381586, -122.2804346 49.1379728, -122.2812934 49.1375092, -122.2822574 49.137103, -122.282698 49.1369522, -122.2839276 49.1363309, -122.2841778 49.1361705, -122.284344 49.1361169, -122.2856595 49.135471, -122.28671 49.136399, -122.287158 49.136734, -122.287578 49.137061, -122.288622 49.137886, -122.28907 49.138239, -122.289585 49.138611, -122.290181 49.139101, -122.291044 49.139804, -122.292765 49.141545, -122.292741 49.142292, -122.292761 49.142723, -122.292762 49.142742, -122.292709 49.143551, -122.292551 49.14409, -122.292327 49.144385, -122.292063 49.144635, -122.29083 49.145554, -122.286591 49.148551, -122.286489 49.148982, -122.286243 49.149838, -122.286027 49.150589, -122.285799 49.151296, -122.285453 49.152367, -122.285451 49.152502, -122.285543 49.152763, -122.286364 49.153857, -122.28651 49.154208, -122.286397 49.154611, -122.2828884 49.1546689, -122.282791 49.158152, -122.282751 49.161849, -122.282768 49.162578, -122.282802 49.164035, -122.282781 49.165484, -122.282784 49.169073, -122.282785 49.172779, -122.282814 49.174614, -122.282761 49.176332, -122.282759 49.176521, -122.282716 49.176655, -122.281861 49.176893, -122.280231 49.177666, -122.276813 49.178715, -122.276632 49.178911, -122.27633 49.178909, -122.275144 49.180233, -122.275055 49.18033, -122.274782 49.180627, -122.274532 49.180841, -122.273967 49.181018, -122.273485 49.181078, -122.269373 49.180995)))"
838495,Downtown Mission,Neighborhood,S,Sub Neighborhood,Mission,Mission,Downtown Mission,CAN,"Abbotsford, BC",49.134771,-122.304518,20220419,136045.83,Canada,British Columbia,"Abbotsford, BC",Mission,"MULTIPOLYGON (((-122.2999245 49.1338398, -122.301809 49.1338398, -122.3045073 49.1339826, -122.30939 49.134054, -122.3111175 49.1337685, -122.3114316 49.1337542, -122.3114173 49.1344395, -122.3095185 49.1344823, -122.3094757 49.1353674, -122.3023373 49.1353532, -122.3022659 49.1362954, -122.2998959 49.1362241, -122.2999245 49.1338398)))"
