88933,Oakalla,Neighborhood,N,Neighborhood,Central Burnaby,Oakalla,,CAN,"Vancouver, BC",49.249387,-122.900873,20220419,1136867.518,Canada,British Columbia,"Vancouver, BC",Burnaby,"MULTIPOLYGON (((-122.893034 49.25338, -122.8929 49.251845, -122.892637 49.242256, -122.895383 49.24368, -122.897926 49.244867, -122.900265 49.245579, -122.90396 49.246155, -122.906333 49.246155, -122.907316 49.247308, -122.909113 49.249003, -122.911249 49.250121, -122.912664 49.250435, -122.912504 49.252484, -122.912466 49.253182, -122.908071 49.25274, -122.906478 49.253452, -122.902832 49.253443, -122.897765 49.253418, -122.893034 49.25338)))"
88943,Cascade-Schou,Neighborhood,N,Neighborhood,Central Burnaby,Cascade-Schou,,CAN,"Vancouver, BC",49.233284,-122.959603,20220419,2132226.918,Canada,British Columbia,"Vancouver, BC",Burnaby,"MULTIPOLYGON (((-122.9577401 49.2407099, -122.9533001 49.239425, -122.947938 49.237845, -122.953762 49.234926, -122.947353 49.229429, -122.961008 49.221833, -122.960986 49.227211, -122.966588 49.231394, -122.972106 49.231582, -122.972236 49.235981, -122.968666 49.237792, -122.966533 49.238873, -122.966582 49.240617, -122.965833 49.240112, -122.964676 49.239786, -122.9646586 49.2422224, -122.9622659 49.2416522, -122.9609895 49.2414882, -122.9577401 49.2407099)))"
88974,Garden Village,Neighborhood,N,Neighborhood,Central Burnaby,Garden Village,,CAN,"Vancouver, BC",49.257777,-122.901845,20220419,1341535.503,Canada,British Columbia,"Vancouver, BC",Burnaby,"MULTIPOLYGON (((-122.8984903 49.2631354, -122.893382 49.2629126, -122.8932137 49.2629174, -122.8930861 49.2593371, -122.8930052 49.2590469, -122.893067 49.258847, -122.8931099 49.2585948, -122.8931337 49.2582236, -122.8931248 49.2577931, -122.893034 49.25338, -122.897765 49.253418, -122.902832 49.253443, -122.906478 49.253452, -122.908071 49.25274, -122.912466 49.253182, -122.912212 49.256555, -122.911568 49.25842, -122.9088571 49.2599671, -122.907799 49.260571, -122.9001501 49.264284, -122.8998418 49.2637636, -122.8991375 49.2633829, -122.8984903 49.2631354)))"
88984,Kingsway-Beresford,Neighborhood,N,Neighborhood,Central Burnaby,Kingsway-Beresford,,CAN,"Vancouver, BC",49.219724,-122.938459,20220419,1159031.33,Canada,British Columbia,"Vancouver, BC",Burnaby,"MULTIPOLYGON (((-122.927623 49.218947, -122.937868 49.213477, -122.939261 49.214489, -122.942185 49.21622, -122.943861 49.216955, -122.946096 49.217621, -122.949262 49.218227, -122.95184 49.218469, -122.941112 49.224076, -122.936925 49.226284, -122.927623 49.218947)))"
88997,Marlborough,Neighborhood,N,Neighborhood,Central Burnaby,Marlborough,,CAN,"Vancouver, BC",49.234647,-122.980342,20220419,1329789.582,Canada,British Columbia,"Vancouver, BC",Burnaby,"MULTIPOLYGON (((-122.983224 49.240058, -122.981801 49.23982, -122.979667 49.23987, -122.97838 49.239919, -122.977654 49.240058, -122.975251 49.238268, -122.974436 49.238008, -122.97235 49.237975, -122.97033 49.237845, -122.969092 49.237845, -122.968666 49.237792, -122.972236 49.235981, -122.972106 49.231582, -122.972091 49.229413, -122.976082 49.229478, -122.977255 49.229078, -122.978551 49.228785, -122.979618 49.228875, -122.9802818 49.2290076, -122.9803123 49.2291632, -122.9804313 49.2293345, -122.9805931 49.2294916, -122.9805574 49.230943, -122.9832343 49.2309502, -122.983247 49.229615, -122.985214 49.229611, -122.98739 49.229699, -122.988416 49.229928, -122.988855 49.230146, -122.988219 49.233264, -122.9881178 49.2341531, -122.988007 49.235127, -122.988249 49.236346, -122.988718 49.23759, -122.989112 49.238772, -122.989036 49.239963, -122.986403 49.239979, -122.985298 49.240078, -122.983224 49.240058)))"
89035,Lakeview-Mayfield,Neighborhood,N,Neighborhood,Central Burnaby,Lakeview-Mayfield,,CAN,"Vancouver, BC",49.215162,-123.018187,20220419,1238719.233,Canada,British Columbia,"Vancouver, BC",Burnaby,"MULTIPOLYGON (((-123.012592 49.221948, -123.012418 49.215908, -123.012374 49.209235, -123.013449 49.209223, -123.015002 49.208691, -123.016618 49.208425, -123.018677 49.208206, -123.020257 49.208123, -123.022162 49.208153, -123.023583 49.208155, -123.023659 49.208612, -123.023751 49.209151, -123.023769 49.209248, -123.023796 49.209334, -123.023899 49.209631, -123.02405 49.21009, -123.024077 49.210177, -123.024089 49.210235, -123.024099 49.210312, -123.024105 49.210414, -123.024099 49.210509, -123.024087 49.210628, -123.02407 49.210728, -123.024049 49.210816, -123.023932 49.211233, -123.02378 49.211809, -123.023757 49.211958, -123.02374 49.212064, -123.023725 49.212157, -123.023715 49.212274, -123.023706 49.212432, -123.023704 49.212708, -123.023714 49.213431, -123.023719 49.214353, -123.023714 49.215057, -123.023715 49.215897, -123.023718 49.216824, -123.023726 49.217712, -123.023725 49.218738, -123.023727 49.21988, -123.023728 49.221061, -123.023722 49.221422, -123.023714 49.22156, -123.023704 49.221693, -123.023696 49.221817, -123.023672 49.221969, -123.012592 49.221948)))"
89039,Windsor,Neighborhood,N,Neighborhood,Central Burnaby,Windsor,,CAN,"Vancouver, BC",49.223782,-122.979965,20220419,1582451.441,Canada,British Columbia,"Vancouver, BC",Burnaby,"MULTIPOLYGON (((-122.9805574 49.230943, -122.9805931 49.2294916, -122.9804313 49.2293345, -122.9803123 49.2291632, -122.9802818 49.2290076, -122.979618 49.228875, -122.978551 49.228785, -122.977255 49.229078, -122.976082 49.229478, -122.972091 49.229413, -122.97199 49.215059, -122.972236 49.215136, -122.973507 49.215646, -122.976147 49.216916, -122.979129 49.218122, -122.988645 49.220045, -122.988759 49.222009, -122.98902 49.222611, -122.988938 49.225154, -122.988855 49.230146, -122.988416 49.229928, -122.98739 49.229699, -122.985214 49.229611, -122.983247 49.229615, -122.9832343 49.2309502, -122.9805574 49.230943)))"
89073,Richmond Park,Neighborhood,N,Neighborhood,Central Burnaby,Richmond Park,,CAN,"Vancouver, BC",49.250578,-123.014089,20220419,2418831.081,Canada,British Columbia,"Vancouver, BC",Burnaby,"MULTIPOLYGON (((-123.003382 49.243015, -123.023649 49.243005, -123.023651 49.243816, -123.023651 49.244137, -123.023675 49.244879, -123.02369 49.245356, -123.023704 49.246206, -123.023672 49.247596, -123.023672 49.249098, -123.023672 49.250585, -123.023677 49.251559, -123.023655 49.25296, -123.0236523 49.2533255, -123.023646 49.254186, -123.02366 49.255402, -123.023663 49.256667, -123.023651 49.258171, -123.023722 49.261022, -123.0220468 49.2599058, -123.020974 49.259191, -123.019031 49.258176, -123.016247 49.257886, -123.0120058 49.2578371, -123.004285 49.257748, -123.004329 49.254869, -123.004426 49.248095, -123.003365 49.24687, -123.003383 49.24337, -123.003382 49.243015)))"
89079,Maywood,Neighborhood,N,Neighborhood,Central Burnaby,Maywood,,CAN,"Vancouver, BC",49.244166,-122.938622,20220419,4291737.981,Canada,British Columbia,"Vancouver, BC",Burnaby,"MULTIPOLYGON (((-122.945886 49.245175, -122.939682 49.244938, -122.936021 49.245311, -122.932631 49.246124, -122.924766 49.24826, -122.918286 49.250071, -122.914766 49.250871, -122.912664 49.250435, -122.911249 49.250121, -122.909113 49.249003, -122.907316 49.247308, -122.906333 49.246155, -122.911138 49.244802, -122.9146879 49.2428253, -122.917104 49.24148, -122.918877 49.2403906, -122.922732 49.238022, -122.929241 49.236463, -122.9312953 49.2364904, -122.932988 49.236513, -122.937174 49.236666, -122.946156 49.237369, -122.947938 49.237845, -122.9533001 49.239425, -122.9577401 49.2407099, -122.9609895 49.2414882, -122.9622659 49.2416522, -122.9646586 49.2422224, -122.964657 49.242441, -122.964611 49.258471, -122.963549 49.257346, -122.96026 49.254566, -122.955751 49.250633, -122.951819 49.247175, -122.948904 49.245853, -122.945886 49.245175)))"
88959,Capitol Hill,Neighborhood,N,Neighborhood,North Burnaby,Capitol Hill,,CAN,"Vancouver, BC",49.212521,-122.951368,20220419,1638874.766,Canada,British Columbia,"Vancouver, BC",Burnaby,"MULTIPOLYGON (((-122.937868 49.213477, -122.9397607 49.2124482, -122.939842 49.212404, -122.9479896 49.2079613, -122.94903 49.207394, -122.952052 49.205803, -122.952484 49.205652, -122.9525654 49.205616, -122.953295 49.205293, -122.9534466 49.205134, -122.953605 49.204968, -122.953783 49.204867, -122.958525 49.202235, -122.958826 49.202842, -122.958842 49.203799, -122.958639 49.204553, -122.957384 49.206345, -122.956504 49.207584, -122.95652 49.208496, -122.957824 49.210191, -122.958948 49.21182, -122.960203 49.213466, -122.960806 49.214216, -122.961482 49.214651, -122.96026 49.215087, -122.960944 49.215939, -122.960977 49.21846, -122.95184 49.218469, -122.949262 49.218227, -122.946096 49.217621, -122.943861 49.216955, -122.942185 49.21622, -122.939261 49.214489, -122.937868 49.213477)))"
88991,Douglas-Gilpin,Neighborhood,N,Neighborhood,North Burnaby,Douglas-Gilpin,,CAN,"Vancouver, BC",49.286838,-122.988348,20220419,2826904.262,Canada,British Columbia,"Vancouver, BC",Burnaby,"MULTIPOLYGON (((-122.9761659 49.2906238, -122.975652 49.290387, -122.97424 49.289984, -122.973923 49.280454, -122.987851 49.280541, -122.990297 49.280556, -122.990802 49.280316, -122.991948 49.280247, -122.992671 49.280387, -122.993858 49.280951, -122.994488 49.28113, -122.994913 49.28118, -123.003121 49.281171, -123.00297 49.290911, -123.001214 49.290489, -122.997824 49.291608, -122.9972503 49.2918745, -122.992569 49.294049, -122.989213 49.295167, -122.987077 49.295269, -122.983382 49.293913, -122.978669 49.291777, -122.9761659 49.2906238)))"
89001,Ardingley-Sprott,Neighborhood,N,Neighborhood,North Burnaby,Ardingley-Sprott,,CAN,"Vancouver, BC",49.251629,-122.94087,20220419,2994662.879,Canada,British Columbia,"Vancouver, BC",Burnaby,"MULTIPOLYGON (((-122.941705 49.254825, -122.940089 49.254549, -122.938036 49.254428, -122.934633 49.254313, -122.926226 49.254347, -122.920124 49.253602, -122.912504 49.252484, -122.912664 49.250435, -122.914766 49.250871, -122.918286 49.250071, -122.924766 49.24826, -122.932631 49.246124, -122.936021 49.245311, -122.939682 49.244938, -122.945886 49.245175, -122.948904 49.245853, -122.951819 49.247175, -122.955751 49.250633, -122.96026 49.254566, -122.963549 49.257346, -122.964611 49.258471, -122.964615 49.25963, -122.958789 49.25879, -122.95527 49.258684, -122.952793 49.25835, -122.948736 49.257112, -122.941705 49.254825)))"
89029,Brentwood,Neighborhood,N,Neighborhood,North Burnaby,Brentwood,,CAN,"Vancouver, BC",49.23649,-122.910798,20220419,3558620.088,Canada,British Columbia,"Vancouver, BC",Burnaby,"MULTIPOLYGON (((-122.892637 49.242256, -122.892509 49.238002, -122.894148 49.238014, -122.8944353 49.2380154, -122.895549 49.238021, -122.8955619 49.2373834, -122.895578 49.236592, -122.895578 49.23572, -122.897042 49.235344, -122.8971511 49.2352949, -122.897414 49.2351765, -122.898408 49.234729, -122.899017 49.234368, -122.9154321 49.2255284, -122.916861 49.224759, -122.9169649 49.2246918, -122.9183974 49.2258497, -122.923644 49.2300908, -122.926648 49.232519, -122.927591 49.231997, -122.930649 49.234526, -122.932988 49.236513, -122.9312953 49.2364904, -122.929241 49.236463, -122.922732 49.238022, -122.918877 49.2403906, -122.917104 49.24148, -122.9146879 49.2428253, -122.911138 49.244802, -122.906333 49.246155, -122.90396 49.246155, -122.900265 49.245579, -122.897926 49.244867, -122.895383 49.24368, -122.892637 49.242256)))"
89032,West Central Valley,Neighborhood,N,Neighborhood,North Burnaby,West Central Valley,,CAN,"Vancouver, BC",49.225742,-122.92711,20220419,1131784.272,Canada,British Columbia,"Vancouver, BC",Burnaby,"MULTIPOLYGON (((-122.917965 49.2241267, -122.927623 49.218947, -122.936925 49.226284, -122.933931 49.227908, -122.934759 49.228653, -122.927591 49.231997, -122.926648 49.232519, -122.923644 49.2300908, -122.9183974 49.2258497, -122.9169649 49.2246918, -122.917226 49.224523, -122.917965 49.2241267)))"
89033,Burnaby Heights,Neighborhood,N,Neighborhood,North Burnaby,Burnaby Heights,,CAN,"Vancouver, BC",49.237803,-123.013389,20220419,1703069.614,Canada,British Columbia,"Vancouver, BC",Burnaby,"MULTIPOLYGON (((-123.023649 49.243005, -123.003382 49.243015, -123.003328 49.231553, -123.00555 49.232069, -123.008819 49.232922, -123.015478 49.232879, -123.023473 49.232318, -123.023491 49.233355, -123.023508 49.234298, -123.023501 49.23532, -123.023512 49.236377, -123.023508 49.237413, -123.023501 49.238424, -123.023508 49.239266, -123.023514 49.239446, -123.023519 49.239529, -123.023542 49.239702, -123.023584 49.239964, -123.023621 49.24017, -123.023641 49.240289, -123.023644 49.240357, -123.023655 49.240601, -123.02365 49.241038, -123.023652 49.242031, -123.023649 49.243005)))"
89066,Willingdon Heights,Neighborhood,N,Neighborhood,North Burnaby,Willingdon Heights,,CAN,"Vancouver, BC",49.212378,-122.981044,20220419,1523243.398,Canada,British Columbia,"Vancouver, BC",Burnaby,"MULTIPOLYGON (((-122.97199 49.215059, -122.971989 49.214846, -122.97187 49.211446, -122.972847 49.209376, -122.973434 49.208301, -122.974713 49.206863, -122.975329 49.206531, -122.978143 49.205498, -122.980821 49.206284, -122.983072 49.206276, -122.98415 49.206243, -122.985696 49.206439, -122.987151 49.206697, -122.988498 49.206814, -122.988515 49.215059, -122.988645 49.220045, -122.979129 49.218122, -122.976147 49.216916, -122.973507 49.215646, -122.972236 49.215136, -122.97199 49.215059)))"
89077,Parkcrest-Aubrey,Neighborhood,N,Neighborhood,North Burnaby,Parkcrest-Aubrey,,CAN,"Vancouver, BC",49.283512,-122.954173,20220419,2791844.069,Canada,British Columbia,"Vancouver, BC",Burnaby,"MULTIPOLYGON (((-122.946466 49.290423, -122.946432 49.28822, -122.941787 49.285881, -122.93592 49.283438, -122.9369 49.27448, -122.942262 49.275439, -122.945889 49.277371, -122.950635 49.280287, -122.960647 49.280417, -122.970082 49.280444, -122.973923 49.280454, -122.97424 49.289984, -122.9728365 49.2904263, -122.972739 49.290457, -122.9725888 49.2904116, -122.970163 49.289678, -122.968908 49.288118, -122.96345 49.287169, -122.960738 49.28744, -122.956806 49.288525, -122.9549126 49.289363, -122.952669 49.290356, -122.949246 49.290423, -122.946466 49.290423)))"
1280383,Dawson-Delta,Neighborhood,N,Neighborhood,North Burnaby,Dawson-Delta,,CAN,"Vancouver, BC",49.261623,-122.994912,20220419,1163132.395,Canada,British Columbia,"Vancouver, BC",Burnaby,"MULTIPOLYGON (((-122.987134 49.265088, -122.987801 49.263992, -122.988267 49.263509, -122.986338 49.262468, -122.983508 49.259471, -122.98296 49.257615, -122.984547 49.25788, -122.985712 49.257935, -122.9892 49.257951, -122.9956688 49.2578639, -123.004285 49.257748, -123.0041824 49.2596007, -123.0041586 49.2598922, -123.0040813 49.2601182, -123.0033972 49.2612604, -123.0033198 49.2617839, -123.003299 49.26668, -122.998365 49.266459, -122.995497 49.266035, -122.992205 49.265123, -122.987134 49.265088)))"
88908,Cameron,Neighborhood,N,Neighborhood,North East Burnaby,Cameron,,CAN,"Vancouver, BC",49.222675,-122.966765,20220419,1394616.345,Canada,British Columbia,"Vancouver, BC",Burnaby,"MULTIPOLYGON (((-122.961008 49.221833, -122.960977 49.21846, -122.960944 49.215939, -122.96026 49.215087, -122.961482 49.214651, -122.962965 49.214961, -122.965385 49.214912, -122.968603 49.21481, -122.971989 49.214846, -122.97199 49.215059, -122.972091 49.229413, -122.972106 49.231582, -122.966588 49.231394, -122.960986 49.227211, -122.961008 49.221833)))"
88915,Lyndhurst,Neighborhood,N,Neighborhood,North East Burnaby,Lyndhurst,,CAN,"Vancouver, BC",49.248108,-122.986789,20220419,4538579.472,Canada,British Columbia,"Vancouver, BC",Burnaby,"MULTIPOLYGON (((-122.9646586 49.2422224, -122.964676 49.239786, -122.965833 49.240112, -122.966582 49.240617, -122.966533 49.238873, -122.968666 49.237792, -122.969092 49.237845, -122.97033 49.237845, -122.97235 49.237975, -122.974436 49.238008, -122.975251 49.238268, -122.977654 49.240058, -122.97838 49.239919, -122.979667 49.23987, -122.981801 49.23982, -122.983224 49.240058, -122.985298 49.240078, -122.986403 49.239979, -122.989036 49.239963, -122.990232 49.239949, -122.991337 49.240167, -122.991973 49.240603, -122.992805 49.241029, -122.993728 49.241297, -122.994954 49.241465, -122.9950633 49.241478, -122.995787 49.241564, -122.99721 49.241673, -122.9980725 49.2416867, -122.998466 49.241693, -122.999463 49.241922, -123.000434 49.242238, -123.001402 49.242704, -123.002235 49.242952, -123.003383 49.24337, -123.003365 49.24687, -123.004426 49.248095, -123.004329 49.254869, -123.004285 49.257748, -122.9956688 49.2578639, -122.9892 49.257951, -122.985712 49.257935, -122.984547 49.25788, -122.98296 49.257615, -122.980929 49.257065, -122.976888 49.253871, -122.971348 49.247777, -122.967535 49.243704, -122.9661349 49.2428514, -122.9646586 49.2422224)))"
88945,Burnaby Lake,Neighborhood,N,Neighborhood,North East Burnaby,Burnaby Lake,,CAN,"Vancouver, BC",49.197209,-122.986944,20220419,9377662.179,Canada,British Columbia,"Vancouver, BC",Burnaby,"MULTIPOLYGON (((-122.988498 49.206814, -122.987151 49.206697, -122.985696 49.206439, -122.98415 49.206243, -122.983072 49.206276, -122.980821 49.206284, -122.978143 49.205498, -122.975976 49.204993, -122.972712 49.205397, -122.970664 49.205824, -122.963087 49.205677, -122.960871 49.205351, -122.958639 49.204553, -122.958842 49.203799, -122.958826 49.202842, -122.958525 49.202235, -122.959973 49.201439, -122.960627 49.201207, -122.960386 49.201002, -122.959093 49.199758, -122.958765 49.1995656, -122.957809 49.199005, -122.956838 49.198467, -122.955848 49.198187, -122.954752 49.19731, -122.955563 49.196732, -122.954948 49.196709, -122.954529 49.195812, -122.953896 49.194708, -122.958763 49.192568, -122.961983 49.190335, -122.965898 49.187435, -122.9689084 49.1847825, -122.970045 49.183781, -122.972046 49.182098, -122.9737934 49.1815442, -122.974425 49.181344, -122.979616 49.181025, -122.983068 49.181721, -122.991072 49.185492, -122.994988 49.187841, -123.00044 49.192684, -123.003341 49.19457, -123.008851 49.196368, -123.012215 49.197354, -123.024678 49.199888, -123.023811 49.201493, -123.023699 49.20148, -123.02367 49.201475, -123.023637 49.201465, -123.02361 49.201459, -123.023577 49.201456, -123.023521 49.201456, -123.023397 49.201454, -123.023386 49.201766, -123.023373 49.202165, -123.023367 49.202225, -123.023358 49.202287, -123.023344 49.202321, -123.023313 49.202371, -123.023287 49.202408, -123.02326 49.202438, -123.023225 49.202475, -123.0232 49.202496, -123.023165 49.202518, -123.022963 49.202615, -123.023081 49.202765, -123.023156 49.202868, -123.023206 49.202938, -123.023231 49.202984, -123.023259 49.203043, -123.023284 49.203114, -123.023305 49.203203, -123.023319 49.203295, -123.023332 49.203402, -123.023335 49.203518, -123.023337 49.20382, -123.023363 49.204295, -123.023372 49.204389, -123.023409 49.204643, -123.023427 49.204773, -123.023434 49.204843, -123.023446 49.205003, -123.023449 49.205241, -123.02344 49.205961, -123.02342 49.206466, -123.023426 49.206975, -123.023439 49.207167, -123.023467 49.207422, -123.023543 49.207917, -123.023583 49.208155, -123.022162 49.208153, -123.020257 49.208123, -123.018677 49.208206, -123.016618 49.208425, -123.015002 49.208691, -123.013449 49.209223, -123.012374 49.209235, -123.005012 49.209249, -123.003731 49.208913, -123.001206 49.208217, -122.998351 49.207746, -122.995923 49.207514, -122.991188 49.206823, -122.988498 49.206814)))"
88965,Government Road,Neighborhood,N,Neighborhood,North East Burnaby,Government Road,,CAN,"Vancouver, BC",49.232482,-122.995436,20220419,2059608.693,Canada,British Columbia,"Vancouver, BC",Burnaby,"MULTIPOLYGON (((-122.9980725 49.2416867, -122.99721 49.241673, -122.995787 49.241564, -122.9950633 49.241478, -122.994954 49.241465, -122.993728 49.241297, -122.992805 49.241029, -122.991973 49.240603, -122.991337 49.240167, -122.990232 49.239949, -122.989036 49.239963, -122.989112 49.238772, -122.988718 49.23759, -122.988249 49.236346, -122.988007 49.235127, -122.9881178 49.2341531, -122.988219 49.233264, -122.988855 49.230146, -122.988938 49.225154, -122.98902 49.222611, -122.988759 49.222009, -122.988645 49.220045, -122.994095 49.221291, -122.995409 49.221802, -122.995893 49.22197, -122.998557 49.223309, -122.996884 49.225036, -122.9983 49.225628, -122.998194 49.225995, -122.997747 49.226065, -122.997263 49.226412, -122.996286 49.227319, -123.001731 49.229242, -123.004823 49.230226, -123.003328 49.231553, -123.003382 49.243015, -123.003383 49.24337, -123.002235 49.242952, -123.001402 49.242704, -123.000434 49.242238, -122.999463 49.241922, -122.998466 49.241693, -122.9980725 49.2416867)))"
88971,Cariboo-Armstrong,Neighborhood,N,Neighborhood,North East Burnaby,Cariboo-Armstrong,,CAN,"Vancouver, BC",49.256079,-122.973284,20220419,1987809.438,Canada,British Columbia,"Vancouver, BC",Burnaby,"MULTIPOLYGON (((-122.964657 49.242441, -122.9646586 49.2422224, -122.9661349 49.2428514, -122.967535 49.243704, -122.971348 49.247777, -122.976888 49.253871, -122.980929 49.257065, -122.98296 49.257615, -122.983508 49.259471, -122.986338 49.262468, -122.988267 49.263509, -122.987801 49.263992, -122.987134 49.265088, -122.982261 49.265031, -122.978347 49.264402, -122.969026 49.261013, -122.96782 49.260687, -122.964615 49.25963, -122.964611 49.258471, -122.964657 49.242441)))"
88982,Westridge,Neighborhood,N,Neighborhood,North East Burnaby,Westridge,,CAN,"Vancouver, BC",49.209658,-122.965731,20220419,1132099.836,Canada,British Columbia,"Vancouver, BC",Burnaby,"MULTIPOLYGON (((-122.962965 49.214961, -122.961482 49.214651, -122.960806 49.214216, -122.960203 49.213466, -122.958948 49.21182, -122.957824 49.210191, -122.95652 49.208496, -122.956504 49.207584, -122.957384 49.206345, -122.958639 49.204553, -122.960871 49.205351, -122.963087 49.205677, -122.970664 49.205824, -122.972712 49.205397, -122.975976 49.204993, -122.978143 49.205498, -122.975329 49.206531, -122.974713 49.206863, -122.973434 49.208301, -122.972847 49.209376, -122.97187 49.211446, -122.971989 49.214846, -122.968603 49.21481, -122.965385 49.214912, -122.962965 49.214961)))"
89038,Lake City,Neighborhood,N,Neighborhood,North East Burnaby,Lake City,,CAN,"Vancouver, BC",49.214882,-123.00025,20220419,2608311.396,Canada,British Columbia,"Vancouver, BC",Burnaby,"MULTIPOLYGON (((-122.988515 49.215059, -122.988498 49.206814, -122.991188 49.206823, -122.995923 49.207514, -122.998351 49.207746, -123.001206 49.208217, -123.003731 49.208913, -123.005012 49.209249, -123.012374 49.209235, -123.012418 49.215908, -123.012592 49.221948, -122.999563 49.22196, -122.996869 49.22196, -122.995893 49.22197, -122.995409 49.221802, -122.994095 49.221291, -122.988645 49.220045, -122.988515 49.215059)))"
89045,Sperling-Broadway,Neighborhood,N,Neighborhood,North East Burnaby,Sperling-Broadway,,CAN,"Vancouver, BC",49.273319,-122.995421,20220419,1870065.674,Canada,British Columbia,"Vancouver, BC",Burnaby,"MULTIPOLYGON (((-122.992671 49.280387, -122.991948 49.280247, -122.990802 49.280316, -122.990297 49.280556, -122.987851 49.280541, -122.98807 49.268054, -122.986722 49.266031, -122.987134 49.265088, -122.992205 49.265123, -122.995497 49.266035, -122.998365 49.266459, -123.003299 49.26668, -123.003121 49.281171, -122.994913 49.28118, -122.994488 49.28113, -122.993858 49.280951, -122.992671 49.280387)))"
89076,Burnaby Mountain,Neighborhood,N,Neighborhood,North East Burnaby,Burnaby Mountain,,CAN,"Vancouver, BC",49.264739,-123.015085,20220419,1899270.431,Canada,British Columbia,"Vancouver, BC",Burnaby,"MULTIPOLYGON (((-123.008836 49.266393, -123.003299 49.26668, -123.0033198 49.2617839, -123.0033972 49.2612604, -123.0040813 49.2601182, -123.0041586 49.2598922, -123.0041824 49.2596007, -123.004285 49.257748, -123.0120058 49.2578371, -123.016247 49.257886, -123.019031 49.258176, -123.020974 49.259191, -123.0220468 49.2599058, -123.023722 49.261022, -123.0237489 49.2639432, -123.023757 49.264816, -123.023744 49.265547, -123.0237256 49.2655525, -123.023538 49.265609, -123.023588 49.273908, -123.023539 49.276526, -123.018628 49.274162, -123.017943 49.27373, -123.016318 49.272121, -123.014159 49.270358, -123.014268 49.266301, -123.008836 49.266393)))"
89087,Lochdale,Neighborhood,N,Neighborhood,North East Burnaby,Lochdale,,CAN,"Vancouver, BC",49.286889,-123.013667,20220419,1863999.71,Canada,British Columbia,"Vancouver, BC",Burnaby,"MULTIPOLYGON (((-123.00297 49.290911, -123.003121 49.281171, -123.023489 49.281228, -123.0234901 49.2817771, -123.0234016 49.2878713, -123.023381 49.288836, -123.023356 49.290223, -123.023334 49.291301, -123.023321 49.293421, -123.019378 49.293453, -123.013242 49.292843, -123.0129462 49.2928056, -123.010293 49.29247, -123.005818 49.290945, -123.00297 49.290911)))"
88940,Suncrest,Neighborhood,N,Neighborhood,South Burnaby,Suncrest,,CAN,"Vancouver, BC",49.232091,-122.940736,20220419,1584955.662,Canada,British Columbia,"Vancouver, BC",Burnaby,"MULTIPOLYGON (((-122.932988 49.236513, -122.930649 49.234526, -122.927591 49.231997, -122.934759 49.228653, -122.933931 49.227908, -122.936925 49.226284, -122.941112 49.224076, -122.947353 49.229429, -122.953762 49.234926, -122.947938 49.237845, -122.946156 49.237369, -122.937174 49.236666, -122.932988 49.236513)))"
88958,Stride Avenue,Neighborhood,N,Neighborhood,South Burnaby,Stride Avenue,,CAN,"Vancouver, BC",49.262717,-122.922582,20220419,4355792.198,Canada,British Columbia,"Vancouver, BC",Burnaby,"MULTIPOLYGON (((-122.934005 49.273827, -122.927903 49.273623, -122.925772 49.273638, -122.924665 49.272861, -122.922394 49.270284, -122.9162468 49.2675027, -122.913478 49.26625, -122.911139 49.265538, -122.908694 49.265551, -122.903511 49.267538, -122.90137 49.267754, -122.899714 49.267233, -122.899138 49.266352, -122.893341 49.266487, -122.8932137 49.2629174, -122.893382 49.2629126, -122.8984903 49.2631354, -122.8991375 49.2633829, -122.8998418 49.2637636, -122.9001501 49.264284, -122.907799 49.260571, -122.9088571 49.2599671, -122.911568 49.25842, -122.912212 49.256555, -122.912466 49.253182, -122.912504 49.252484, -122.920124 49.253602, -122.926226 49.254347, -122.934633 49.254313, -122.938036 49.254428, -122.940089 49.254549, -122.941705 49.254825, -122.940733 49.257769, -122.939208 49.259922, -122.938903 49.260888, -122.937273 49.260886, -122.936595 49.261429, -122.936409 49.261971, -122.936527 49.262666, -122.936582 49.262944, -122.937053 49.263564, -122.937002 49.266378, -122.936988 49.267514, -122.9369 49.27448, -122.934005 49.273827)))"
88973,Second Street,Neighborhood,N,Neighborhood,South Burnaby,Second Street,,CAN,"Vancouver, BC",49.263881,-122.951841,20220419,2896207.131,Canada,British Columbia,"Vancouver, BC",Burnaby,"MULTIPOLYGON (((-122.938477 49.268843, -122.937417 49.267923, -122.936988 49.267514, -122.937002 49.266378, -122.937053 49.263564, -122.936582 49.262944, -122.936527 49.262666, -122.936409 49.261971, -122.936595 49.261429, -122.937273 49.260886, -122.938903 49.260888, -122.939208 49.259922, -122.940733 49.257769, -122.941705 49.254825, -122.948736 49.257112, -122.952793 49.25835, -122.95527 49.258684, -122.958789 49.25879, -122.964615 49.25963, -122.96782 49.260687, -122.967625 49.260947, -122.96821 49.261782, -122.968491 49.261864, -122.970138 49.262787, -122.970122 49.26807, -122.953498 49.267975, -122.9534399 49.2725799, -122.9521781 49.2725532, -122.9515445 49.2724758, -122.950455 49.272168, -122.949167 49.271687, -122.947057 49.270761, -122.9464297 49.2705562, -122.945249 49.27033, -122.942495 49.270109, -122.940344 49.269913, -122.938477 49.268843)))"
88976,Clinton-Glenwood,Neighborhood,N,Neighborhood,South Burnaby,Clinton-Glenwood,,CAN,"Vancouver, BC",49.274869,-123.011542,20220419,1863965.861,Canada,British Columbia,"Vancouver, BC",Burnaby,"MULTIPOLYGON (((-123.003121 49.281171, -123.003299 49.26668, -123.008836 49.266393, -123.014268 49.266301, -123.014159 49.270358, -123.016318 49.272121, -123.017943 49.27373, -123.018628 49.274162, -123.023539 49.276526, -123.023489 49.281117, -123.023489 49.281228, -123.003121 49.281171)))"
88996,Big Bend,Neighborhood,N,Neighborhood,South Burnaby,Big Bend,,CAN,"Vancouver, BC",49.223061,-122.95142,20220419,967382.21,Canada,British Columbia,"Vancouver, BC",Burnaby,"MULTIPOLYGON (((-122.95184 49.218469, -122.960977 49.21846, -122.961008 49.221833, -122.947353 49.229429, -122.941112 49.224076, -122.95184 49.218469)))"
89004,Stride Hill,Neighborhood,N,Neighborhood,South Burnaby,Stride Hill,,CAN,"Vancouver, BC",49.27976,-122.915973,20220419,7549759.163,Canada,British Columbia,"Vancouver, BC",Burnaby,"MULTIPOLYGON (((-122.899322 49.288568, -122.898954 49.286956, -122.898718 49.2860293, -122.898667 49.285829, -122.89779 49.2859742, -122.896825 49.286134, -122.896368 49.286171, -122.896083 49.286231, -122.895877 49.286326, -122.895811 49.286387, -122.895699 49.286489, -122.894607 49.28687, -122.894587 49.286837, -122.894598 49.286771, -122.894711 49.286606, -122.894813 49.286354, -122.89484 49.286277, -122.894842 49.286227, -122.894842 49.286181, -122.894816 49.286108, -122.894805 49.286045, -122.894772 49.285974, -122.894733 49.285924, -122.894701 49.285881, -122.894674 49.285849, -122.894628 49.285819, -122.894567 49.285783, -122.894468 49.285737, -122.894355 49.28569, -122.894284 49.285659, -122.894221 49.28563, -122.894171 49.285604, -122.894146 49.28557, -122.894145 49.285495, -122.894124 49.285097, -122.894077 49.284433, -122.894031 49.283678, -122.893952 49.282511, -122.893912 49.28178, -122.893858 49.2813144, -122.8936334 49.2759262, -122.893654 49.275926, -122.893648 49.275208, -122.893664 49.275034, -122.893623 49.274212, -122.893581 49.273457, -122.893551 49.272777, -122.893493 49.271902, -122.893447 49.271047, -122.893426 49.2705, -122.893406 49.270269, -122.893373 49.26968, -122.893341 49.266487, -122.899138 49.266352, -122.899714 49.267233, -122.90137 49.267754, -122.903511 49.267538, -122.908694 49.265551, -122.911139 49.265538, -122.913478 49.26625, -122.9162468 49.2675027, -122.922394 49.270284, -122.924665 49.272861, -122.925772 49.273638, -122.927903 49.273623, -122.934005 49.273827, -122.9369 49.27448, -122.93592 49.283438, -122.941787 49.285881, -122.946432 49.28822, -122.946466 49.290423, -122.941497 49.291048, -122.938819 49.291557, -122.937971 49.291964, -122.936242 49.291794, -122.933225 49.292201, -122.931191 49.292201, -122.930445 49.291726, -122.92892 49.292404, -122.927327 49.292065, -122.926987 49.292506, -122.92475 49.292099, -122.921665 49.290777, -122.9198 49.289387, -122.918919 49.28898, -122.917563 49.288947, -122.916885 49.289557, -122.914986 49.289591, -122.912798 49.289591, -122.907266 49.288679, -122.902686 49.288441, -122.899372 49.288803, -122.899322 49.288568)))"
89005,Sussex-Nelson,Neighborhood,N,Neighborhood,South Burnaby,Sussex-Nelson,,CAN,"Vancouver, BC",49.272144,-122.978553,20220419,2386818.664,Canada,British Columbia,"Vancouver, BC",Burnaby,"MULTIPOLYGON (((-122.973923 49.280454, -122.970082 49.280444, -122.970122 49.26807, -122.970138 49.262787, -122.968491 49.261864, -122.96821 49.261782, -122.967625 49.260947, -122.96782 49.260687, -122.969026 49.261013, -122.978347 49.264402, -122.982261 49.265031, -122.987134 49.265088, -122.986722 49.266031, -122.98807 49.268054, -122.987851 49.280541, -122.973923 49.280454)))"
88913,Morley-Buckingham,Neighborhood,N,Neighborhood,South East Burnaby,Morley-Buckingham,,CAN,"Vancouver, BC",49.226965,-123.011477,20220419,2056166.564,Canada,British Columbia,"Vancouver, BC",Burnaby,"MULTIPOLYGON (((-123.003328 49.231553, -123.004823 49.230226, -123.001731 49.229242, -122.996286 49.227319, -122.997263 49.226412, -122.997747 49.226065, -122.998194 49.225995, -122.9983 49.225628, -122.996884 49.225036, -122.998557 49.223309, -122.995893 49.22197, -122.996869 49.22196, -122.999563 49.22196, -123.012592 49.221948, -123.023672 49.221969, -123.023618 49.222565, -123.023483 49.224729, -123.023552 49.231474, -123.023473 49.232318, -123.015478 49.232879, -123.008819 49.232922, -123.00555 49.232069, -123.003328 49.231553)))"
88931,Edmonds,Neighborhood,N,Neighborhood,South East Burnaby,Edmonds,,CAN,"Vancouver, BC",49.274197,-122.956199,20220419,2562126.16,Canada,British Columbia,"Vancouver, BC",Burnaby,"MULTIPOLYGON (((-122.9369 49.27448, -122.936988 49.267514, -122.937417 49.267923, -122.938477 49.268843, -122.940344 49.269913, -122.942495 49.270109, -122.945249 49.27033, -122.9464297 49.2705562, -122.947057 49.270761, -122.949167 49.271687, -122.950455 49.272168, -122.9515445 49.2724758, -122.9521781 49.2725532, -122.9534399 49.2725799, -122.953498 49.267975, -122.970122 49.26807, -122.970082 49.280444, -122.960647 49.280417, -122.950635 49.280287, -122.945889 49.277371, -122.942262 49.275439, -122.9369 49.27448)))"
88917,North Arm South,Neighborhood,S,Sub Neighborhood,West,Queensborough,North Arm South,CAN,"Vancouver, BC",49.190217,-122.949693,20220419,1728641.95,Canada,British Columbia,"Vancouver, BC",New Westminster,"MULTIPOLYGON (((-122.9369812 49.1965189, -122.936287 49.196484, -122.9356997 49.1965189, -122.9345427 49.1964491, -122.9331721 49.1964026, -122.9316948 49.1963793, -122.9313032 49.1964026, -122.930965 49.1965887, -122.9297725 49.1966468, -122.9294877 49.1967748, -122.9285265 49.1967515, -122.9285265 49.1964491, -122.9282773 49.1964142, -122.9280281 49.196484, -122.9277967 49.1967399, -122.9273339 49.1968446, -122.9261948 49.1968911, -122.9254828 49.1967981, -122.924664 49.1967748, -122.9241834 49.1965654, -122.9238275 49.1964607, -122.9232401 49.1962746, -122.9227239 49.19617, -122.9218161 49.1960071, -122.9209973 49.1956698, -122.9211575 49.1952976, -122.9215491 49.1946579, -122.9219051 49.194053, -122.9222255 49.1936459, -122.9225281 49.1933202, -122.9229553 49.1929712, -122.9234359 49.1925408, -122.9239165 49.192157, -122.9242368 49.1918313, -122.9247174 49.1914241, -122.9249844 49.1912613, -122.9251446 49.1910519, -122.9255896 49.1907029, -122.9262126 49.1902609, -122.9272214 49.1896531, -122.9282397 49.1890985, -122.9290694 49.1885809, -122.928862 49.1883344, -122.929258 49.1881495, -122.9301443 49.1877428, -122.9304083 49.18794, -122.9309929 49.1877305, -122.9319357 49.1872991, -122.9326828 49.186945, -122.93326 49.187445, -122.933649 49.188251, -122.933887 49.188946, -122.933915 49.189328, -122.933831 49.189889, -122.933648 49.190251, -122.933307 49.190611, -122.93314 49.190913, -122.933165 49.191298, -122.933513 49.191758, -122.93578 49.194058, -122.936045 49.194265, -122.936501 49.194488, -122.937006 49.194585, -122.937368 49.194608, -122.937714 49.194582, -122.938035 49.194515, -122.938953 49.194159, -122.941384 49.19315, -122.942493 49.19266, -122.942882 49.192413, -122.942525 49.19175, -122.942526 49.190817, -122.942924 49.190144, -122.943732 49.189624, -122.945403 49.189095, -122.947101 49.188647, -122.948206 49.188027, -122.948472 49.187855, -122.949142 49.187347, -122.950119 49.186463, -122.950829 49.185824, -122.951144 49.185567, -122.951478 49.185317, -122.951824 49.185084, -122.952323 49.184785, -122.952852 49.184513, -122.95413 49.183988, -122.955044 49.183713, -122.955989 49.183494, -122.957261 49.183222, -122.957285 49.187544, -122.9572799 49.1879405, -122.956986 49.1881956, -122.9568203 49.1883735, -122.9567139 49.1885049, -122.9568085 49.1886287, -122.9569268 49.1888684, -122.9570688 49.1890463, -122.9572514 49.1893541, -122.9570688 49.1894484, -122.9570807 49.189518, -122.957128 49.1896727, -122.957057 49.1898273, -122.956915 49.1898892, -122.9567139 49.1899897, -122.9567612 49.1900825, -122.9565837 49.190183, -122.955152 49.1908094, -122.9550336 49.1908094, -122.9548443 49.1907398, -122.9546313 49.1907398, -122.9544657 49.1908017, -122.9543119 49.1909254, -122.9541462 49.1910955, -122.9538504 49.1913275, -122.9535664 49.191575, -122.9532824 49.1917838, -122.9529393 49.192039, -122.952608 49.1923251, -122.9522175 49.1925957, -122.9518389 49.1928586, -122.9513064 49.1931447, -122.9509278 49.1933226, -122.9505491 49.1935236, -122.950206 49.1937247, -122.9497209 49.1939644, -122.9492831 49.1941809, -122.9486678 49.1944593, -122.9480998 49.1947454, -122.9476857 49.194931, -122.9472005 49.195217, -122.9467864 49.1954568, -122.9464149 49.1956349, -122.9457919 49.1959141, -122.9453825 49.1962281, -122.9449731 49.1964956, -122.9443858 49.1967515, -122.9437984 49.1969144, -122.943211 49.1971121, -122.9427126 49.1971703, -122.9420896 49.1972168, -122.9416776 49.1971885, -122.9410751 49.197147, -122.9403809 49.1969958, -122.9397935 49.1969842, -122.9387612 49.1967748, -122.9375686 49.1966003, -122.9369812 49.1965189)))"
88918,Sapperton,Neighborhood,N,Neighborhood,East,Sapperton,,CAN,"Vancouver, BC",49.229457,-122.893482,20220419,1219153.054,Canada,British Columbia,"Vancouver, BC",New Westminster,"MULTIPOLYGON (((-122.892509 49.238002, -122.891918 49.237619, -122.891501 49.237271, -122.891113 49.236785, -122.890899 49.236459, -122.890494 49.236216, -122.8899582 49.2360111, -122.88972 49.23592, -122.8896223 49.2359048, -122.889283 49.235852, -122.888575 49.236021, -122.888699 49.232905, -122.887516 49.23289, -122.887561 49.231557, -122.886272 49.231568, -122.886383 49.228099, -122.889379 49.225295, -122.8897 49.225418, -122.88987 49.225472, -122.890089 49.225513, -122.890313 49.225526, -122.892882 49.225556, -122.892958 49.222789, -122.892983 49.221976, -122.893042 49.220474, -122.894536 49.220486, -122.89878 49.220538, -122.898526 49.229593, -122.898408 49.234729, -122.897414 49.2351765, -122.8971511 49.2352949, -122.897042 49.235344, -122.895578 49.23572, -122.895578 49.236592, -122.8955619 49.2373834, -122.895549 49.238021, -122.8944353 49.2380154, -122.894148 49.238014, -122.892509 49.238002)))"
88942,Downtown New Westminster,Neighborhood,N,Neighborhood,Central,Downtown New Westminster,,CAN,"Vancouver, BC",49.2036,-122.910785,20220419,1113818.505,Canada,British Columbia,"Vancouver, BC",New Westminster,"MULTIPOLYGON (((-122.9062808 49.202204, -122.9099456 49.200111, -122.9105805 49.1999036, -122.9117925 49.1994134, -122.9125427 49.1991305, -122.9129756 49.1988477, -122.9142453 49.1981312, -122.9151976 49.1979049, -122.9162916 49.1979253, -122.9191433 49.1979783, -122.9222963 49.1980369, -122.9225629 49.1981253, -122.9238293 49.1983796, -122.9249358 49.1984867, -122.9258043 49.1987365, -122.9270297 49.1989864, -122.9286858 49.1997204, -122.9297423 49.2002249, -122.9304656 49.2007388, -122.9303419 49.2009958, -122.9287619 49.2019, -122.9273533 49.2008721, -122.9264301 49.2006151, -122.9242219 49.2003962, -122.9210946 49.2001501, -122.920874 49.200298, -122.9205551 49.2004624, -122.917405 49.202086, -122.915494 49.203118, -122.914531 49.203639, -122.910834 49.2056784, -122.908355 49.207046, -122.906878 49.2078628, -122.9057997 49.208459, -122.902686 49.21006, -122.901599 49.210632, -122.901325 49.210796, -122.900556 49.211239, -122.90031 49.2113712, -122.898935 49.21211, -122.898523 49.211801, -122.89827 49.211581, -122.898062 49.211411, -122.8980248 49.2113798, -122.897945 49.211313, -122.8976705 49.211149, -122.896468 49.2104145, -122.8965953 49.2102538, -122.8970467 49.2095567, -122.8971161 49.2094896, -122.8978258 49.2088027, -122.8987493 49.2078223, -122.8989513 49.2071813, -122.9001632 49.206201, -122.9032798 49.2041648, -122.9043186 49.2034672, -122.9055017 49.2028073, -122.9061613 49.2022965, -122.9062808 49.202204)))"
88950,Brunette Creek,Neighborhood,N,Neighborhood,East,Brunette Creek,,CAN,"Vancouver, BC",49.228186,-122.883974,20220419,1178135.426,Canada,British Columbia,"Vancouver, BC",New Westminster,"MULTIPOLYGON (((-122.88033 49.23389, -122.88001 49.23361, -122.8799453 49.2336002, -122.87935 49.23351, -122.8785 49.23332, -122.87817 49.23317, -122.87779 49.23304, -122.87745 49.23288, -122.87676 49.2325, -122.87636 49.23194, -122.87617 49.23169, -122.87602 49.2316, -122.87532 49.23132, -122.87503 49.23096, -122.87503 49.2306, -122.87516 49.23048, -122.87561 49.23019, -122.8760097 49.2300613, -122.8762 49.23, -122.87648 49.22986, -122.876539 49.229669, -122.87643 49.22875, -122.8764845 49.2268428, -122.8765384 49.2249592, -122.876539 49.224937, -122.8774139 49.2249385, -122.877737 49.224939, -122.878913 49.224903, -122.881509 49.224536, -122.881584 49.224034, -122.8865091 49.2224418, -122.8874299 49.2222998, -122.8879839 49.2218836, -122.8887595 49.2214132, -122.8900615 49.2204905, -122.8908648 49.2198391, -122.8917423 49.2191665, -122.892037 49.219708, -122.891735 49.220463, -122.893042 49.220474, -122.892983 49.221976, -122.892958 49.222789, -122.892882 49.225556, -122.890313 49.225526, -122.890089 49.225513, -122.88987 49.225472, -122.8897 49.225418, -122.889379 49.225295, -122.886383 49.228099, -122.886272 49.231568, -122.887561 49.231557, -122.887516 49.23289, -122.888699 49.232905, -122.888575 49.236021, -122.888351 49.236106, -122.88773 49.23607, -122.88729 49.236008, -122.886811 49.235941, -122.886423 49.235887, -122.88582 49.23572, -122.8856748 49.2356083, -122.88556 49.23552, -122.88538 49.23543, -122.88519 49.23536, -122.8844055 49.2352366, -122.8843 49.23522, -122.88413 49.23519, -122.88383 49.23514, -122.88285 49.23494, -122.881812 49.234851, -122.88151 49.23477, -122.8813 49.2347, -122.880888 49.234462, -122.88049 49.23409, -122.88033 49.23389)))"
88955,Kelvin,Neighborhood,N,Neighborhood,Central,Kelvin,,CAN,"Vancouver, BC",49.213246,-122.930206,20220419,661973.591,Canada,British Columbia,"Vancouver, BC",New Westminster,"MULTIPOLYGON (((-122.92393 49.216023, -122.924122 49.215939, -122.927632 49.214017, -122.924829 49.211832, -122.924056 49.21122, -122.925673 49.210275, -122.926895 49.209616, -122.929231 49.208359, -122.930537 49.20766, -122.937868 49.213477, -122.927623 49.218947, -122.92393 49.216023)))"
88975,Glenbrooke North,Neighborhood,N,Neighborhood,Central,Glenbrooke North,,CAN,"Vancouver, BC",49.219335,-122.917929,20220419,884019.796,Canada,British Columbia,"Vancouver, BC",New Westminster,"MULTIPOLYGON (((-122.911875 49.222391, -122.908412 49.219564, -122.910013 49.218709, -122.910942 49.218209, -122.912113 49.217574, -122.914082 49.216529, -122.91905 49.213843, -122.920713 49.215169, -122.921409 49.214794, -122.923347 49.216339, -122.92393 49.216023, -122.927623 49.218947, -122.917965 49.2241267, -122.917226 49.224523, -122.9169649 49.2246918, -122.9164553 49.2243047, -122.916227 49.224158, -122.91349 49.223614, -122.911875 49.222391)))"
88980,Brow of the Hill,Neighborhood,N,Neighborhood,Central,Brow of the Hill,,CAN,"Vancouver, BC",49.205923,-122.925196,20220419,759194.461,Canada,British Columbia,"Vancouver, BC",New Westminster,"MULTIPOLYGON (((-122.918367 49.206713, -122.916393 49.205141, -122.914531 49.203639, -122.915494 49.203118, -122.917405 49.202086, -122.918372 49.202841, -122.919824 49.202115, -122.92066 49.202832, -122.921643 49.202321, -122.922476 49.202985, -122.923577 49.203891, -122.925523 49.205426, -122.927704 49.204252, -122.929236 49.20345, -122.930308 49.203568, -122.931379 49.203697, -122.932193 49.203799, -122.93253 49.203843, -122.933183 49.203904, -122.933821 49.203923, -122.934508 49.20386, -122.935213 49.203697, -122.936289 49.203361, -122.939164 49.202454, -122.941477 49.201753, -122.930537 49.20766, -122.929231 49.208359, -122.926895 49.209616, -122.925673 49.210275, -122.924056 49.21122, -122.922239 49.209782, -122.921268 49.209014, -122.920303 49.208253, -122.918367 49.206713)))"
88981,Victory Heights,Neighborhood,N,Neighborhood,East,Victory Heights,,CAN,"Vancouver, BC",49.226495,-122.904798,20220419,1085095.136,Canada,British Columbia,"Vancouver, BC",New Westminster,"MULTIPOLYGON (((-122.898526 49.229593, -122.89878 49.220538, -122.902126 49.220604, -122.903406 49.220954, -122.905104 49.221577, -122.905789 49.222129, -122.906247 49.221878, -122.908892 49.224016, -122.911875 49.222391, -122.91349 49.223614, -122.916227 49.224158, -122.9164553 49.2243047, -122.9169649 49.2246918, -122.916861 49.224759, -122.9154321 49.2255284, -122.899017 49.234368, -122.898408 49.234729, -122.898526 49.229593)))"
89017,Glenbrooke South,Neighborhood,N,Neighborhood,East,Glenbrooke South,,CAN,"Vancouver, BC",49.21763,-122.900181,20220419,922393.063,Canada,British Columbia,"Vancouver, BC",New Westminster,"MULTIPOLYGON (((-122.89878 49.220538, -122.894536 49.220486, -122.893042 49.220474, -122.891735 49.220463, -122.892037 49.219708, -122.8917423 49.2191665, -122.8920837 49.2188259, -122.8922222 49.2184821, -122.8922776 49.2183012, -122.8925269 49.2178307, -122.8925269 49.2176317, -122.8924992 49.217306, -122.8926377 49.2168898, -122.8926654 49.2164555, -122.8929425 49.2157679, -122.8932195 49.2154603, -122.8932472 49.2153879, -122.8931641 49.2151346, -122.8938566 49.2138136, -122.8945285 49.2126884, -122.8951969 49.2120189, -122.896468 49.2104145, -122.8976705 49.211149, -122.897945 49.211313, -122.8980248 49.2113798, -122.898062 49.211411, -122.89827 49.211581, -122.898523 49.211801, -122.898935 49.21211, -122.908412 49.219564, -122.911875 49.222391, -122.908892 49.224016, -122.906247 49.221878, -122.905789 49.222129, -122.905104 49.221577, -122.903406 49.220954, -122.902126 49.220604, -122.89878 49.220538)))"
89018,Connaught Heights,Neighborhood,N,Neighborhood,East,Connaught Heights,,CAN,"Vancouver, BC",49.201189,-122.953074,20220419,555444.736,Canada,British Columbia,"Vancouver, BC",New Westminster,"MULTIPOLYGON (((-122.944947 49.200177, -122.948092 49.199548, -122.949929 49.199116, -122.951551 49.198333, -122.952443 49.197795, -122.953022 49.197357, -122.95378 49.197042, -122.954948 49.196709, -122.955563 49.196732, -122.954752 49.19731, -122.955848 49.198187, -122.956838 49.198467, -122.957809 49.199005, -122.958765 49.1995656, -122.959093 49.199758, -122.960386 49.201002, -122.960627 49.201207, -122.959973 49.201439, -122.958525 49.202235, -122.953783 49.204867, -122.953605 49.204968, -122.9534466 49.205134, -122.953295 49.205293, -122.9525654 49.205616, -122.952484 49.205652, -122.952052 49.205803, -122.946012 49.200998, -122.945526 49.200636, -122.945171 49.200347, -122.944947 49.200177)))"
89030,North Arm North,Neighborhood,N,Neighborhood,Central,North Arm North,,CAN,"Vancouver, BC",49.200379,-122.935756,20220419,1040121.035,Canada,British Columbia,"Vancouver, BC",New Westminster,"MULTIPOLYGON (((-122.923577 49.203891, -122.922476 49.202985, -122.921643 49.202321, -122.92066 49.202832, -122.919824 49.202115, -122.918372 49.202841, -122.917405 49.202086, -122.9205551 49.2004624, -122.920874 49.200298, -122.9210946 49.2001501, -122.9242219 49.2003962, -122.9264301 49.2006151, -122.9273533 49.2008721, -122.9287619 49.2019, -122.9303419 49.2009958, -122.9304656 49.2007388, -122.9297423 49.2002249, -122.9286858 49.1997204, -122.9287239 49.1983594, -122.9301206 49.1978882, -122.9320051 49.1978692, -122.9355458 49.1980024, -122.93783 49.1982309, -122.9392768 49.1985164, -122.9401072 49.1987972, -122.9402214 49.1998822, -122.9412422 49.1995753, -122.9410661 49.1992017, -122.94316 49.1983641, -122.94688 49.197046, -122.949153 49.196047, -122.953896 49.194708, -122.954529 49.195812, -122.954948 49.196709, -122.95378 49.197042, -122.953022 49.197357, -122.952443 49.197795, -122.951551 49.198333, -122.949929 49.199116, -122.948092 49.199548, -122.944947 49.200177, -122.944223 49.200279, -122.941477 49.201753, -122.939164 49.202454, -122.936289 49.203361, -122.935213 49.203697, -122.934508 49.20386, -122.933821 49.203923, -122.933183 49.203904, -122.93253 49.203843, -122.932193 49.203799, -122.931379 49.203697, -122.930308 49.203568, -122.929236 49.20345, -122.927704 49.204252, -122.925523 49.205426, -122.923577 49.203891)))"
89031,Queen's Park,Neighborhood,N,Neighborhood,Central,Queen's Park,,CAN,"Vancouver, BC",49.212948,-122.90923,20220419,1109533.844,Canada,British Columbia,"Vancouver, BC",New Westminster,"MULTIPOLYGON (((-122.898935 49.21211, -122.90031 49.2113712, -122.900556 49.211239, -122.901325 49.210796, -122.901599 49.210632, -122.902686 49.21006, -122.9057997 49.208459, -122.906878 49.2078628, -122.908355 49.207046, -122.910167 49.208502, -122.911822 49.207632, -122.912264 49.208022, -122.912692 49.207791, -122.9132599 49.2075067, -122.91464 49.2086726, -122.91437 49.208922, -122.914138 49.209025, -122.917461 49.211727, -122.917867 49.212122, -122.91729 49.21244, -122.91905 49.213843, -122.914082 49.216529, -122.912113 49.217574, -122.910942 49.218209, -122.910013 49.218709, -122.908412 49.219564, -122.898935 49.21211)))"
89053,Uptown,Neighborhood,N,Neighborhood,Central,Uptown,,CAN,"Vancouver, BC",49.210001,-122.918503,20220419,660095.103,Canada,British Columbia,"Vancouver, BC",New Westminster,"MULTIPOLYGON (((-122.91905 49.213843, -122.91729 49.21244, -122.917867 49.212122, -122.917461 49.211727, -122.914138 49.209025, -122.91437 49.208922, -122.91464 49.2086726, -122.9132599 49.2075067, -122.912692 49.207791, -122.912264 49.208022, -122.911822 49.207632, -122.910167 49.208502, -122.908355 49.207046, -122.910834 49.2056784, -122.914531 49.203639, -122.916393 49.205141, -122.918367 49.206713, -122.920303 49.208253, -122.921268 49.209014, -122.922239 49.209782, -122.924056 49.21122, -122.924829 49.211832, -122.927632 49.214017, -122.924122 49.215939, -122.92393 49.216023, -122.923347 49.216339, -122.921409 49.214794, -122.920713 49.215169, -122.91905 49.213843)))"
89062,Westend,Neighborhood,N,Neighborhood,Central,Westend,,CAN,"Vancouver, BC",49.206734,-122.941284,20220419,1120785.726,Canada,British Columbia,"Vancouver, BC",New Westminster,"MULTIPOLYGON (((-122.930537 49.20766, -122.941477 49.201753, -122.944223 49.200279, -122.944947 49.200177, -122.945171 49.200347, -122.945526 49.200636, -122.946012 49.200998, -122.952052 49.205803, -122.94903 49.207394, -122.9479896 49.2079613, -122.939842 49.212404, -122.9397607 49.2124482, -122.937868 49.213477, -122.930537 49.20766)))"
89080,Queensborough,Neighborhood,N,Neighborhood,West,Queensborough,,CAN,"Vancouver, BC",49.1887,-122.942384,20220419,3382344.148,Canada,British Columbia,"Vancouver, BC",New Westminster,"MULTIPOLYGON (((-122.9369812 49.1965189, -122.936287 49.196484, -122.9356997 49.1965189, -122.9345427 49.1964491, -122.9331721 49.1964026, -122.9316948 49.1963793, -122.9313032 49.1964026, -122.930965 49.1965887, -122.9297725 49.1966468, -122.9294877 49.1967748, -122.9285265 49.1967515, -122.9285265 49.1964491, -122.9282773 49.1964142, -122.9280281 49.196484, -122.9277967 49.1967399, -122.9273339 49.1968446, -122.9261948 49.1968911, -122.9254828 49.1967981, -122.924664 49.1967748, -122.9241834 49.1965654, -122.9238275 49.1964607, -122.9232401 49.1962746, -122.9227239 49.19617, -122.9218161 49.1960071, -122.9209973 49.1956698, -122.9211575 49.1952976, -122.9215491 49.1946579, -122.9219051 49.194053, -122.9222255 49.1936459, -122.9225281 49.1933202, -122.9229553 49.1929712, -122.9234359 49.1925408, -122.9239165 49.192157, -122.9242368 49.1918313, -122.9247174 49.1914241, -122.9249844 49.1912613, -122.9251446 49.1910519, -122.9255896 49.1907029, -122.9262126 49.1902609, -122.9272214 49.1896531, -122.9282397 49.1890985, -122.9290694 49.1885809, -122.928862 49.1883344, -122.929258 49.1881495, -122.9301443 49.1877428, -122.9304083 49.18794, -122.9309929 49.1877305, -122.9319357 49.1872991, -122.9326828 49.186945, -122.9329352 49.1865966, -122.9332774 49.1862119, -122.9340562 49.1856763, -122.9345946 49.1853517, -122.9351226 49.1853764, -122.9356129 49.1849819, -122.9361598 49.1845875, -122.9367067 49.1843657, -122.9372724 49.1840082, -122.9380644 49.1836138, -122.9386678 49.1832563, -122.9391393 49.1830961, -122.9396296 49.1828866, -122.9400821 49.182677, -122.9406856 49.1824305, -122.9411382 49.1822086, -122.9418547 49.1819621, -122.9421565 49.1818265, -122.9424205 49.1816663, -122.9430239 49.181469, -122.9436085 49.1812965, -122.9443816 49.1809513, -122.9448154 49.1808527, -122.9451171 49.1807541, -122.9453622 49.1805692, -122.9455508 49.1803843, -122.9457771 49.1803473, -122.94606 49.1805076, -122.9467577 49.1802487, -122.9472857 49.1800022, -122.9478137 49.1797186, -122.9482474 49.1795461, -122.9486811 49.1793735, -122.9487943 49.1792995, -122.9491149 49.1791023, -122.9497937 49.1788558, -122.9509252 49.1784243, -122.9518869 49.1780422, -122.9532069 49.1776723, -122.9541078 49.177269, -122.9558904 49.176531, -122.9572168 49.1758235, -122.957261 49.183222, -122.957285 49.187544, -122.9572799 49.1879405, -122.956986 49.1881956, -122.9568203 49.1883735, -122.9567139 49.1885049, -122.9568085 49.1886287, -122.9569268 49.1888684, -122.9570688 49.1890463, -122.9572514 49.1893541, -122.9570688 49.1894484, -122.9570807 49.189518, -122.957128 49.1896727, -122.957057 49.1898273, -122.956915 49.1898892, -122.9567139 49.1899897, -122.9567612 49.1900825, -122.9565837 49.190183, -122.955152 49.1908094, -122.9550336 49.1908094, -122.9548443 49.1907398, -122.9546313 49.1907398, -122.9544657 49.1908017, -122.9543119 49.1909254, -122.9541462 49.1910955, -122.9538504 49.1913275, -122.9535664 49.191575, -122.9532824 49.1917838, -122.9529393 49.192039, -122.952608 49.1923251, -122.9522175 49.1925957, -122.9518389 49.1928586, -122.9513064 49.1931447, -122.9509278 49.1933226, -122.9505491 49.1935236, -122.950206 49.1937247, -122.9497209 49.1939644, -122.9492831 49.1941809, -122.9486678 49.1944593, -122.9480998 49.1947454, -122.9476857 49.194931, -122.9472005 49.195217, -122.9467864 49.1954568, -122.9464149 49.1956349, -122.9457919 49.1959141, -122.9453825 49.1962281, -122.9449731 49.1964956, -122.9443858 49.1967515, -122.9437984 49.1969144, -122.943211 49.1971121, -122.9427126 49.1971703, -122.9420896 49.1972168, -122.9416776 49.1971885, -122.9410751 49.197147, -122.9403809 49.1969958, -122.9397935 49.1969842, -122.9387612 49.1967748, -122.9375686 49.1966003, -122.9369812 49.1965189)))"
