21775,Rosedale,Neighborhood,N,Neighborhood,Northside,Rosedale,,CAN,"Chilliwack, BC",49.177203,-121.852449,20220419,47475704.01,Canada,British Columbia,"Chilliwack, BC",Chilliwack,"MULTIPOLYGON (((-121.815837 49.1996957, -121.8140544 49.1993463, -121.8116182 49.1995792, -121.8099544 49.2004722, -121.808766 49.2017146, -121.8065675 49.2026076, -121.8040124 49.2029959, -121.8011603 49.2032288, -121.7983081 49.2034617, -121.7968338 49.2035091, -121.7961253 49.2035319, -121.7946835 49.2035782, -121.7942152 49.203066, -121.7908668 49.2009859, -121.7879761 49.2002706, -121.7881543 49.1940192, -121.7883331 49.187388, -121.7827471 49.187534, -121.782772 49.1807824, -121.7827737 49.1803149, -121.782781 49.1783309, -121.7829611 49.178342, -121.782793 49.175086, -121.7745472 49.1751438, -121.7761515 49.1735122, -121.7784689 49.1722303, -121.7821529 49.1711037, -121.7838761 49.1698605, -121.7851239 49.1685396, -121.7858429 49.167915, -121.8009319 49.159731, -121.8059842 49.160575, -121.8091522 49.160323, -121.817641 49.156576, -121.82188 49.15511, -121.82611 49.154321, -121.8301821 49.1543572, -121.831173 49.154366, -121.9206128 49.15516, -121.9257261 49.1539771, -121.9263271 49.153838, -121.9292717 49.1531086, -121.9292988 49.1541078, -121.9293123 49.1546057, -121.9321051 49.1546057, -121.9316891 49.1621443, -121.931808 49.1675061, -121.9246182 49.1689436, -121.9244399 49.1787718, -121.924024 49.1788107, -121.924024 49.1806198, -121.9228711 49.1804647, -121.9226801 49.180439, -121.9217584 49.1804278, -121.9213966 49.1804234, -121.9188535 49.180439, -121.9157636 49.180672, -121.9102495 49.1813867, -121.9042905 49.1821409, -121.9018118 49.1824587, -121.9011701 49.1824431, -121.9002194 49.1823189, -121.8985318 49.1820237, -121.8983655 49.1824742, -121.8984368 49.1829092, -121.8987695 49.1833442, -121.8985556 49.1836705, -121.8981991 49.1840123, -121.8972246 49.1847269, -121.896464 49.1853949, -121.8956084 49.1868396, -121.8953469 49.1875542, -121.8952994 49.1880203, -121.8956084 49.1889212, -121.8961788 49.1903814, -121.896464 49.1912823, -121.8968858 49.1931336, -121.8982525 49.1949198, -121.8994409 49.1956576, -121.9025901 49.1958906, -121.9031843 49.1975602, -121.9051452 49.1996957, -121.9063336 49.2033841, -121.9059176 49.2046264, -121.9047292 49.2049758, -121.9018771 49.2050535, -121.8999162 49.2047429, -121.8990249 49.2040053, -121.8984901 49.2028406, -121.8990843 49.2012876, -121.899738 49.2002393, -121.8999756 49.1992686, -121.8999756 49.1985697, -121.8989655 49.1975214, -121.8976583 49.196939, -121.895222 49.1972108, -121.8932612 49.1973272, -121.8919539 49.1974049, -121.8904684 49.1977544, -121.8893989 49.1992686, -121.8876757 49.2000063, -121.8857148 49.2003946, -121.8833975 49.2002005, -121.8756135 49.1984144, -121.8743062 49.1983368, -121.8726425 49.1988415, -121.8710975 49.2003169, -121.8687207 49.2014817, -121.8660468 49.2023358, -121.8642048 49.2024523, -121.8609962 49.2020641, -121.8593408 49.201758, -121.8578469 49.2014817, -121.8551136 49.2010546, -121.8539252 49.2004334, -121.8525585 49.1992686, -121.8519643 49.1985309, -121.8508948 49.198065, -121.8495281 49.1976767, -121.8469136 49.1979873, -121.8442992 49.1984533, -121.8413876 49.1999287, -121.8399615 49.2006664, -121.8381195 49.2010158, -121.8356833 49.2017923, -121.8337224 49.2033064, -121.8322963 49.2043547, -121.8310485 49.2051311, -121.8280181 49.2048205, -121.8256413 49.2039664, -121.8237993 49.2033064, -121.8208283 49.2032288, -121.8194616 49.2028406, -121.8183921 49.2021417, -121.8164906 49.2004334, -121.815837 49.1996957)))"
21776,Chilliwack Proper Village West,Neighborhood,N,Neighborhood,Northside,Chilliwack Proper Village West,,CAN,"Chilliwack, BC",49.165115,-121.956741,20220419,15578577.5,Canada,British Columbia,"Chilliwack, BC",Chilliwack,"MULTIPOLYGON (((-121.9868385 49.1493965, -121.9859258 49.1504412, -121.9851948 49.1508068, -121.9839864 49.1514112, -121.982218 49.1521574, -121.9819899 49.1530902, -121.9825603 49.1540229, -121.9841402 49.1544733, -121.984785 49.1546571, -121.9852413 49.1548809, -121.9859829 49.1551421, -121.9836074 49.1558885, -121.9757722 49.1583504, -121.9761715 49.1595068, -121.9761715 49.1602902, -121.9780539 49.1595814, -121.9786813 49.1595814, -121.9797081 49.1594695, -121.9805067 49.1592084, -121.9825603 49.1592457, -121.9839293 49.1594322, -121.9846462 49.1595387, -121.9840296 49.1610518, -121.9842578 49.1628423, -121.9848282 49.1656025, -121.9861972 49.1676912, -121.9879085 49.1699663, -121.9883078 49.1714208, -121.9875663 49.1729872, -121.9863684 49.1742178, -121.9850564 49.1754112, -121.9846571 49.1764554, -121.9852845 49.1777978, -121.9856838 49.1783199, -121.9864096 49.1787373, -121.9834592 49.1791402, -121.9804929 49.1795504, -121.9780971 49.1800724, -121.9760435 49.180147, -121.973933 49.1804453, -121.9724498 49.1806318, -121.9709097 49.1805572, -121.9694836 49.1801097, -121.9682857 49.1801097, -121.9669166 49.1807063, -121.9658899 49.1817131, -121.964692 49.181825, -121.9646349 49.1812284, -121.9646349 49.1802589, -121.9640074 49.1796996, -121.9631518 49.1800352, -121.9627525 49.1807809, -121.962068 49.1812284, -121.9606989 49.1816758, -121.9591588 49.1823097, -121.9572193 49.182347, -121.9543672 49.1824588, -121.9534545 49.1826453, -121.9524688 49.1826155, -121.9497259 49.1820313, -121.9463034 49.1817051, -121.9430234 49.1817517, -121.9402425 49.1818915, -121.9368912 49.1826372, -121.9347521 49.1835694, -121.9328269 49.1848277, -121.930973 49.1857132, -121.9307353 49.1857971, -121.9292222 49.1850175, -121.927814 49.1842919, -121.9269108 49.1841055, -121.9271485 49.1830024, -121.9271247 49.1824276, -121.9266969 49.1819305, -121.9262453 49.1815265, -121.9263166 49.1805788, -121.9242963 49.1806565, -121.924024 49.1806198, -121.924024 49.1788107, -121.9244399 49.1787718, -121.9246182 49.1689436, -121.931808 49.1675061, -121.9316891 49.1621443, -121.9321051 49.1546057, -121.9293123 49.1546057, -121.9292988 49.1541078, -121.9292717 49.1531086, -121.947723 49.148538, -121.9564825 49.1462039, -121.9622225 49.1448046, -121.9645398 49.1442449, -121.9662511 49.143895, -121.9666394 49.1438527, -121.9681763 49.1436851, -121.9776546 49.1437995, -121.9775405 49.145404, -121.9772553 49.146598, -121.9767989 49.1476428, -121.9767989 49.1496577, -121.9773694 49.1495457, -121.9783961 49.1495457, -121.97948 49.1499188, -121.9813624 49.1499188, -121.9819899 49.1493219, -121.9818758 49.1481279, -121.9817617 49.1475682, -121.9825032 49.1467846, -121.9838723 49.14671, -121.9860399 49.1474189, -121.9866674 49.1486502, -121.9868385 49.1493965)))"
21777,Chilliwack Mountain,Neighborhood,N,Neighborhood,Northside,Chilliwack Mountain,,CAN,"Chilliwack, BC",49.159626,-122.013761,20220419,9112426.219,Canada,British Columbia,"Chilliwack, BC",Chilliwack,"MULTIPOLYGON (((-121.9846462 49.1595387, -121.9851843 49.1596187, -121.9864963 49.1597679, -121.9876459 49.159361, -121.9896907 49.1585742, -121.9912308 49.1580892, -121.9926569 49.1582758, -121.9931703 49.158798, -121.9939689 49.1593949, -121.9945964 49.1588726, -121.9953414 49.1580816, -121.9984611 49.1564245, -122.0027036 49.1543959, -122.0051993 49.1530202, -122.0068749 49.1518776, -122.0069819 49.1526704, -122.020387 49.1474936, -122.020494 49.1453247, -122.0199235 49.145418, -122.0189924 49.1448437, -122.0189502 49.1448223, -122.0186757 49.1447184, -122.0187564 49.1447037, -122.0204725 49.1445687, -122.023508 49.143842, -122.0324592 49.1424439, -122.040114 49.1412482, -122.0402237 49.1444754, -122.0423628 49.1448019, -122.0452149 49.1467609, -122.049921 49.14844, -122.0497071 49.1495593, -122.0479958 49.1508185, -122.0462132 49.152171, -122.0439315 49.1547826, -122.0438587 49.1552437, -122.0432184 49.1553422, -122.0425767 49.1560883, -122.0379419 49.157021, -122.0372289 49.157907, -122.0361593 49.1581868, -122.0350898 49.1597255, -122.0340202 49.1600986, -122.0329507 49.1609379, -122.0320237 49.1609845, -122.0310968 49.1612177, -122.0288863 49.1624766, -122.0271751 49.1625232, -122.026462 49.1626631, -122.0251785 49.162803, -122.0243229 49.1635024, -122.0227542 49.1649011, -122.0206151 49.1660201, -122.0189038 49.1655539, -122.0176203 49.1658336, -122.0139125 49.1656937, -122.0083508 49.1695634, -122.006996 49.1705424, -122.0067821 49.1726868, -122.0062117 49.1746913, -122.0053561 49.1759965, -122.0040013 49.1769288, -122.0020761 49.1778611, -121.9992952 49.1794458, -121.99525 49.1796261, -121.9930205 49.1797255, -121.9900257 49.1793526, -121.9864096 49.1787373, -121.9856838 49.1783199, -121.9852845 49.1777978, -121.9846571 49.1764554, -121.9850564 49.1754112, -121.9863684 49.1742178, -121.9875663 49.1729872, -121.9883078 49.1714208, -121.9879085 49.1699663, -121.9861972 49.1676912, -121.9848282 49.1656025, -121.9842578 49.1628423, -121.9840296 49.1610518, -121.9846462 49.1595387)))"
21778,Greendale,Neighborhood,N,Neighborhood,Southside,Greendale,,CAN,,49.119466,-122.033836,20220419,39122765.86,Canada,British Columbia,,Chilliwack,"MULTIPOLYGON (((-121.9762086 49.1183771, -121.9764166 49.1111041, -121.9892216 49.1111235, -121.9892029 49.111355, -121.9891324 49.112232, -121.9901723 49.112232, -121.9901723 49.1113669, -121.9901723 49.1111624, -121.9912715 49.1111624, -121.9912715 49.1096843, -121.9901723 49.1091787, -121.9901723 49.1067864, -121.9982237 49.1066503, -121.9969164 49.1038494, -121.9969164 49.1022934, -121.9955498 49.102235, -121.9957875 49.0984613, -121.997027 49.097575, -121.9975615 49.0975386, -121.9985071 49.0974741, -122.0015904 49.0972638, -122.006249 49.0982598, -122.010242 49.0982598, -122.0172773 49.0991935, -122.0218408 49.0990068, -122.0257387 49.0984465, -122.0296367 49.0973883, -122.0332494 49.0953962, -122.0334395 49.0941511, -122.036767 49.0915986, -122.0443728 49.0910383, -122.0492215 49.0897931, -122.0510278 49.0885479, -122.0549258 49.0886101, -122.056542 49.088112, -122.0591089 49.0882988, -122.063102 49.0891082, -122.0661443 49.0908515, -122.0701373 49.0952717, -122.077648 49.1032395, -122.0800547 49.1058469, -122.0817917 49.107798, -122.0842901 49.1103441, -122.0875024 49.1137467, -122.0896439 49.1161975, -122.0922851 49.1190291, -122.09426 49.1210754, -122.0965205 49.1234311, -122.0976627 49.1250253, -122.0983289 49.126691, -122.0984108 49.1279882, -122.0978535 49.1286658, -122.0967979 49.1306011, -122.09645 49.1312877, -122.0962341 49.1317138, -122.094271 49.1317675, -122.0755893 49.1356397, -122.0715963 49.1366661, -122.059546 49.1384854, -122.0423242 49.140903, -122.040114 49.1412482, -122.0324592 49.1424439, -122.023508 49.143842, -122.0204725 49.1445687, -122.0187564 49.1447037, -122.0062474 49.1443499, -121.9776546 49.1437995, -121.9774458 49.1233206, -121.9774815 49.122854, -121.9775455 49.1183965, -121.9762086 49.1183771)))"
21779,Vedder,Neighborhood,N,Neighborhood,Southside,Vedder,,CAN,"Chilliwack, BC",49.109059,-121.971463,20220419,6674212.82,Canada,British Columbia,"Chilliwack, BC",Chilliwack,"MULTIPOLYGON (((-121.9432727 49.1230895, -121.9432274 49.1223657, -121.9430939 49.1202352, -121.944634 49.1200859, -121.9446914 49.1185054, -121.9586448 49.1185282, -121.9577392 49.1165448, -121.9574183 49.1154713, -121.9575609 49.1131844, -121.9579175 49.1113875, -121.9515001 49.1113408, -121.9513575 49.1073966, -121.951714 49.1067587, -121.9528311 49.1059495, -121.9537343 49.1054361, -121.954376 49.1052027, -121.9559209 49.1046425, -121.9562775 49.1045491, -121.957347 49.1045647, -121.9581314 49.1046736, -121.9591296 49.1050626, -121.9595099 49.1047981, -121.9590345 49.1044558, -121.958678 49.1041757, -121.9588801 49.1036855, -121.9594505 49.1035921, -121.9602705 49.1035221, -121.9606627 49.1031487, -121.9611974 49.1023784, -121.96052 49.1021216, -121.958987 49.1019582, -121.9588719 49.101739, -121.9585948 49.1012113, -121.9600867 49.1005108, -121.9611562 49.09983, -121.961899 49.0991492, -121.9623149 49.098799, -121.9627231 49.098511, -121.9635627 49.0977096, -121.9637878 49.097455, -121.9646351 49.097573, -121.968432 49.097596, -121.9724528 49.09667, -121.9780127 49.0967637, -121.9892806 49.0969536, -121.9913227 49.0967658, -121.997027 49.097575, -121.9957875 49.0984613, -121.9955498 49.102235, -121.9969164 49.1022934, -121.9969164 49.1038494, -121.9982237 49.1066503, -121.9901723 49.1067864, -121.9901723 49.1091787, -121.9912715 49.1096843, -121.9912715 49.1111624, -121.9901723 49.1111624, -121.9901723 49.1113669, -121.9901723 49.112232, -121.9891324 49.112232, -121.9892029 49.111355, -121.9892216 49.1111235, -121.9764166 49.1111041, -121.9762086 49.1183771, -121.9775455 49.1183965, -121.9774815 49.122854, -121.9642546 49.122854, -121.9598338 49.122854, -121.9588355 49.1228773, -121.958479 49.1231107, -121.9577303 49.1229007, -121.954379 49.1228773, -121.9507069 49.1228773, -121.9502077 49.1229007, -121.948746 49.1229007, -121.9473199 49.1229707, -121.9459295 49.1231807, -121.94486 49.1231807, -121.9432727 49.1230895)))"
21780,Promontory,Neighborhood,N,Neighborhood,Southside,Promontory,,CAN,"Chilliwack, BC",49.102626,-121.938062,20220419,3805002.25,Canada,British Columbia,"Chilliwack, BC",Chilliwack,"MULTIPOLYGON (((-121.9637878 49.097455, -121.9635627 49.0977096, -121.9627231 49.098511, -121.9623149 49.098799, -121.961899 49.0991492, -121.9611562 49.09983, -121.9600867 49.1005108, -121.9585948 49.1012113, -121.9534752 49.103312, -121.9461737 49.1064117, -121.9427511 49.1080174, -121.9405835 49.1092497, -121.9319809 49.1092207, -121.93102 49.1092174, -121.9295171 49.1092124, -121.9277919 49.1084661, -121.9262767 49.1084467, -121.925878 49.108211, -121.9241376 49.1071825, -121.9235434 49.1076298, -121.922771 49.1083494, -121.9225036 49.108894, -121.9220876 49.1098081, -121.9216717 49.1106638, -121.921226 49.11115, -121.9200376 49.1121029, -121.9190275 49.1129975, -121.9187601 49.1134254, -121.9146898 49.1134642, -121.9120754 49.1136198, -121.9109761 49.1139893, -121.9102036 49.1129975, -121.9109464 49.1119863, -121.912729 49.1109166, -121.9137985 49.1107221, -121.9141848 49.1101387, -121.9146898 49.1093413, -121.9153435 49.1083689, -121.9160862 49.1081938, -121.9168249 49.107323, -121.917428 49.1067587, -121.9187007 49.1055681, -121.919592 49.1045762, -121.9187007 49.1037009, -121.9194434 49.1029423, -121.9195326 49.1022809, -121.9207804 49.1013667, -121.9249992 49.1013473, -121.9250586 49.0995966, -121.9253557 49.0991686, -121.9269717 49.098317, -121.9274919 49.098365, -121.9288912 49.0987406, -121.9294557 49.0985461, -121.9310897 49.0982932, -121.9367049 49.0983127, -121.9382201 49.0974762, -121.9398839 49.0969899, -121.9411317 49.0961728, -121.9415533 49.09592, -121.9439542 49.0944803, -121.9442786 49.0940757, -121.9445781 49.0937021, -121.9465686 49.0938967, -121.9481439 49.0935401, -121.9502527 49.0934103, -121.9526589 49.0935674, -121.9551845 49.0940912, -121.9563729 49.0942079, -121.9576692 49.0947089, -121.9581852 49.0949083, -121.959585 49.0952244, -121.9612067 49.0959786, -121.9616613 49.0964646, -121.9624635 49.0969899, -121.9637878 49.097455)))"
21781,East Chilliwack,Neighborhood,N,Neighborhood,Southside,East Chilliwack,,CAN,"Chilliwack, BC",49.1386,-121.900597,20220419,27283738.92,Canada,British Columbia,"Chilliwack, BC",Chilliwack,"MULTIPOLYGON (((-121.8481031 49.1379933, -121.849339 49.1375268, -121.8503848 49.1378067, -121.85214 49.137657, -121.8524051 49.1365005, -121.8535935 49.1350232, -121.8570399 49.1345567, -121.8589413 49.135101, -121.8614369 49.1348677, -121.8641609 49.132915, -121.8657956 49.1319362, -121.8674356 49.1320295, -121.8683626 49.1314696, -121.875279 49.1303965, -121.8790582 49.12965, -121.8813991 49.1287111, -121.883479 49.127877, -121.8855468 49.1269904, -121.8865946 49.1259962, -121.8869729 49.1256373, -121.8898963 49.1243307, -121.8930337 49.1218109, -121.8950788 49.1220534, -121.8976589 49.120637, -121.9014652 49.119981, -121.9053444 49.1201895, -121.9088681 49.1185475, -121.9095762 49.1182175, -121.9106458 49.1166774, -121.9144962 49.115744, -121.9174197 49.1148106, -121.9187601 49.1134254, -121.9190275 49.1129975, -121.9200376 49.1121029, -121.921226 49.11115, -121.9216717 49.1106638, -121.9220876 49.1098081, -121.9225036 49.108894, -121.922771 49.1083494, -121.9235434 49.1076298, -121.9241376 49.1071825, -121.925878 49.108211, -121.9262767 49.1084467, -121.9277919 49.1084661, -121.9295171 49.1092124, -121.9294458 49.1184815, -121.938751 49.1185749, -121.9405823 49.118552, -121.9443483 49.1185049, -121.9446914 49.1185054, -121.944634 49.1200859, -121.9430939 49.1202352, -121.9432274 49.1223657, -121.9432727 49.1230895, -121.9428278 49.123064, -121.9427921 49.1244406, -121.9409109 49.1244606, -121.9384069 49.1244872, -121.9383356 49.1258171, -121.9387278 49.1272869, -121.9402168 49.1273003, -121.9438974 49.1273336, -121.94404 49.1274969, -121.9474625 49.1275669, -121.9474625 49.1283367, -121.9470704 49.1288966, -121.9459652 49.1290833, -121.9457869 49.1295498, -121.9457869 49.1301564, -121.9450382 49.1303197, -121.9446104 49.1301797, -121.9442895 49.1305763, -121.9436478 49.1313228, -121.9435052 49.1318827, -121.9556268 49.1319293, -121.9555912 49.1348219, -121.9563042 49.1348685, -121.9564825 49.143312, -121.9564825 49.1462039, -121.947723 49.148538, -121.9292717 49.1531086, -121.9263271 49.153838, -121.9257261 49.1539771, -121.9206128 49.15516, -121.831173 49.154366, -121.8301821 49.1543572, -121.8301821 49.1471514, -121.8350545 49.1470737, -121.8350545 49.145519, -121.8342226 49.1441974, -121.8355672 49.141288, -121.8371223 49.1399215, -121.8446056 49.1398488, -121.8467246 49.1398282, -121.8466948 49.139127, -121.846677 49.1387086, -121.8481031 49.1379933)))"
21782,Ryder Lake,Neighborhood,N,Neighborhood,Southside,Ryder Lake,,CAN,"Chilliwack, BC",49.104587,-121.857455,20220419,36095609.95,Canada,British Columbia,"Chilliwack, BC",Chilliwack,"MULTIPOLYGON (((-121.8641609 49.132915, -121.8645569 49.119081, -121.8308069 49.118743, -121.8307741 49.121184, -121.790691 49.121079, -121.790651 49.092593, -121.7942065 49.0910024, -121.7999821 49.0913759, -121.8044756 49.0925466, -121.8066134 49.0931035, -121.8129594 49.0939907, -121.8148029 49.0925119, -121.8158116 49.0917028, -121.8195551 49.092496, -121.8198661 49.085037, -121.8314689 49.085107, -121.831511 49.081988, -121.8372059 49.082022, -121.8466149 49.0814759, -121.8532461 49.0827835, -121.8535313 49.0883874, -121.8664684 49.0886212, -121.8710721 49.0879672, -121.8805555 49.0883874, -121.892396 49.088322, -121.8957638 49.088885, -121.899987 49.088639, -121.9092649 49.088966, -121.9143301 49.088861, -121.9208422 49.0890879, -121.9246927 49.0911424, -121.9284718 49.0928234, -121.9326074 49.0935705, -121.9385256 49.0941775, -121.9415533 49.09592, -121.9411317 49.0961728, -121.9398839 49.0969899, -121.9382201 49.0974762, -121.9367049 49.0983127, -121.9310897 49.0982932, -121.9294557 49.0985461, -121.9288912 49.0987406, -121.9274919 49.098365, -121.9269717 49.098317, -121.9253557 49.0991686, -121.9250586 49.0995966, -121.9249992 49.1013473, -121.9207804 49.1013667, -121.9195326 49.1022809, -121.9194434 49.1029423, -121.9187007 49.1037009, -121.919592 49.1045762, -121.9187007 49.1055681, -121.917428 49.1067587, -121.9168249 49.107323, -121.9160862 49.1081938, -121.9153435 49.1083689, -121.9146898 49.1093413, -121.9141848 49.1101387, -121.9137985 49.1107221, -121.912729 49.1109166, -121.9109464 49.1119863, -121.9102036 49.1129975, -121.9109761 49.1139893, -121.9120754 49.1136198, -121.9146898 49.1134642, -121.9187601 49.1134254, -121.9174197 49.1148106, -121.9144962 49.115744, -121.9106458 49.1166774, -121.9095762 49.1182175, -121.9088681 49.1185475, -121.9053444 49.1201895, -121.9014652 49.119981, -121.8976589 49.120637, -121.8950788 49.1220534, -121.8930337 49.1218109, -121.8898963 49.1243307, -121.8869729 49.1256373, -121.8865946 49.1259962, -121.8855468 49.1269904, -121.883479 49.127877, -121.8813991 49.1287111, -121.8790582 49.12965, -121.875279 49.1303965, -121.8683626 49.1314696, -121.8674356 49.1320295, -121.8657956 49.1319362, -121.8641609 49.132915)))"
21783,Eastern Hillsides,Neighborhood,N,Neighborhood,Southside,Eastern Hillsides,,CAN,"Chilliwack, BC",49.137163,-121.820084,20220419,17926392.31,Canada,British Columbia,"Chilliwack, BC",Chilliwack,"MULTIPOLYGON (((-121.8524051 49.1365005, -121.85214 49.137657, -121.8503848 49.1378067, -121.849339 49.1375268, -121.8481031 49.1379933, -121.846677 49.1387086, -121.8466948 49.139127, -121.8467246 49.1398282, -121.8446056 49.1398488, -121.8371223 49.1399215, -121.8355672 49.141288, -121.8342226 49.1441974, -121.8350545 49.145519, -121.8350545 49.1470737, -121.8301821 49.1471514, -121.8301821 49.1543572, -121.82611 49.154321, -121.82188 49.15511, -121.817641 49.156576, -121.8091522 49.160323, -121.8059842 49.160575, -121.8009319 49.159731, -121.7858429 49.167915, -121.786564 49.16134, -121.790993 49.161503, -121.7909566 49.1566343, -121.786449 49.1568674, -121.7860925 49.1508048, -121.7909126 49.1507475, -121.790691 49.121079, -121.8307741 49.121184, -121.8308069 49.118743, -121.8645569 49.119081, -121.8641609 49.132915, -121.8614369 49.1348677, -121.8589413 49.135101, -121.8570399 49.1345567, -121.8535935 49.1350232, -121.8524051 49.1365005)))"
1125920,Village West,Neighborhood,N,Neighborhood,Northside,Village West,,CAN,"Chilliwack, BC",49.150269,-121.995794,20220419,3380013.23,Canada,British Columbia,"Chilliwack, BC",Chilliwack,"MULTIPOLYGON (((-121.9868385 49.1493965, -121.9866674 49.1486502, -121.9860399 49.1474189, -121.9838723 49.14671, -121.9825032 49.1467846, -121.9817617 49.1475682, -121.9818758 49.1481279, -121.9819899 49.1493219, -121.9813624 49.1499188, -121.97948 49.1499188, -121.9783961 49.1495457, -121.9773694 49.1495457, -121.9767989 49.1496577, -121.9767989 49.1476428, -121.9772553 49.146598, -121.9775405 49.145404, -121.9776546 49.1437995, -122.0062474 49.1443499, -122.0187564 49.1447037, -122.0186757 49.1447184, -122.0189502 49.1448223, -122.0189924 49.1448437, -122.0199235 49.145418, -122.020494 49.1453247, -122.020387 49.1474936, -122.0069819 49.1526704, -122.0068749 49.1518776, -122.0051993 49.1530202, -122.0027036 49.1543959, -121.9984611 49.1564245, -121.9953414 49.1580816, -121.9945964 49.1588726, -121.9939689 49.1593949, -121.9931703 49.158798, -121.9926569 49.1582758, -121.9912308 49.1580892, -121.9896907 49.1585742, -121.9876459 49.159361, -121.9864963 49.1597679, -121.9851843 49.1596187, -121.9846462 49.1595387, -121.9839293 49.1594322, -121.9825603 49.1592457, -121.9805067 49.1592084, -121.9797081 49.1594695, -121.9786813 49.1595814, -121.9780539 49.1595814, -121.9761715 49.1602902, -121.9761715 49.1595068, -121.9757722 49.1583504, -121.9836074 49.1558885, -121.9859829 49.1551421, -121.9852413 49.1548809, -121.984785 49.1546571, -121.9841402 49.1544733, -121.9825603 49.1540229, -121.9819899 49.1530902, -121.982218 49.1521574, -121.9839864 49.1514112, -121.9851948 49.1508068, -121.9859258 49.1504412, -121.9868385 49.1493965)))"
1125921,Fairfield,Neighborhood,N,Neighborhood,Northside,Fairfield,,CAN,"Chilliwack, BC",49.188098,-121.940092,20220419,1740035.537,Canada,British Columbia,"Chilliwack, BC",Chilliwack,"MULTIPOLYGON (((-121.9524688 49.1826155, -121.9524307 49.1835228, -121.9524497 49.1845419, -121.9524688 49.1880093, -121.9524688 49.1882205, -121.9505103 49.1882578, -121.9466694 49.1882827, -121.9465933 49.191116, -121.9418342 49.191178, -121.94087 49.1911906, -121.9392157 49.1912154, -121.9391017 49.1938871, -121.9386643 49.193974, -121.9386453 49.1984596, -121.938064 49.1984718, -121.9374664 49.1984844, -121.9368199 49.1979129, -121.9366298 49.1975712, -121.9365823 49.1968568, -121.9362495 49.1964219, -121.9346333 49.1960181, -121.9330171 49.1956142, -121.9308304 49.1955521, -121.9307353 49.1939989, -121.9300698 49.1939989, -121.9300223 49.1936261, -121.929024 49.1935951, -121.9290716 49.1928806, -121.9297371 49.1928806, -121.9297846 49.1922592, -121.9301174 49.1922592, -121.9301649 49.1917001, -121.9307829 49.1917001, -121.930738 49.1861305, -121.9307353 49.1857971, -121.930973 49.1857132, -121.9328269 49.1848277, -121.9347521 49.1835694, -121.9368912 49.1826372, -121.9402425 49.1818915, -121.9430234 49.1817517, -121.9463034 49.1817051, -121.9497259 49.1820313, -121.9524688 49.1826155)))"
1125922,Little Mountain,Neighborhood,N,Neighborhood,Northside,Little Mountain,,CAN,"Chilliwack, BC",49.185065,-121.911255,20220419,1728870.232,Canada,British Columbia,"Chilliwack, BC",Chilliwack,"MULTIPOLYGON (((-121.9307353 49.1857971, -121.9298028 49.1860969, -121.929229 49.1862814, -121.9282656 49.1865911, -121.9263641 49.1869639, -121.9246528 49.1871814, -121.9231555 49.1872746, -121.9220859 49.1872591, -121.9208737 49.186995, -121.9196378 49.1868862, -121.9176888 49.1867154, -121.9161677 49.1868396, -121.9152883 49.1869484, -121.9149317 49.1871814, -121.9140999 49.1870882, -121.912032 49.1873678, -121.9103921 49.1873367, -121.9098216 49.1872746, -121.9089897 49.1871193, -121.9078251 49.1869328, -121.9070645 49.1868552, -121.9057335 49.1869639, -121.9045451 49.1871969, -121.9045689 49.1911736, -121.896464 49.1912823, -121.8961788 49.1903814, -121.8956084 49.1889212, -121.8952994 49.1880203, -121.8953469 49.1875542, -121.8956084 49.1868396, -121.896464 49.1853949, -121.8972246 49.1847269, -121.8981991 49.1840123, -121.8985556 49.1836705, -121.8987695 49.1833442, -121.8984368 49.1829092, -121.8983655 49.1824742, -121.8985318 49.1820237, -121.9002194 49.1823189, -121.9011701 49.1824431, -121.9018118 49.1824587, -121.9042905 49.1821409, -121.9102495 49.1813867, -121.9157636 49.180672, -121.9188535 49.180439, -121.9213966 49.1804234, -121.9217584 49.1804278, -121.9226801 49.180439, -121.9228711 49.1804647, -121.924024 49.1806198, -121.9242963 49.1806565, -121.9263166 49.1805788, -121.9262453 49.1815265, -121.9266969 49.1819305, -121.9271247 49.1824276, -121.9271485 49.1830024, -121.9269108 49.1841055, -121.927814 49.1842919, -121.9292222 49.1850175, -121.9307353 49.1857971)))"
1125923,Sardis,Neighborhood,N,Neighborhood,Southside,Sardis,,CAN,"Chilliwack, BC",49.13226,-121.963061,20220419,4689143.299,Canada,British Columbia,"Chilliwack, BC",Chilliwack,"MULTIPOLYGON (((-121.9776546 49.1437995, -121.9681763 49.1436851, -121.9666394 49.1438527, -121.9662511 49.143895, -121.9645398 49.1442449, -121.9622225 49.1448046, -121.9564825 49.1462039, -121.9564825 49.143312, -121.9563042 49.1348685, -121.9555912 49.1348219, -121.9556268 49.1319293, -121.9435052 49.1318827, -121.9436478 49.1313228, -121.9442895 49.1305763, -121.9446104 49.1301797, -121.9450382 49.1303197, -121.9457869 49.1301564, -121.9457869 49.1295498, -121.9459652 49.1290833, -121.9470704 49.1288966, -121.9474625 49.1283367, -121.9474625 49.1275669, -121.94404 49.1274969, -121.9438974 49.1273336, -121.9402168 49.1273003, -121.9387278 49.1272869, -121.9383356 49.1258171, -121.9384069 49.1244872, -121.9409109 49.1244606, -121.9427921 49.1244406, -121.9428278 49.123064, -121.9432727 49.1230895, -121.94486 49.1231807, -121.9459295 49.1231807, -121.9473199 49.1229707, -121.948746 49.1229007, -121.9502077 49.1229007, -121.9507069 49.1228773, -121.954379 49.1228773, -121.9577303 49.1229007, -121.958479 49.1231107, -121.9588355 49.1228773, -121.9598338 49.122854, -121.9642546 49.122854, -121.9774815 49.122854, -121.9774458 49.1233206, -121.9776546 49.1437995)))"
1125924,Tzeachten,Neighborhood,N,Neighborhood,Southside,Tzeachten,,CAN,"Chilliwack, BC",49.112683,-121.944438,20220419,2440906.832,Canada,British Columbia,"Chilliwack, BC",Tzeachten 13,"MULTIPOLYGON (((-121.9611974 49.1023784, -121.9606627 49.1031487, -121.9602705 49.1035221, -121.9594505 49.1035921, -121.9588801 49.1036855, -121.958678 49.1041757, -121.9590345 49.1044558, -121.9595099 49.1047981, -121.9591296 49.1050626, -121.9581314 49.1046736, -121.957347 49.1045647, -121.9562775 49.1045491, -121.9559209 49.1046425, -121.954376 49.1052027, -121.9537343 49.1054361, -121.9528311 49.1059495, -121.951714 49.1067587, -121.9513575 49.1073966, -121.9515001 49.1113408, -121.9579175 49.1113875, -121.9575609 49.1131844, -121.9574183 49.1154713, -121.9577392 49.1165448, -121.9586448 49.1185282, -121.9446914 49.1185054, -121.9443483 49.1185049, -121.9405823 49.118552, -121.938751 49.1185749, -121.9294458 49.1184815, -121.9295171 49.1092124, -121.93102 49.1092174, -121.9319809 49.1092207, -121.9405835 49.1092497, -121.9427511 49.1080174, -121.9461737 49.1064117, -121.9534752 49.103312, -121.9585948 49.1012113, -121.9588719 49.101739, -121.958987 49.1019582, -121.96052 49.1021216, -121.9611974 49.1023784)))"
1125925,Yarrow,Neighborhood,N,Neighborhood,Southside,Yarrow,,CAN,,49.080805,-122.051654,20220419,13859542.89,Canada,British Columbia,,Chilliwack,"MULTIPOLYGON (((-122.0878207 49.0508652, -122.084303 49.0532952, -122.084303 49.0549614, -122.084303 49.0556005, -122.0805001 49.0582794, -122.0806418 49.059903, -122.0802321 49.0821976, -122.0801702 49.1021813, -122.077648 49.1032395, -122.0701373 49.0952717, -122.0661443 49.0908515, -122.063102 49.0891082, -122.0591089 49.0882988, -122.056542 49.088112, -122.0549258 49.0886101, -122.0510278 49.0885479, -122.0492215 49.0897931, -122.0443728 49.0910383, -122.036767 49.0915986, -122.0334395 49.0941511, -122.0332494 49.0953962, -122.0296367 49.0973883, -122.0257387 49.0984465, -122.0218408 49.0990068, -122.0172773 49.0991935, -122.010242 49.0982598, -122.006249 49.0982598, -122.0015904 49.0972638, -121.9985071 49.0974741, -121.9975615 49.0975386, -121.997027 49.097575, -121.9913227 49.0967658, -121.9892806 49.0969536, -121.9780127 49.0967637, -121.9787732 49.0960187, -121.9800015 49.0957774, -121.9844775 49.0948982, -121.9892311 49.092906, -121.9933192 49.092657, -121.9989284 49.0907892, -122.0038722 49.0905402, -122.0081508 49.0893996, -122.0105271 49.0894024, -122.0149956 49.0897308, -122.0168969 49.08941, -122.0189886 49.0888592, -122.0226013 49.0874894, -122.0271648 49.0856215, -122.0299219 49.0836912, -122.0313695 49.083368, -122.034105 49.0827572, -122.0376227 49.08201, -122.0397143 49.0820722, -122.0399995 49.0798305, -122.0429467 49.077464, -122.0431927 49.0771239, -122.0438024 49.0762808, -122.045989 49.0755334, -122.0462742 49.0733537, -122.0487461 49.0712984, -122.0506475 49.0709247, -122.0510278 49.0676858, -122.0558765 49.0673121, -122.056914 49.0598121, -122.0608202 49.0587778, -122.0629118 49.0584663, -122.067095 49.057158, -122.0692816 49.0569088, -122.0719618 49.055871, -122.0734648 49.0552889, -122.0758416 49.054479, -122.0786464 49.0528332, -122.0840178 49.0496813, -122.0871551 49.0484974, -122.0878207 49.0508652)))"
1125926,Majuba Hill,Neighborhood,S,Sub Neighborhood,Southside,Majuba Hill,Majuba Hill,CAN,,49.063361,-122.065042,20220419,2541302.053,Canada,British Columbia,,Chilliwack,"MULTIPOLYGON (((-122.0878207 49.0508652, -122.084303 49.0532952, -122.084303 49.0549614, -122.0820735 49.0560829, -122.080077 49.0566903, -122.0787223 49.0579987, -122.0764405 49.0589799, -122.075371 49.0602414, -122.0748006 49.0611291, -122.0735171 49.06183, -122.0715206 49.0635586, -122.0693101 49.0646332, -122.0687397 49.0664552, -122.0654597 49.0688377, -122.0643902 49.069772, -122.0632493 49.0705661, -122.0613241 49.0720142, -122.0585433 49.0729484, -122.0554772 49.0732754, -122.0541937 49.0738359, -122.0531955 49.07463, -122.0504146 49.0753306, -122.0465642 49.0763582, -122.0431927 49.0771239, -122.0438024 49.0762808, -122.045989 49.0755334, -122.0462742 49.0733537, -122.0487461 49.0712984, -122.0506475 49.0709247, -122.0510278 49.0676858, -122.0558765 49.0673121, -122.056914 49.0598121, -122.0608202 49.0587778, -122.0629118 49.0584663, -122.067095 49.057158, -122.0692816 49.0569088, -122.0719618 49.055871, -122.0734648 49.0552889, -122.0758416 49.054479, -122.0786464 49.0528332, -122.0840178 49.0496813, -122.0871551 49.0484974, -122.0878207 49.0508652)))"
1125927,Cattermole,Neighborhood,N,Neighborhood,Northside,Cattermole,,CAN,,49.140802,-122.075598,20220419,4299343.83,Canada,British Columbia,,Chilliwack,"MULTIPOLYGON (((-122.040114 49.1412482, -122.0423242 49.140903, -122.059546 49.1384854, -122.0715963 49.1366661, -122.0755893 49.1356397, -122.094271 49.1317675, -122.0962341 49.1317138, -122.0954416 49.1332779, -122.0950847 49.1353481, -122.0951922 49.1364773, -122.0951979 49.1365376, -122.0956295 49.1372802, -122.096497 49.138773, -122.0981049 49.1394473, -122.0992946 49.1398637, -122.1003951 49.1401016, -122.101912 49.1399529, -122.1033397 49.1397745, -122.104232 49.1395365, -122.1058381 49.1395365, -122.1086935 49.1396852, -122.1128873 49.1400124, -122.1151756 49.1403529, -122.1177299 49.1422639, -122.1128813 49.1429636, -122.108603 49.1430569, -122.1078477 49.1430309, -122.1031839 49.1428703, -122.1014014 49.1443629, -122.0995474 49.1451092, -122.0990029 49.146263, -122.0979895 49.1463666, -122.0960536 49.1452491, -122.0945562 49.1445961, -122.0929875 49.1424505, -122.0919892 49.1421706, -122.0905632 49.1413776, -122.088638 49.1414709, -122.0871406 49.142124, -122.0848588 49.1438965, -122.080438 49.14357, -122.0760885 49.1433834, -122.067972 49.1447559, -122.0656068 49.1451558, -122.0623981 49.146182, -122.0589042 49.146695, -122.0574781 49.1460887, -122.053699 49.146835, -122.0517025 49.1484208, -122.0497071 49.1495593, -122.049921 49.14844, -122.0452149 49.1467609, -122.0423628 49.1448019, -122.0402237 49.1444754, -122.040114 49.1412482)))"
1125928,Cultus Lake,Neighborhood,N,Neighborhood,Southside,Cultus Lake,,CAN,"Chilliwack, BC",49.071768,-121.969326,20220419,1945110.687,Canada,British Columbia,"Chilliwack, BC",Fraser Valley H,"MULTIPOLYGON (((-121.9841563 49.0724112, -121.9841088 49.0739059, -121.9838236 49.075494, -121.9833958 49.0762414, -121.9823024 49.0772689, -121.9816369 49.0773312, -121.9807297 49.077908, -121.9800207 49.0783587, -121.9798781 49.079106, -121.9769309 49.079106, -121.9752671 49.0801335, -121.9735558 49.079791, -121.9735083 49.0749958, -121.9644289 49.0749958, -121.9643814 49.0751515, -121.9618527 49.0751585, -121.9531154 49.0751826, -121.9515467 49.0751203, -121.9514041 49.0742484, -121.9530678 49.0735945, -121.9543038 49.0735011, -121.9575362 49.0726291, -121.9572035 49.0715081, -121.9569182 49.0709475, -121.9579165 49.0689855, -121.9594852 49.0677398, -121.9627176 49.0676464, -121.9633831 49.0665563, -121.9646191 49.0632549, -121.965237 49.0635975, -121.9670434 49.064781, -121.9684219 49.0651236, -121.9698005 49.0650925, -121.9728903 49.0656842, -121.9753147 49.0664006, -121.977121 49.0673972, -121.9781668 49.0683315, -121.9786422 49.0703247, -121.9789274 49.0718506, -121.979783 49.0736568, -121.9809239 49.0755252, -121.9813517 49.0758054, -121.9818746 49.0758677, -121.98235 49.0755252, -121.9828253 49.0744664, -121.9830155 49.0731585, -121.9841563 49.0724112)))"
1125929,Camp River,Neighborhood,N,Neighborhood,Northside,Camp River,,CAN,"Chilliwack, BC",49.20473,-121.88354,20220419,16534256.6,Canada,British Columbia,"Chilliwack, BC",Chilliwack,"MULTIPOLYGON (((-121.9063336 49.2033841, -121.9051452 49.1996957, -121.9031843 49.1975602, -121.9025901 49.1958906, -121.8994409 49.1956576, -121.8982525 49.1949198, -121.8968858 49.1931336, -121.896464 49.1912823, -121.9045689 49.1911736, -121.9045451 49.1871969, -121.9057335 49.1869639, -121.9070645 49.1868552, -121.9078251 49.1869328, -121.9089897 49.1871193, -121.9098216 49.1872746, -121.9103921 49.1873367, -121.912032 49.1873678, -121.9140999 49.1870882, -121.9149317 49.1871814, -121.9152883 49.1869484, -121.9161677 49.1868396, -121.9176888 49.1867154, -121.9196378 49.1868862, -121.9208737 49.186995, -121.9220859 49.1872591, -121.9231555 49.1872746, -121.9246528 49.1871814, -121.9263641 49.1869639, -121.9282656 49.1865911, -121.929229 49.1862814, -121.9298028 49.1860969, -121.9307353 49.1857971, -121.930738 49.1861305, -121.9307829 49.1917001, -121.9301649 49.1917001, -121.9301174 49.1922592, -121.9297846 49.1922592, -121.9297371 49.1928806, -121.9290716 49.1928806, -121.929024 49.1935951, -121.9300223 49.1936261, -121.9300698 49.1939989, -121.9307353 49.1939989, -121.9308304 49.1955521, -121.9330171 49.1956142, -121.9346333 49.1960181, -121.9362495 49.1964219, -121.9365823 49.1968568, -121.9366298 49.1975712, -121.9368199 49.1979129, -121.9374664 49.1984844, -121.938064 49.1984718, -121.9381826 49.1988415, -121.938658 49.2000452, -121.9394899 49.2024911, -121.939371 49.20319, -121.9378261 49.2036559, -121.9362812 49.2048982, -121.9350928 49.2059076, -121.9314682 49.2064511, -121.9303392 49.2071886, -121.9290914 49.2076933, -121.9276653 49.2089355, -121.9274871 49.2095566, -121.9252291 49.2111482, -121.9235653 49.2129338, -121.9212154 49.2144216, -121.919703 49.2153791, -121.9169697 49.2169705, -121.9115625 49.2183289, -121.9074031 49.2181348, -121.9046698 49.2190275, -121.9014017 49.2202306, -121.8984901 49.2207352, -121.8966481 49.221783, -121.894509 49.2213949, -121.8920728 49.219959, -121.8900525 49.219338, -121.887854 49.219532, -121.8828033 49.2186782, -121.880783 49.2176303, -121.88007 49.2159225, -121.8786709 49.2141182, -121.8777526 49.2129338, -121.8762671 49.2111094, -121.8741874 49.2092849, -121.8719888 49.2083533, -121.8669381 49.2069945, -121.8631947 49.2068393, -121.8568962 49.2056358, -121.8521426 49.2066452, -121.8447151 49.2092073, -121.838476 49.2114199, -121.8352673 49.2123127, -121.8319992 49.212662, -121.8300978 49.212468, -121.8278398 49.212468, -121.8255819 49.2120022, -121.8202368 49.2137015, -121.8142921 49.2137489, -121.8069834 49.2104107, -121.8006255 49.2080039, -121.7967038 49.2052088, -121.7946835 49.2035782, -121.7961253 49.2035319, -121.7968338 49.2035091, -121.7983081 49.2034617, -121.8011603 49.2032288, -121.8040124 49.2029959, -121.8065675 49.2026076, -121.808766 49.2017146, -121.8099544 49.2004722, -121.8116182 49.1995792, -121.8140544 49.1993463, -121.815837 49.1996957, -121.8164906 49.2004334, -121.8183921 49.2021417, -121.8194616 49.2028406, -121.8208283 49.2032288, -121.8237993 49.2033064, -121.8256413 49.2039664, -121.8280181 49.2048205, -121.8310485 49.2051311, -121.8322963 49.2043547, -121.8337224 49.2033064, -121.8356833 49.2017923, -121.8381195 49.2010158, -121.8399615 49.2006664, -121.8413876 49.1999287, -121.8442992 49.1984533, -121.8469136 49.1979873, -121.8495281 49.1976767, -121.8508948 49.198065, -121.8519643 49.1985309, -121.8525585 49.1992686, -121.8539252 49.2004334, -121.8551136 49.2010546, -121.8578469 49.2014817, -121.8593408 49.201758, -121.8609962 49.2020641, -121.8642048 49.2024523, -121.8660468 49.2023358, -121.8687207 49.2014817, -121.8710975 49.2003169, -121.8726425 49.1988415, -121.8743062 49.1983368, -121.8756135 49.1984144, -121.8833975 49.2002005, -121.8857148 49.2003946, -121.8876757 49.2000063, -121.8893989 49.1992686, -121.8904684 49.1977544, -121.8919539 49.1974049, -121.8932612 49.1973272, -121.895222 49.1972108, -121.8976583 49.196939, -121.8989655 49.1975214, -121.8999756 49.1985697, -121.8999756 49.1992686, -121.899738 49.2002393, -121.8990843 49.2012876, -121.8984901 49.2028406, -121.8990249 49.2040053, -121.8999162 49.2047429, -121.9018771 49.2050535, -121.9047292 49.2049758, -121.9059176 49.2046264, -121.9063336 49.2033841)))"
1125930,Minto Landing,Neighborhood,N,Neighborhood,Northside,Minto Landing,,CAN,"Chilliwack, BC",49.194523,-121.948553,20220419,1968926.985,Canada,British Columbia,"Chilliwack, BC",Chilliwack,"MULTIPOLYGON (((-121.9442436 49.2033222, -121.9417479 49.2031669, -121.939371 49.20319, -121.9394899 49.2024911, -121.938658 49.2000452, -121.9381826 49.1988415, -121.938064 49.1984718, -121.9386453 49.1984596, -121.9386643 49.193974, -121.9391017 49.1938871, -121.9392157 49.1912154, -121.94087 49.1911906, -121.9418342 49.191178, -121.9465933 49.191116, -121.9466694 49.1882827, -121.9505103 49.1882578, -121.9524688 49.1882205, -121.9524688 49.1880093, -121.9524497 49.1845419, -121.9524307 49.1835228, -121.9524688 49.1826155, -121.9557116 49.1834794, -121.9592174 49.1842562, -121.9604058 49.1851494, -121.9606435 49.1863534, -121.9595739 49.1870913, -121.9566029 49.1876738, -121.9551174 49.1881787, -121.9536319 49.1892272, -121.9535725 49.1903146, -121.9542261 49.1916349, -121.955771 49.1926446, -121.9590985 49.1933824, -121.9611782 49.1942755, -121.9595145 49.1953239, -121.9570189 49.195984, -121.9555334 49.1968771, -121.9540479 49.1974595, -121.9524435 49.199362, -121.950958 49.2010704, -121.9506015 49.2021187, -121.9488783 49.2028175, -121.9469769 49.2031669, -121.9442436 49.2033222)))"
1125931,Eagle Landing,Neighborhood,S,Sub Neighborhood,Northside,Chilliwack Proper Village West,Eagle Landing,CAN,"Chilliwack, BC",49.152322,-121.980702,20220419,547466.119,Canada,British Columbia,"Chilliwack, BC",Squiaala,"MULTIPOLYGON (((-121.9756936 49.1500856, -121.9767989 49.1496577, -121.9773694 49.1495457, -121.9783961 49.1495457, -121.97948 49.1499188, -121.9813624 49.1499188, -121.9819899 49.1493219, -121.9818758 49.1481279, -121.9817617 49.1475682, -121.9825032 49.1467846, -121.9838723 49.14671, -121.9860399 49.1474189, -121.9866674 49.1486502, -121.9868385 49.1493965, -121.9859258 49.1504412, -121.9851948 49.1508068, -121.9839864 49.1514112, -121.982218 49.1521574, -121.9819899 49.1530902, -121.9825603 49.1540229, -121.9841402 49.1544733, -121.984785 49.1546571, -121.9852413 49.1548809, -121.9859829 49.1551421, -121.9836074 49.1558885, -121.9757722 49.1583504, -121.9754797 49.157827, -121.9755153 49.1571276, -121.9758718 49.1563115, -121.9770483 49.1555654, -121.9780109 49.1550058, -121.9783318 49.1544695, -121.9783318 49.1536534, -121.9772622 49.1532803, -121.9771553 49.1530238, -121.9770483 49.1525574, -121.9759788 49.1520444, -121.9747666 49.1516946, -121.9743031 49.151135, -121.9745527 49.150552, -121.9756936 49.1500856)))"
1125932,Bridal Falls - Popkum,Neighborhood,N,Neighborhood,Northside,Bridal Falls - Popkum,,CAN,"Chilliwack, BC",49.194092,-121.755056,20220419,13754513.34,Canada,British Columbia,"Chilliwack, BC",Fraser Valley D,"MULTIPOLYGON (((-121.7884234 49.201173, -121.7882095 49.2021048, -121.7868547 49.2036423, -121.7847156 49.2031764, -121.783646 49.2034559, -121.7817921 49.2036889, -121.7780843 49.2039218, -121.7748756 49.2036889, -121.7718096 49.2033162, -121.7681018 49.2038752, -121.7621836 49.2056455, -121.757121 49.2064841, -121.7527001 49.2066704, -121.7483506 49.2070431, -121.7471103 49.206881, -121.7454984 49.2066704, -121.7397228 49.2051331, -121.7390098 49.2063909, -121.7362289 49.206717, -121.7350168 49.208394, -121.7322359 49.2085804, -121.729354 49.2110026, -121.7254323 49.2124, -121.7207976 49.2120895, -121.7174701 49.2119342, -121.7144991 49.2130211, -121.7042788 49.2148842, -121.7026151 49.2139527, -121.70416 49.2130987, -121.7051107 49.2123224, -121.7080817 49.2094499, -121.7143802 49.2058008, -121.7148556 49.2022291, -121.7181831 49.2005984, -121.7212729 49.1994336, -121.7246004 49.1985794, -121.7270961 49.1987348, -121.7284033 49.1982688, -121.7314932 49.1967934, -121.734583 49.1950849, -121.7373163 49.1926773, -121.7339888 49.1907046, -121.7345592 49.1895396, -121.7365557 49.1875357, -121.7396218 49.1859978, -121.7443992 49.1852987, -121.7444705 49.1821761, -121.7465383 49.1821761, -121.7525991 49.1819896, -121.7525991 49.1785871, -121.7533122 49.177515, -121.756806 49.1771887, -121.7590165 49.1773286, -121.7625817 49.1774218, -121.762653 49.1749046, -121.7627956 49.1714084, -121.7694981 49.1713152, -121.7694981 49.1700098, -121.7735625 49.1697767, -121.7734912 49.1759768, -121.7745472 49.1751438, -121.782793 49.175086, -121.7829611 49.178342, -121.782781 49.1783309, -121.7827737 49.1803149, -121.782772 49.1807824, -121.7827471 49.187534, -121.7883331 49.187388, -121.7881543 49.1940192, -121.7879761 49.2002706, -121.7884234 49.201173)))"
1125933,Northside,Neighborhood,M,Macro Neighborhood,,,,CAN,,49.178576,-121.888394,20220419,115572667.5,Canada,British Columbia,,Chilliwack,"MULTIPOLYGON (((-121.8920728 49.219959, -121.8900525 49.219338, -121.887854 49.219532, -121.8828033 49.2186782, -121.880783 49.2176303, -121.88007 49.2159225, -121.8786709 49.2141182, -121.8777526 49.2129338, -121.8762671 49.2111094, -121.8741874 49.2092849, -121.8719888 49.2083533, -121.8669381 49.2069945, -121.8631947 49.2068393, -121.8568962 49.2056358, -121.8521426 49.2066452, -121.8447151 49.2092073, -121.838476 49.2114199, -121.8352673 49.2123127, -121.8319992 49.212662, -121.8300978 49.212468, -121.8278398 49.212468, -121.8255819 49.2120022, -121.8202368 49.2137015, -121.8142921 49.2137489, -121.8069834 49.2104107, -121.8006255 49.2080039, -121.7967038 49.2052088, -121.7946835 49.2035782, -121.7942152 49.203066, -121.7908668 49.2009859, -121.7879761 49.2002706, -121.7884234 49.201173, -121.7882095 49.2021048, -121.7868547 49.2036423, -121.7847156 49.2031764, -121.783646 49.2034559, -121.7817921 49.2036889, -121.7780843 49.2039218, -121.7748756 49.2036889, -121.7718096 49.2033162, -121.7681018 49.2038752, -121.7621836 49.2056455, -121.757121 49.2064841, -121.7527001 49.2066704, -121.7483506 49.2070431, -121.7471103 49.206881, -121.7454984 49.2066704, -121.7397228 49.2051331, -121.7390098 49.2063909, -121.7362289 49.206717, -121.7350168 49.208394, -121.7322359 49.2085804, -121.729354 49.2110026, -121.7254323 49.2124, -121.7207976 49.2120895, -121.7174701 49.2119342, -121.7144991 49.2130211, -121.7042788 49.2148842, -121.7026151 49.2139527, -121.70416 49.2130987, -121.7051107 49.2123224, -121.7080817 49.2094499, -121.7143802 49.2058008, -121.7148556 49.2022291, -121.7181831 49.2005984, -121.7212729 49.1994336, -121.7246004 49.1985794, -121.7270961 49.1987348, -121.7284033 49.1982688, -121.7314932 49.1967934, -121.734583 49.1950849, -121.7373163 49.1926773, -121.7339888 49.1907046, -121.7345592 49.1895396, -121.7365557 49.1875357, -121.7396218 49.1859978, -121.7443992 49.1852987, -121.7444705 49.1821761, -121.7465383 49.1821761, -121.7525991 49.1819896, -121.7525991 49.1785871, -121.7533122 49.177515, -121.756806 49.1771887, -121.7590165 49.1773286, -121.7625817 49.1774218, -121.762653 49.1749046, -121.7627956 49.1714084, -121.7694981 49.1713152, -121.7694981 49.1700098, -121.7735625 49.1697767, -121.7734912 49.1759768, -121.7745472 49.1751438, -121.7761515 49.1735122, -121.7784689 49.1722303, -121.7821529 49.1711037, -121.7838761 49.1698605, -121.7851239 49.1685396, -121.7858429 49.167915, -121.8009319 49.159731, -121.8059842 49.160575, -121.8091522 49.160323, -121.817641 49.156576, -121.82188 49.15511, -121.82611 49.154321, -121.8301821 49.1543572, -121.831173 49.154366, -121.9206128 49.15516, -121.9257261 49.1539771, -121.9263271 49.153838, -121.9292717 49.1531086, -121.947723 49.148538, -121.9564825 49.1462039, -121.9622225 49.1448046, -121.9645398 49.1442449, -121.9662511 49.143895, -121.9666394 49.1438527, -121.9681763 49.1436851, -121.9776546 49.1437995, -122.0062474 49.1443499, -122.0187564 49.1447037, -122.0204725 49.1445687, -122.023508 49.143842, -122.0324592 49.1424439, -122.040114 49.1412482, -122.0423242 49.140903, -122.059546 49.1384854, -122.0715963 49.1366661, -122.0755893 49.1356397, -122.094271 49.1317675, -122.0962341 49.1317138, -122.0954416 49.1332779, -122.0950847 49.1353481, -122.0951922 49.1364773, -122.0951979 49.1365376, -122.0956295 49.1372802, -122.096497 49.138773, -122.0981049 49.1394473, -122.0992946 49.1398637, -122.1003951 49.1401016, -122.101912 49.1399529, -122.1033397 49.1397745, -122.104232 49.1395365, -122.1058381 49.1395365, -122.1086935 49.1396852, -122.1128873 49.1400124, -122.1151756 49.1403529, -122.1177299 49.1422639, -122.1128813 49.1429636, -122.108603 49.1430569, -122.1078477 49.1430309, -122.1031839 49.1428703, -122.1014014 49.1443629, -122.0995474 49.1451092, -122.0990029 49.146263, -122.0979895 49.1463666, -122.0960536 49.1452491, -122.0945562 49.1445961, -122.0929875 49.1424505, -122.0919892 49.1421706, -122.0905632 49.1413776, -122.088638 49.1414709, -122.0871406 49.142124, -122.0848588 49.1438965, -122.080438 49.14357, -122.0760885 49.1433834, -122.067972 49.1447559, -122.0656068 49.1451558, -122.0623981 49.146182, -122.0589042 49.146695, -122.0574781 49.1460887, -122.053699 49.146835, -122.0517025 49.1484208, -122.0497071 49.1495593, -122.0479958 49.1508185, -122.0462132 49.152171, -122.0439315 49.1547826, -122.0438587 49.1552437, -122.0432184 49.1553422, -122.0425767 49.1560883, -122.0379419 49.157021, -122.0372289 49.157907, -122.0361593 49.1581868, -122.0350898 49.1597255, -122.0340202 49.1600986, -122.0329507 49.1609379, -122.0320237 49.1609845, -122.0310968 49.1612177, -122.0288863 49.1624766, -122.0271751 49.1625232, -122.026462 49.1626631, -122.0251785 49.162803, -122.0243229 49.1635024, -122.0227542 49.1649011, -122.0206151 49.1660201, -122.0189038 49.1655539, -122.0176203 49.1658336, -122.0139125 49.1656937, -122.0083508 49.1695634, -122.006996 49.1705424, -122.0067821 49.1726868, -122.0062117 49.1746913, -122.0053561 49.1759965, -122.0040013 49.1769288, -122.0020761 49.1778611, -121.9992952 49.1794458, -121.99525 49.1796261, -121.9930205 49.1797255, -121.9900257 49.1793526, -121.9864096 49.1787373, -121.9834592 49.1791402, -121.9804929 49.1795504, -121.9780971 49.1800724, -121.9760435 49.180147, -121.973933 49.1804453, -121.9724498 49.1806318, -121.9709097 49.1805572, -121.9694836 49.1801097, -121.9682857 49.1801097, -121.9669166 49.1807063, -121.9658899 49.1817131, -121.964692 49.181825, -121.9646349 49.1812284, -121.9646349 49.1802589, -121.9640074 49.1796996, -121.9631518 49.1800352, -121.9627525 49.1807809, -121.962068 49.1812284, -121.9606989 49.1816758, -121.9591588 49.1823097, -121.9572193 49.182347, -121.9543672 49.1824588, -121.9534545 49.1826453, -121.9524688 49.1826155, -121.9557116 49.1834794, -121.9592174 49.1842562, -121.9604058 49.1851494, -121.9606435 49.1863534, -121.9595739 49.1870913, -121.9566029 49.1876738, -121.9551174 49.1881787, -121.9536319 49.1892272, -121.9535725 49.1903146, -121.9542261 49.1916349, -121.955771 49.1926446, -121.9590985 49.1933824, -121.9611782 49.1942755, -121.9595145 49.1953239, -121.9570189 49.195984, -121.9555334 49.1968771, -121.9540479 49.1974595, -121.9524435 49.199362, -121.950958 49.2010704, -121.9506015 49.2021187, -121.9488783 49.2028175, -121.9469769 49.2031669, -121.9442436 49.2033222, -121.9417479 49.2031669, -121.939371 49.20319, -121.9378261 49.2036559, -121.9362812 49.2048982, -121.9350928 49.2059076, -121.9314682 49.2064511, -121.9303392 49.2071886, -121.9290914 49.2076933, -121.9276653 49.2089355, -121.9274871 49.2095566, -121.9252291 49.2111482, -121.9235653 49.2129338, -121.9212154 49.2144216, -121.919703 49.2153791, -121.9169697 49.2169705, -121.9115625 49.2183289, -121.9074031 49.2181348, -121.9046698 49.2190275, -121.9014017 49.2202306, -121.8984901 49.2207352, -121.8966481 49.221783, -121.894509 49.2213949, -121.8920728 49.219959)))"
1125934,Southside,Neighborhood,M,Macro Neighborhood,,,,CAN,,49.116462,-121.93639,20220419,155417266.3,Canada,British Columbia,,Chilliwack,"MULTIPOLYGON (((-122.0984108 49.1279882, -122.0978535 49.1286658, -122.0967979 49.1306011, -122.09645 49.1312877, -122.0962341 49.1317138, -122.094271 49.1317675, -122.0755893 49.1356397, -122.0715963 49.1366661, -122.059546 49.1384854, -122.0423242 49.140903, -122.040114 49.1412482, -122.0324592 49.1424439, -122.023508 49.143842, -122.0204725 49.1445687, -122.0187564 49.1447037, -122.0062474 49.1443499, -121.9776546 49.1437995, -121.9681763 49.1436851, -121.9666394 49.1438527, -121.9662511 49.143895, -121.9645398 49.1442449, -121.9622225 49.1448046, -121.9564825 49.1462039, -121.947723 49.148538, -121.9292717 49.1531086, -121.9263271 49.153838, -121.9257261 49.1539771, -121.9206128 49.15516, -121.831173 49.154366, -121.8301821 49.1543572, -121.82611 49.154321, -121.82188 49.15511, -121.817641 49.156576, -121.8091522 49.160323, -121.8059842 49.160575, -121.8009319 49.159731, -121.7858429 49.167915, -121.786564 49.16134, -121.790993 49.161503, -121.7909566 49.1566343, -121.786449 49.1568674, -121.7860925 49.1508048, -121.7909126 49.1507475, -121.790691 49.121079, -121.790651 49.092593, -121.7942065 49.0910024, -121.7999821 49.0913759, -121.8044756 49.0925466, -121.8066134 49.0931035, -121.8129594 49.0939907, -121.8148029 49.0925119, -121.8158116 49.0917028, -121.8195551 49.092496, -121.8198661 49.085037, -121.8314689 49.085107, -121.831511 49.081988, -121.8372059 49.082022, -121.8466149 49.0814759, -121.8532461 49.0827835, -121.8535313 49.0883874, -121.8664684 49.0886212, -121.8710721 49.0879672, -121.8805555 49.0883874, -121.892396 49.088322, -121.8957638 49.088885, -121.899987 49.088639, -121.9092649 49.088966, -121.9143301 49.088861, -121.9208422 49.0890879, -121.9246927 49.0911424, -121.9284718 49.0928234, -121.9326074 49.0935705, -121.9385256 49.0941775, -121.9415533 49.09592, -121.9439542 49.0944803, -121.9442786 49.0940757, -121.9445781 49.0937021, -121.9465686 49.0938967, -121.9481439 49.0935401, -121.9502527 49.0934103, -121.9526589 49.0935674, -121.9551845 49.0940912, -121.9563729 49.0942079, -121.9576692 49.0947089, -121.9581852 49.0949083, -121.959585 49.0952244, -121.9612067 49.0959786, -121.9616613 49.0964646, -121.9624635 49.0969899, -121.9637878 49.097455, -121.9648993 49.0965709, -121.9644714 49.0957305, -121.9642575 49.0948434, -121.9637584 49.0934427, -121.9618471 49.0928204, -121.961548 49.0921353, -121.9624749 49.0902675, -121.9627602 49.0883063, -121.9634732 49.086812, -121.9659845 49.0861821, -121.9668245 49.0859714, -121.96647 49.085403, -121.9666106 49.0851776, -121.9691062 49.0831227, -121.9692488 49.0821887, -121.9643814 49.0751515, -121.9618527 49.0751585, -121.9531154 49.0751826, -121.9515467 49.0751203, -121.9514041 49.0742484, -121.9530678 49.0735945, -121.9543038 49.0735011, -121.9575362 49.0726291, -121.9572035 49.0715081, -121.9569182 49.0709475, -121.9579165 49.0689855, -121.9594852 49.0677398, -121.9627176 49.0676464, -121.9633831 49.0665563, -121.9646191 49.0632549, -121.965237 49.0635975, -121.9670434 49.064781, -121.9684219 49.0651236, -121.9698005 49.0650925, -121.9728903 49.0656842, -121.9753147 49.0664006, -121.977121 49.0673972, -121.9781668 49.0683315, -121.9786422 49.0703247, -121.9789274 49.0718506, -121.979783 49.0736568, -121.9809239 49.0755252, -121.9813517 49.0758054, -121.9818746 49.0758677, -121.98235 49.0755252, -121.9828253 49.0744664, -121.9830155 49.0731585, -121.9841563 49.0724112, -121.9841088 49.0739059, -121.9838236 49.075494, -121.9833958 49.0762414, -121.9823024 49.0772689, -121.9816369 49.0773312, -121.9807297 49.077908, -121.9800207 49.0783587, -121.9798781 49.079106, -121.9798731 49.0810678, -121.9790174 49.0814415, -121.9766644 49.0823288, -121.9752383 49.0842903, -121.9736697 49.0855979, -121.971174 49.0865318, -121.9691062 49.0873257, -121.9679653 49.0887266, -121.9674662 49.0907812, -121.9681079 49.0918551, -121.971174 49.0926956, -121.9729566 49.0919485, -121.9746654 49.0925983, -121.9800015 49.0957774, -121.9844775 49.0948982, -121.9892311 49.092906, -121.9933192 49.092657, -121.9989284 49.0907892, -122.0038722 49.0905402, -122.0081508 49.0893996, -122.0105271 49.0894024, -122.0149956 49.0897308, -122.0168969 49.08941, -122.0189886 49.0888592, -122.0226013 49.0874894, -122.0271648 49.0856215, -122.0299219 49.0836912, -122.0313695 49.083368, -122.034105 49.0827572, -122.0376227 49.08201, -122.0397143 49.0820722, -122.0399995 49.0798305, -122.0429467 49.077464, -122.0431927 49.0771239, -122.0438024 49.0762808, -122.045989 49.0755334, -122.0462742 49.0733537, -122.0487461 49.0712984, -122.0506475 49.0709247, -122.0510278 49.0676858, -122.0558765 49.0673121, -122.056914 49.0598121, -122.0608202 49.0587778, -122.0629118 49.0584663, -122.067095 49.057158, -122.0692816 49.0569088, -122.0719618 49.055871, -122.0734648 49.0552889, -122.0758416 49.054479, -122.0786464 49.0528332, -122.0840178 49.0496813, -122.0871551 49.0484974, -122.0878207 49.0508652, -122.084303 49.0532952, -122.084303 49.0549614, -122.084303 49.0556005, -122.0805001 49.0582794, -122.0806418 49.059903, -122.0802321 49.0821976, -122.0801702 49.1021813, -122.077648 49.1032395, -122.0800547 49.1058469, -122.0817917 49.107798, -122.0842901 49.1103441, -122.0875024 49.1137467, -122.0896439 49.1161975, -122.0922851 49.1190291, -122.09426 49.1210754, -122.0965205 49.1234311, -122.0976627 49.1250253, -122.0983289 49.126691, -122.0984108 49.1279882)))"
