822210,Ladner,Neighborhood,N,Neighborhood,Central,Ladner,,CAN,"Vancouver, BC",49.095134,-123.077608,20220419,7817375.621,Canada,British Columbia,"Vancouver, BC",Delta,"MULTIPOLYGON (((-123.0574594 49.0962206, -123.0574594 49.0954153, -123.0574309 49.0943017, -123.0573738 49.0934023, -123.0570882 49.091375, -123.0570026 49.0905612, -123.0569597 49.0901615, -123.0569455 49.0891621, -123.057074 49.087249, -123.0570882 49.0858213, -123.0571311 49.0852217, -123.05713 49.082919, -123.057995 49.082927, -123.058755 49.082935, -123.059011 49.082937, -123.059158 49.082948, -123.059781 49.082951, -123.060621 49.082966, -123.061556 49.082977, -123.06291 49.08297, -123.064031 49.082979, -123.065142 49.082986, -123.065358 49.082848, -123.065794 49.082864, -123.065794 49.082903, -123.065955 49.082909, -123.066077 49.082909, -123.066253 49.082901, -123.066793 49.082906, -123.067268 49.082907, -123.067779 49.0829, -123.068142 49.082903, -123.068336 49.082904, -123.068513 49.082909, -123.0686 49.082913, -123.068774 49.082908, -123.068931 49.082908, -123.069414 49.082914, -123.069849 49.082918, -123.070328 49.082915, -123.070836 49.082921, -123.0713 49.082921, -123.071586 49.082925, -123.072027 49.082917, -123.072416 49.082921, -123.072713 49.082919, -123.072991 49.082927, -123.073047 49.082929, -123.073091 49.082929, -123.073143 49.082926, -123.07325 49.082918, -123.073376 49.082915, -123.073417 49.08292, -123.073434 49.082924, -123.073454 49.082936, -123.073475 49.082942, -123.073527 49.082947, -123.073568 49.082948, -123.073609 49.082947, -123.073644 49.082945, -123.073873 49.082944, -123.074205 49.08294, -123.074296 49.082939, -123.074346 49.082936, -123.074386 49.082937, -123.074421 49.082944, -123.074463 49.082952, -123.074501 49.082958, -123.074544 49.082964, -123.074681 49.08297, -123.074681 49.082822, -123.074662 49.08232, -123.075355 49.082318, -123.076695 49.082326, -123.077336 49.082322, -123.077322 49.082154, -123.077317 49.082041, -123.077328 49.081886, -123.077355 49.081684, -123.07739 49.081487, -123.077404 49.081455, -123.07749 49.08129, -123.077586 49.081127, -123.077728 49.080912, -123.077813 49.080761, -123.077835 49.080722, -123.077856 49.080678, -123.077937 49.08046, -123.078043 49.080194, -123.07807 49.080121, -123.078108 49.080062, -123.078225 49.07989, -123.078461 49.079529, -123.078895 49.07961, -123.078919 49.07956, -123.079185 49.079573, -123.079783 49.079582, -123.080093 49.079585, -123.080459 49.079581, -123.080459 49.079606, -123.080761 49.079611, -123.081377 49.079616, -123.08169 49.079622, -123.082515 49.079616, -123.083613 49.079618, -123.083996 49.079608, -123.084049 49.079611, -123.084109 49.07962, -123.084286 49.079656, -123.084696 49.079663, -123.085389 49.07967, -123.085714 49.079672, -123.086263 49.079678, -123.086498 49.079678, -123.086662 49.07965, -123.087231 49.079658, -123.087421 49.07966, -123.087728 49.079658, -123.088112 49.079659, -123.088235 49.079639, -123.088614 49.079649, -123.088967 49.079661, -123.089635 49.079656, -123.090071 49.079654, -123.0904 49.079659, -123.090515 49.079652, -123.090639 49.07965, -123.090717 49.079677, -123.090719 49.079781, -123.090647 49.079787, -123.090599 49.07987, -123.090502 49.079977, -123.090518 49.080166, -123.090457 49.080172, -123.090458 49.080428, -123.090458 49.080704, -123.090463 49.081006, -123.090457 49.081339, -123.090467 49.081753, -123.090465 49.082113, -123.090466 49.082338, -123.090474 49.082572, -123.090471 49.083004, -123.090705 49.08301, -123.091132 49.08303, -123.0914145 49.083029, -123.09167 49.083031, -123.0922 49.08304, -123.09286 49.083042, -123.0933375 49.083042, -123.0934195 49.0830425, -123.094095 49.083052, -123.094706 49.083053, -123.094959 49.08305, -123.095203 49.083053, -123.095202 49.083122, -123.095508 49.083159, -123.095506 49.083174, -123.095746 49.08321, -123.095818 49.083231, -123.096295 49.083339, -123.09643 49.083372, -123.096783 49.083476, -123.097403 49.083665, -123.097947 49.083822, -123.098515 49.083995, -123.099122 49.084174, -123.099669 49.084345, -123.100051 49.084452, -123.100394 49.08455, -123.1004072 49.0844052, -123.1033241 49.0852802, -123.103277 49.085402, -123.1032967 49.0855194, -123.1028786 49.0856522, -123.1022004 49.0854737, -123.1020077 49.0857521, -123.0991806 49.0866545, -123.0950977 49.0879579, -123.0950192 49.087965, -123.0950046 49.0884754, -123.0949907 49.0889644, -123.094698 49.0890857, -123.094999 49.089596, -123.095542 49.089363, -123.095617 49.089342, -123.095681 49.089329, -123.095735 49.089327, -123.095782 49.089329, -123.095851 49.089331, -123.096248 49.089226, -123.0962277 49.0893077, -123.0952939 49.0930707, -123.0932855 49.0969338, -123.0915137 49.100556, -123.0903433 49.1029485, -123.0890916 49.1055071, -123.0851266 49.1109042, -123.0831631 49.1129927, -123.0831182 49.1130404, -123.0821322 49.1141929, -123.0814667 49.1141663, -123.0804674 49.1142972, -123.0794442 49.1144756, -123.0791468 49.1142853, -123.0788969 49.1140473, -123.078659 49.1139046, -123.0784924 49.1137618, -123.0778856 49.1137142, -123.0779427 49.1140012, -123.0778095 49.1140316, -123.0776134 49.1140621, -123.077633 49.114239, -123.077647 49.114358, -123.077675 49.114663, -123.0776755 49.114715, -123.077665 49.114735, -123.077648 49.114747, -123.077632 49.114753, -123.077614 49.114757, -123.077581 49.114758, -123.077556 49.114757, -123.07754 49.114752, -123.077521 49.114738, -123.077494 49.114716, -123.07747 49.114689, -123.077461 49.114666, -123.077452 49.114628, -123.077433 49.11453, -123.077143 49.114551, -123.07654 49.114606, -123.076313 49.114615, -123.075869 49.114641, -123.075386 49.114663, -123.07439 49.114659, -123.074094 49.114668, -123.07363 49.11457, -123.073196 49.114588, -123.072588 49.114622, -123.072324 49.114634, -123.072076 49.114657, -123.0718 49.114674, -123.071052 49.114709, -123.070285 49.114705, -123.069402 49.114729, -123.069088 49.114762, -123.068868 49.114734, -123.068692 49.11475, -123.068657 49.114561, -123.068616 49.114338, -123.068592 49.114227, -123.06855 49.114016, -123.068219 49.114028, -123.067722 49.114054, -123.067406 49.114069, -123.067328 49.114074, -123.067259 49.114088, -123.06713 49.114119, -123.066363 49.114326, -123.066024 49.114042, -123.065062 49.11327, -123.064126 49.112515, -123.064502 49.112326, -123.06459 49.112272, -123.064687 49.112214, -123.064875 49.112081, -123.064953 49.112119, -123.065005 49.112055, -123.06514 49.111915, -123.06549 49.111587, -123.065831 49.111271, -123.066258 49.110873, -123.066689 49.110471, -123.066917 49.110261, -123.067048 49.110131, -123.067124 49.110053, -123.067336 49.109795, -123.067657 49.109393, -123.06799 49.108992, -123.068266 49.108682, -123.068626 49.1083, -123.068907 49.107995, -123.069163 49.107705, -123.069489 49.107328, -123.069727 49.107049, -123.069829 49.106932, -123.069917 49.106839, -123.07036 49.10642, -123.070785 49.106023, -123.071036 49.105783, -123.071166 49.105655, -123.071273 49.105537, -123.071383 49.105408, -123.071745 49.104988, -123.071526 49.104961, -123.071484 49.104958, -123.071414 49.104954, -123.07132 49.104942, -123.071169 49.104917, -123.071094 49.104902, -123.070672 49.104766, -123.07029 49.104659, -123.070311 49.103888, -123.07027 49.103796, -123.070235 49.103737, -123.070201 49.103691, -123.070141 49.10363, -123.070017 49.103536, -123.070515 49.1032, -123.070392 49.103063, -123.070351 49.103033, -123.070322 49.103018, -123.070284 49.103005, -123.070234 49.102947, -123.070197 49.102942, -123.070162 49.102906, -123.070155 49.102855, -123.070017 49.102735, -123.069875 49.102606, -123.069782 49.102517, -123.069735 49.102472, -123.069569 49.102352, -123.069324 49.102171, -123.069043 49.101916, -123.068695 49.101635, -123.068345 49.101362, -123.067936 49.101085, -123.067572 49.100849, -123.067243 49.100631, -123.066821 49.100384, -123.066288 49.100088, -123.065879 49.099832, -123.06551 49.099617, -123.065181 49.099421, -123.064737 49.099162, -123.064699 49.099148, -123.064679 49.099142, -123.064653 49.09914, -123.064631 49.09914, -123.064601 49.099132, -123.064583 49.099123, -123.064273 49.098936, -123.0639 49.098722, -123.063861 49.098706, -123.063816 49.098691, -123.063781 49.098677, -123.063755 49.098669, -123.063713 49.098655, -123.063683 49.098644, -123.063639 49.098623, -123.063618 49.098611, -123.06358 49.098584, -123.063548 49.09856, -123.063408 49.098485, -123.063149 49.098362, -123.06281 49.098213, -123.062552 49.098094, -123.062257 49.097959, -123.061878 49.097804, -123.061467 49.097646, -123.061201 49.097551, -123.061181 49.097568, -123.060851 49.097446, -123.060489 49.097311, -123.060082 49.097184, -123.059609 49.097011, -123.059201 49.096841, -123.059009 49.096765, -123.058687 49.096658, -123.05848 49.096587, -123.058125 49.09646, -123.058076 49.096442, -123.057766 49.096303, -123.0574594 49.0962206)))"
822233,Sunshine Woods,Neighborhood,S,Sub Neighborhood,North Delta,Sunshine Hills,Sunshine Woods,CAN,"Vancouver, BC",49.115591,-122.893871,20220419,424597.425,Canada,British Columbia,"Vancouver, BC",Delta,"MULTIPOLYGON (((-122.890386 49.119326, -122.890391 49.118862, -122.89039 49.118512, -122.890396 49.117706, -122.890405 49.116819, -122.890408 49.115718, -122.890416 49.115298, -122.890424 49.114389, -122.89043 49.113658, -122.890439 49.112782, -122.890446 49.112445, -122.8904436 49.1119204, -122.890443 49.111779, -122.891702 49.111789, -122.89298 49.111797, -122.895504 49.111823, -122.89686 49.111838, -122.897335 49.111856, -122.897316 49.112485, -122.897342 49.112907, -122.897374 49.114646, -122.897326 49.115561, -122.89733 49.116687, -122.897263 49.118964, -122.897262 49.119423, -122.896909 49.119418, -122.896329 49.11941, -122.895758 49.119402, -122.895105 49.119393, -122.894124 49.119383, -122.893298 49.119372, -122.893021 49.11937, -122.891478 49.119345, -122.890386 49.119326)))"
822249,Scottsdale,Neighborhood,N,Neighborhood,North Delta,Scottsdale,,CAN,"Vancouver, BC",49.144939,-122.901507,20220419,3969375.494,Canada,British Columbia,"Vancouver, BC",Delta,"MULTIPOLYGON (((-122.903033 49.155917, -122.901976 49.1559, -122.9016305 49.1559022, -122.901346 49.155904, -122.899964 49.155908, -122.898755 49.155913, -122.897331 49.155922, -122.896128 49.15593, -122.89426 49.15594, -122.891135 49.155975, -122.890356 49.155989, -122.890359 49.155302, -122.890363 49.154306, -122.890357 49.153378, -122.890359 49.152476, -122.890354 49.152129, -122.890359 49.15074, -122.890362 49.148808, -122.8903564 49.1486025, -122.890352 49.148442, -122.89036 49.146952, -122.890356 49.145201, -122.890354 49.143897, -122.890358 49.142453, -122.890355 49.142227, -122.890348 49.140348, -122.890344 49.140048, -122.890357 49.138403, -122.890351 49.137242, -122.890346 49.136907, -122.890355 49.135377, -122.890351 49.134757, -122.890351 49.134066, -122.890958 49.134072, -122.892193 49.134071, -122.893871 49.134048, -122.895768 49.134029, -122.89647 49.13402, -122.897389 49.134011, -122.898751 49.133996, -122.899692 49.133984, -122.900718 49.133973, -122.90165 49.133964, -122.904999 49.133935, -122.906958 49.133917, -122.908847 49.133901, -122.911142 49.133881, -122.911467 49.133881, -122.912703 49.133861, -122.912696 49.13432, -122.912694 49.134969, -122.912698 49.135536, -122.912697 49.136696, -122.912689 49.137211, -122.9126847 49.1375283, -122.912683 49.137649, -122.912685 49.138035, -122.912688 49.138439, -122.912688 49.138796, -122.912688 49.13921, -122.912683 49.1397, -122.912675 49.141136, -122.912678 49.141247, -122.912662 49.142417, -122.912657 49.142643, -122.912654 49.143037, -122.912643 49.143879, -122.912639 49.144402, -122.912637 49.144598, -122.9126342 49.1447508, -122.912631 49.144922, -122.912629 49.145257, -122.912623 49.145435, -122.912618 49.145815, -122.912616 49.146462, -122.912613 49.146799, -122.912609 49.147237, -122.912603 49.147617, -122.912599 49.147905, -122.91259 49.148544, -122.912586 49.148766, -122.912568 49.149648, -122.912562 49.149952, -122.912553 49.150401, -122.912547 49.150574, -122.912536 49.150922, -122.912532 49.151171, -122.912524 49.151474, -122.912513 49.15214, -122.912509 49.152334, -122.912488 49.153121, -122.912473 49.153687, -122.912461 49.154168, -122.912457 49.15441, -122.912437 49.15542, -122.912433 49.156056, -122.911849 49.15605, -122.910852 49.156025, -122.909683 49.156009, -122.908226 49.155988, -122.907159 49.155973, -122.906616 49.155966, -122.905353 49.155946, -122.90421 49.155933, -122.903407 49.155922, -122.903033 49.155917)))"
822250,Annieville,Neighborhood,N,Neighborhood,North Delta,Annieville,,CAN,"Vancouver, BC",49.166866,-122.902001,20220419,4010177.736,Canada,British Columbia,"Vancouver, BC",Delta,"MULTIPOLYGON (((-122.913465 49.177161, -122.913311 49.177138, -122.913295 49.177149, -122.913275 49.177155, -122.913246 49.177159, -122.913229 49.17716, -122.913209 49.177156, -122.913188 49.17715, -122.913171 49.177144, -122.913148 49.177138, -122.913124 49.177133, -122.913092 49.177127, -122.913063 49.177123, -122.911417 49.177114, -122.91139 49.17712, -122.911369 49.177122, -122.911327 49.177122, -122.911201 49.177122, -122.911069 49.177126, -122.91103 49.177128, -122.910994 49.177128, -122.910951 49.177129, -122.910405 49.177127, -122.910301 49.177128, -122.910242 49.177123, -122.910197 49.17712, -122.910136 49.177113, -122.9100821 49.1771056, -122.910051 49.177101, -122.910031 49.177096, -122.909986 49.177085, -122.909675 49.177095, -122.9094724 49.1771025, -122.909323 49.177108, -122.908778 49.17712, -122.908009 49.17712, -122.906953 49.177118, -122.906647 49.177126, -122.905785 49.177124, -122.904748 49.177125, -122.90351 49.177126, -122.902631 49.177127, -122.901328 49.177131, -122.901251 49.1771312, -122.90099 49.177132, -122.899476 49.177135, -122.898047 49.177139, -122.896772 49.177141, -122.895156 49.177141, -122.893933 49.177141, -122.892813 49.177142, -122.891872 49.177147, -122.890396 49.177142, -122.890135 49.177138, -122.89014 49.176988, -122.890159 49.176409, -122.890177 49.175347, -122.890192 49.174327, -122.890209 49.173219, -122.890224 49.172421, -122.890237 49.171532, -122.890246 49.170629, -122.8902463 49.170616, -122.890253 49.1703, -122.890272 49.169003, -122.890292 49.167988, -122.890297 49.167311, -122.890306 49.166849, -122.89031 49.16664, -122.890314 49.16615, -122.890331 49.165373, -122.890337 49.164548, -122.890353 49.16358, -122.890362 49.162244, -122.890352 49.161862, -122.890359 49.161008, -122.8903552 49.160036, -122.890354 49.159745, -122.890352 49.159421, -122.890359 49.158295, -122.890361 49.156586, -122.890356 49.155989, -122.891135 49.155975, -122.89426 49.15594, -122.896128 49.15593, -122.897331 49.155922, -122.898755 49.155913, -122.899964 49.155908, -122.901346 49.155904, -122.9016305 49.1559022, -122.901976 49.1559, -122.903033 49.155917, -122.903407 49.155922, -122.90421 49.155933, -122.905353 49.155946, -122.906616 49.155966, -122.907159 49.155973, -122.908226 49.155988, -122.909683 49.156009, -122.910852 49.156025, -122.911849 49.15605, -122.912433 49.156056, -122.912425 49.156524, -122.912421 49.157308, -122.912423 49.157671, -122.912419 49.157807, -122.912419 49.158295, -122.91242 49.158723, -122.912419 49.159133, -122.91242 49.159531, -122.912421 49.159762, -122.912418 49.160181, -122.912418 49.160566, -122.912419 49.160989, -122.912416 49.161872, -122.912421 49.162313, -122.912415 49.163181, -122.912411 49.163405, -122.912379 49.163696, -122.912366 49.164061, -122.912363 49.164625, -122.91236 49.165371, -122.912356 49.166164, -122.912355 49.166998, -122.912342 49.167541, -122.912346 49.167843, -122.9129 49.167926, -122.91377 49.168059, -122.914554 49.168174, -122.915354 49.168301, -122.91558 49.16833, -122.915236 49.168636, -122.915159 49.168722, -122.915103 49.168802, -122.915079 49.168851, -122.915067 49.168897, -122.915061 49.168937, -122.91506 49.168983, -122.915065 49.169031, -122.915074 49.169083, -122.915089 49.169141, -122.915101 49.169192, -122.915143 49.169387, -122.915191 49.169581, -122.915299 49.17004, -122.915429 49.170573, -122.915633 49.171403, -122.915838 49.172236, -122.915899 49.172523, -122.915946 49.172753, -122.915989 49.172973, -122.916009 49.173124, -122.916016 49.17323, -122.916014 49.1733, -122.916008 49.173369, -122.916 49.173426, -122.915993 49.173464, -122.915979 49.173512, -122.915964 49.173564, -122.915931 49.173655, -122.915868 49.173798, -122.915809 49.17393, -122.915696 49.174169, -122.915502 49.174544, -122.915381 49.174752, -122.915315 49.174871, -122.915238 49.174991, -122.915156 49.175119, -122.915114 49.17519, -122.915092 49.175223, -122.915046 49.175292, -122.914966 49.175411, -122.914908 49.175491, -122.914805 49.17564, -122.914589 49.175936, -122.914493 49.17606, -122.914428 49.176141, -122.914356 49.17623, -122.914238 49.17638, -122.91415 49.176484, -122.914005 49.176649, -122.91391 49.176748, -122.9138225 49.1768345, -122.913746 49.1769099, -122.913641 49.177009, -122.913578 49.177062, -122.913465 49.177161)))"
822276,Sunshine Hills,Neighborhood,N,Neighborhood,North Delta,Sunshine Hills,,CAN,"Vancouver, BC",49.119788,-122.905708,20220419,7779615.536,Canada,British Columbia,"Vancouver, BC",Delta,"MULTIPOLYGON (((-122.890351 49.134066, -122.890363 49.132719, -122.89036 49.131898, -122.890364 49.130665, -122.890354 49.130233, -122.890366 49.129602, -122.890361 49.128558, -122.890367 49.127697, -122.890363 49.12684, -122.890365 49.126069, -122.89037 49.125066, -122.89037 49.124166, -122.890366 49.123324, -122.890371 49.122561, -122.890376 49.121289, -122.890374 49.120497, -122.89038 49.119855, -122.890386 49.119326, -122.890391 49.118862, -122.89039 49.118512, -122.890396 49.117706, -122.890405 49.116819, -122.890408 49.115718, -122.890416 49.115298, -122.890424 49.114389, -122.89043 49.113658, -122.890439 49.112782, -122.890446 49.112445, -122.8904436 49.1119204, -122.890443 49.111779, -122.89044 49.11097, -122.890429 49.109489, -122.890428 49.108389, -122.8904249 49.1082381, -122.890422 49.108098, -122.890412 49.107292, -122.890409 49.106787, -122.890408 49.106371, -122.890406 49.105963, -122.890407 49.105446, -122.890403 49.104802, -122.890402 49.104624, -122.890396 49.104283, -122.890391 49.103691, -122.890386 49.103207, -122.890382 49.102939, -122.89038 49.102795, -122.89038 49.102772, -122.890376 49.102755, -122.890365 49.102737, -122.890354 49.102725, -122.890339 49.10271, -122.890402 49.101514, -122.890361 49.101044, -122.8902916 49.1003674, -122.890226 49.099728, -122.890233 49.099516, -122.890248 49.099433, -122.890277 49.099378, -122.8902936 49.0993541, -122.890327 49.099306, -122.890378 49.099242, -122.890387 49.098686, -122.890352 49.098323, -122.890324 49.0978, -122.890391 49.09648, -122.890375 49.094959, -122.890361 49.094736, -122.890374 49.094352, -122.890424 49.094032, -122.890413 49.09337, -122.890487 49.092807, -122.890441 49.092786, -122.890391 49.092762, -122.890365 49.092746, -122.890336 49.092714, -122.8903074 49.0926703, -122.890299 49.092646, -122.890301 49.092609, -122.890307 49.092572, -122.890323 49.092548, -122.89035 49.092507, -122.890386 49.092469, -122.890411 49.092445, -122.890442 49.092431, -122.890476 49.09242, -122.890481 49.092341, -122.890498 49.092017, -122.891502 49.09208, -122.892173 49.0921197, -122.893532 49.0922, -122.8939483 49.0922162, -122.893995 49.092218, -122.8940854 49.0923783, -122.8940981 49.0923957, -122.894232 49.092622, -122.895119 49.094049, -122.895293 49.094329, -122.895971 49.095419, -122.896665 49.096541, -122.897353 49.097634, -122.8977095 49.0982083, -122.897921 49.098549, -122.898512 49.099509, -122.899233 49.100671, -122.900267 49.10234, -122.900409 49.102571, -122.90093 49.103405, -122.901773 49.104758, -122.902234 49.105501, -122.902702 49.10625, -122.903052 49.106813, -122.903407 49.107379, -122.903742 49.107933, -122.90404 49.108374, -122.904228 49.108634, -122.904543 49.109035, -122.904649 49.109167, -122.904827 49.109367, -122.905061 49.109616, -122.905316 49.109879, -122.905704 49.110243, -122.906114 49.1106, -122.906654 49.111018, -122.90717 49.111384, -122.907629 49.111687, -122.908086 49.111965, -122.908535 49.112216, -122.90889 49.112402, -122.909268 49.112584, -122.909625 49.112755, -122.910076 49.112949, -122.910571 49.113161, -122.910947 49.113298, -122.911739 49.113571, -122.9117822 49.1135839, -122.912356 49.113755, -122.912911 49.113907, -122.913167 49.113974, -122.913498 49.114056, -122.913883 49.114147, -122.91466 49.114297, -122.915673 49.114477, -122.916835 49.11468, -122.91751 49.114796, -122.91847 49.114966, -122.919168 49.115088, -122.91975 49.115196, -122.920132 49.115277, -122.920421 49.115345, -122.920852 49.115453, -122.921368 49.115607, -122.921909 49.115793, -122.922383 49.115973, -122.922724 49.11612, -122.923228 49.116354, -122.923938 49.116724, -122.924528 49.117097, -122.92502 49.117449, -122.925551 49.117886, -122.925926 49.118242, -122.92618 49.118515, -122.926541 49.118949, -122.926853 49.119398, -122.926949 49.11954, -122.927034 49.119697, -122.927251 49.120138, -122.927362 49.120388, -122.927435 49.120559, -122.927479 49.120697, -122.927539 49.120894, -122.927619 49.1212, -122.927649 49.121352, -122.927675 49.121488, -122.927687 49.121587, -122.927696 49.121668, -122.927713 49.12177, -122.92773 49.121889, -122.927748 49.122051, -122.927847 49.123416, -122.927988 49.125199, -122.928121 49.127001, -122.928344 49.129799, -122.9284516 49.1313574, -122.9285 49.132058, -122.928703 49.133497, -122.928805 49.133865, -122.9288685 49.1340401, -122.927314 49.134065, -122.925621 49.134041, -122.924299 49.134026, -122.923278 49.134016, -122.921626 49.133993, -122.920087 49.133955, -122.919026 49.133936, -122.918387 49.133929, -122.918084 49.133924, -122.917473 49.133915, -122.916412 49.133892, -122.915786 49.133882, -122.915262 49.133873, -122.914394 49.133861, -122.912703 49.133861, -122.911467 49.133881, -122.911142 49.133881, -122.908847 49.133901, -122.906958 49.133917, -122.904999 49.133935, -122.90165 49.133964, -122.900718 49.133973, -122.899692 49.133984, -122.898751 49.133996, -122.897389 49.134011, -122.89647 49.13402, -122.895768 49.134029, -122.893871 49.134048, -122.892193 49.134071, -122.890958 49.134072, -122.890351 49.134066)))"
822244,Sunbury,Neighborhood,S,Sub Neighborhood,North Delta,Nordel,Sunbury,CAN,"Vancouver, BC",49.159755,-122.930815,20220419,1393865.936,Canada,British Columbia,"Vancouver, BC",Delta,"MULTIPOLYGON (((-122.9235318 49.159574, -122.923595 49.159554, -122.923903 49.15947, -122.92434 49.159346, -122.924471 49.159312, -122.924677 49.159245, -122.924801 49.159199, -122.924971 49.15913, -122.925087 49.159076, -122.92519 49.159019, -122.925301 49.158956, -122.925452 49.158868, -122.926664 49.158104, -122.928304 49.15706, -122.929493 49.156262, -122.930297 49.15566, -122.931236 49.154952, -122.931783 49.154569, -122.932409 49.154184, -122.933359 49.15365, -122.933861 49.153344, -122.934057 49.153205, -122.934238 49.153058, -122.934318 49.152984, -122.934439 49.152857, -122.934563 49.152719, -122.934651 49.152587, -122.934709 49.15249, -122.934794 49.152323, -122.934833 49.152205, -122.934876 49.152041, -122.9349 49.151931, -122.934908 49.151838, -122.934914 49.151716, -122.93492 49.151582, -122.934908 49.15108, -122.934885 49.150298, -122.935564 49.150762, -122.936032 49.151073, -122.936693 49.151515, -122.937152 49.151823, -122.93758 49.152115, -122.937987 49.152389, -122.938255 49.152579, -122.938445 49.152718, -122.938664 49.152895, -122.938772 49.152988, -122.939006 49.153209, -122.939214 49.153427, -122.939346 49.153573, -122.939459 49.153713, -122.939563 49.153843, -122.939661 49.153984, -122.939716 49.154079, -122.939905 49.154046, -122.940483 49.153944, -122.941106 49.155382, -122.941576 49.156477, -122.941948 49.157322, -122.942292 49.158097, -122.941925 49.1582, -122.941591 49.158288, -122.941156 49.158399, -122.940917 49.158455, -122.940605 49.158535, -122.94046 49.158562, -122.940306 49.15857, -122.940185 49.158578, -122.940099 49.158578, -122.940032 49.158578, -122.939937 49.158596, -122.939872 49.158623, -122.939745 49.158685, -122.939494 49.158865, -122.939196 49.159126, -122.938341 49.159801, -122.938085 49.160023, -122.937988 49.160093, -122.937864 49.160155, -122.937751 49.160207, -122.937654 49.160253, -122.93756 49.160309, -122.937261 49.160495, -122.936838 49.160715, -122.936703 49.160794, -122.936602 49.160871, -122.936449 49.160976, -122.935968 49.161307, -122.935657 49.161551, -122.935574 49.161644, -122.935509 49.161704, -122.935232 49.161911, -122.93477 49.162234, -122.934637 49.1623, -122.934548 49.162345, -122.934306 49.162517, -122.933325 49.163203, -122.932501 49.163831, -122.931753 49.164332, -122.930684 49.164925, -122.929763 49.165393, -122.928988 49.16573, -122.928215 49.166045, -122.927392 49.166397, -122.926958 49.166616, -122.926288 49.166895, -122.925867 49.167093, -122.925549 49.167273, -122.925366 49.167382, -122.924836 49.167672, -122.924433 49.167891, -122.923943 49.167519, -122.923009 49.166662, -122.921991 49.165692, -122.920874 49.164665, -122.919869 49.163661, -122.919484 49.163069, -122.918637 49.161451, -122.918978 49.161397, -122.919112 49.161369, -122.919388 49.161303, -122.919618 49.161242, -122.92012 49.161071, -122.920433 49.160968, -122.920709 49.160858, -122.920906 49.160773, -122.921689 49.160379, -122.922431 49.160017, -122.922718 49.159882, -122.92295 49.159784, -122.923151 49.159705, -122.923367 49.159626, -122.9235318 49.159574)))"
822277,Nordel,Neighborhood,N,Neighborhood,North Delta,Nordel,,CAN,"Vancouver, BC",49.15182,-122.924264,20220419,6620960.259,Canada,British Columbia,"Vancouver, BC",Delta,"MULTIPOLYGON (((-122.915838 49.172236, -122.915633 49.171403, -122.915429 49.170573, -122.915299 49.17004, -122.915191 49.169581, -122.915143 49.169387, -122.915101 49.169192, -122.915089 49.169141, -122.915074 49.169083, -122.915065 49.169031, -122.91506 49.168983, -122.915061 49.168937, -122.915067 49.168897, -122.915079 49.168851, -122.915103 49.168802, -122.915159 49.168722, -122.915236 49.168636, -122.91558 49.16833, -122.915354 49.168301, -122.914554 49.168174, -122.91377 49.168059, -122.9129 49.167926, -122.912346 49.167843, -122.912342 49.167541, -122.912355 49.166998, -122.912356 49.166164, -122.91236 49.165371, -122.912363 49.164625, -122.912366 49.164061, -122.912379 49.163696, -122.912411 49.163405, -122.912415 49.163181, -122.912421 49.162313, -122.912416 49.161872, -122.912419 49.160989, -122.912418 49.160566, -122.912418 49.160181, -122.912421 49.159762, -122.91242 49.159531, -122.912419 49.159133, -122.91242 49.158723, -122.912419 49.158295, -122.912419 49.157807, -122.912423 49.157671, -122.912421 49.157308, -122.912425 49.156524, -122.912433 49.156056, -122.912437 49.15542, -122.912457 49.15441, -122.912461 49.154168, -122.912473 49.153687, -122.912488 49.153121, -122.912509 49.152334, -122.912513 49.15214, -122.912524 49.151474, -122.912532 49.151171, -122.912536 49.150922, -122.912547 49.150574, -122.912553 49.150401, -122.912562 49.149952, -122.912568 49.149648, -122.912586 49.148766, -122.91259 49.148544, -122.912599 49.147905, -122.912603 49.147617, -122.912609 49.147237, -122.912613 49.146799, -122.912616 49.146462, -122.912618 49.145815, -122.912623 49.145435, -122.912629 49.145257, -122.912631 49.144922, -122.9126342 49.1447508, -122.912637 49.144598, -122.912639 49.144402, -122.912643 49.143879, -122.912654 49.143037, -122.912657 49.142643, -122.912662 49.142417, -122.912678 49.141247, -122.912675 49.141136, -122.912683 49.1397, -122.912688 49.13921, -122.912688 49.138796, -122.912688 49.138439, -122.912685 49.138035, -122.912683 49.137649, -122.9126847 49.1375283, -122.912689 49.137211, -122.912697 49.136696, -122.912698 49.135536, -122.912694 49.134969, -122.912696 49.13432, -122.912703 49.133861, -122.914394 49.133861, -122.915262 49.133873, -122.915786 49.133882, -122.916412 49.133892, -122.917473 49.133915, -122.918084 49.133924, -122.918387 49.133929, -122.919026 49.133936, -122.920087 49.133955, -122.921626 49.133993, -122.923278 49.134016, -122.924299 49.134026, -122.925621 49.134041, -122.927314 49.134065, -122.9288685 49.1340401, -122.9288823 49.1340638, -122.928945 49.134224, -122.929035 49.134385, -122.929167 49.134602, -122.929284 49.134767, -122.929374 49.134882, -122.929512 49.135047, -122.929731 49.135302, -122.929955 49.135545, -122.930253 49.135877, -122.931151 49.136855, -122.9314829 49.1372151, -122.931634 49.137379, -122.9317837 49.1375379, -122.932177 49.137955, -122.932994 49.138824, -122.933394 49.139232, -122.933754 49.139626, -122.934048 49.139925, -122.934592 49.140537, -122.93489 49.14093, -122.935017 49.141126, -122.935181 49.14141, -122.935269 49.141587, -122.935418 49.141889, -122.940483 49.153944, -122.941106 49.155382, -122.941576 49.156477, -122.941948 49.157322, -122.942292 49.158097, -122.941925 49.1582, -122.941591 49.158288, -122.941156 49.158399, -122.940917 49.158455, -122.940605 49.158535, -122.94046 49.158562, -122.940306 49.15857, -122.940185 49.158578, -122.940099 49.158578, -122.940032 49.158578, -122.939937 49.158596, -122.939872 49.158623, -122.939745 49.158685, -122.939494 49.158865, -122.939196 49.159126, -122.938341 49.159801, -122.938085 49.160023, -122.937988 49.160093, -122.937864 49.160155, -122.937751 49.160207, -122.937654 49.160253, -122.93756 49.160309, -122.937261 49.160495, -122.936838 49.160715, -122.936703 49.160794, -122.936602 49.160871, -122.936449 49.160976, -122.935968 49.161307, -122.935657 49.161551, -122.935574 49.161644, -122.935509 49.161704, -122.935232 49.161911, -122.93477 49.162234, -122.934637 49.1623, -122.934548 49.162345, -122.934306 49.162517, -122.933325 49.163203, -122.932501 49.163831, -122.931753 49.164332, -122.930684 49.164925, -122.929763 49.165393, -122.928988 49.16573, -122.928215 49.166045, -122.927392 49.166397, -122.926958 49.166616, -122.926288 49.166895, -122.925867 49.167093, -122.925549 49.167273, -122.925366 49.167382, -122.924836 49.167672, -122.924433 49.167891, -122.923882 49.16819, -122.923738 49.168272, -122.923535 49.168404, -122.923361 49.168546, -122.923031 49.168837, -122.922615 49.169202, -122.921834 49.169832, -122.9212481 49.1703663, -122.9188724 49.1722125, -122.918715 49.172122, -122.91834 49.172423, -122.917959 49.172735, -122.917568 49.173077, -122.917324 49.173309, -122.917121 49.173516, -122.9169493 49.173707, -122.916863 49.173803, -122.91655 49.174153, -122.916297 49.174436, -122.915952 49.174827, -122.915785 49.175012, -122.9155 49.175333, -122.9153623 49.1752959, -122.915092 49.175223, -122.915114 49.17519, -122.915156 49.175119, -122.915238 49.174991, -122.915315 49.174871, -122.915381 49.174752, -122.915502 49.174544, -122.915696 49.174169, -122.915809 49.17393, -122.915868 49.173798, -122.915931 49.173655, -122.915964 49.173564, -122.915979 49.173512, -122.915993 49.173464, -122.916 49.173426, -122.916008 49.173369, -122.916014 49.1733, -122.916016 49.17323, -122.916009 49.173124, -122.915989 49.172973, -122.915946 49.172753, -122.915899 49.172523, -122.915838 49.172236)))"
822211,The Terrace,Neighborhood,S,Sub Neighborhood,Tsawwassen,Tsawwassen East,The Terrace,CAN,"Vancouver, BC",49.005045,-123.066289,20220419,256698.945,Canada,British Columbia,"Vancouver, BC",Delta,"MULTIPOLYGON (((-123.06313 49.001988, -123.063577 49.001988, -123.064295 49.00199, -123.065052 49.001989, -123.065648 49.001989, -123.066252 49.001988, -123.06671 49.001986, -123.067127 49.001979, -123.068044 49.001979, -123.068583 49.001982, -123.068674 49.002249, -123.068691 49.002317, -123.068699 49.002377, -123.068705 49.002459, -123.068697 49.002873, -123.068661 49.003668, -123.068637 49.004349, -123.068629 49.005233, -123.068629 49.006263, -123.068632 49.007098, -123.068655 49.00824, -123.068658 49.008972, -123.068655 49.009172, -123.068268 49.009173, -123.067639 49.009171, -123.066105 49.009163, -123.066112 49.00859, -123.065824 49.00859, -123.065822 49.008289, -123.065821 49.008011, -123.065821 49.007509, -123.06582 49.00716, -123.065416 49.006956, -123.064831 49.006586, -123.064583 49.006435, -123.064173 49.006095, -123.06408 49.006014, -123.063864 49.00572, -123.063112 49.005103, -123.06316 49.004619, -123.063162 49.004208, -123.06317 49.003948, -123.063163 49.003471, -123.063144 49.002866, -123.063149 49.002726, -123.06313 49.001988)))"
822212,Tsawwassen Central,Neighborhood,N,Neighborhood,Tsawwassen,Tsawwassen Central,,CAN,"Vancouver, BC",49.019098,-123.079956,20220419,2029113.28,Canada,British Columbia,"Vancouver, BC",Delta,"MULTIPOLYGON (((-123.073843 49.024694, -123.073068 49.024696, -123.072131 49.024695, -123.071358 49.024694, -123.069544 49.024694, -123.068663 49.024687, -123.068661 49.024365, -123.068668 49.023583, -123.068665 49.022675, -123.068671 49.021813, -123.068672 49.020812, -123.068675 49.019736, -123.068668 49.018776, -123.068622 49.017836, -123.06862 49.017371, -123.068618 49.016521, -123.068629 49.015449, -123.068622 49.014529, -123.068633 49.013806, -123.068634 49.013737, -123.069784 49.013724, -123.07071 49.013714, -123.071503 49.013708, -123.07238 49.013698, -123.073238 49.01369, -123.073957 49.013679, -123.074979 49.01367, -123.075933 49.013661, -123.076879 49.013651, -123.077726 49.013639, -123.078696 49.013631, -123.079665 49.01362, -123.080456 49.013611, -123.081377 49.013603, -123.082225 49.013595, -123.083179 49.013582, -123.08401 49.013574, -123.085046 49.013564, -123.085941 49.013553, -123.087054 49.013542, -123.088196 49.013537, -123.089085 49.013535, -123.090023 49.013539, -123.09043 49.013538, -123.090534 49.013535, -123.090617 49.013531, -123.090695 49.013525, -123.090803 49.013514, -123.090918 49.013499, -123.091568 49.013405, -123.091649 49.01364, -123.091869 49.014278, -123.092088 49.014913, -123.092211 49.015285, -123.092223 49.015329, -123.092233 49.015374, -123.092238 49.015409, -123.092241 49.01544, -123.09224 49.015471, -123.092233 49.015521, -123.092221 49.015608, -123.09221 49.01566, -123.092195 49.015717, -123.092169 49.015797, -123.092137 49.015877, -123.09209 49.015968, -123.09204 49.016054, -123.091984 49.016141, -123.091929 49.016219, -123.091873 49.016286, -123.091831 49.016331, -123.091722 49.016441, -123.091658 49.016498, -123.091493 49.016637, -123.091302 49.0168, -123.091228 49.01687, -123.091158 49.016948, -123.0911 49.017017, -123.091051 49.017085, -123.090969 49.017219, -123.090919 49.01732, -123.090862 49.017439, -123.090837 49.017513, -123.09081 49.01761, -123.090794 49.017681, -123.090787 49.017752, -123.090784 49.017814, -123.090785 49.017897, -123.090786 49.018058, -123.0908 49.018546, -123.090811 49.019077, -123.090827 49.01948, -123.090831 49.019961, -123.090837 49.020502, -123.090838 49.021044, -123.090837 49.021602, -123.090839 49.022205, -123.090839 49.022826, -123.090849 49.023413, -123.090848 49.024088, -123.09083 49.024411, -123.090829 49.024714, -123.09018 49.024713, -123.088555 49.024708, -123.087094 49.024705, -123.085489 49.024703, -123.083892 49.024699, -123.082217 49.024694, -123.080673 49.024695, -123.079135 49.024696, -123.077537 49.024693, -123.07591 49.024694, -123.07447 49.024693, -123.073843 49.024694)))"
822213,Pebble Hill,Neighborhood,N,Neighborhood,Tsawwassen,Pebble Hill,,CAN,"Vancouver, BC",49.007913,-123.07921,20220419,2004904.186,Canada,British Columbia,"Vancouver, BC",Delta,"MULTIPOLYGON (((-123.068655 49.009172, -123.068658 49.008972, -123.068655 49.00824, -123.068632 49.007098, -123.068629 49.006263, -123.068629 49.005233, -123.068637 49.004349, -123.068661 49.003668, -123.068697 49.002873, -123.068705 49.002459, -123.068699 49.002377, -123.068691 49.002317, -123.068674 49.002249, -123.068583 49.001982, -123.068656 49.0019824, -123.069176 49.001985, -123.070045 49.001985, -123.070793 49.001987, -123.071571 49.001988, -123.072254 49.001988, -123.073038 49.001986, -123.073845 49.001985, -123.074751 49.001984, -123.075706 49.001989, -123.076516 49.001986, -123.077404 49.001987, -123.078086 49.001988, -123.078757 49.001983, -123.0787905 49.0019829, -123.079704 49.001981, -123.080342 49.001981, -123.081191 49.001978, -123.081998 49.001976, -123.083119 49.00198, -123.083831 49.001983, -123.084814 49.001982, -123.085561 49.001979, -123.086369 49.001978, -123.087106 49.001979, -123.087828 49.00198, -123.088225 49.00198, -123.0887142 49.0019796, -123.088758 49.002318, -123.088805 49.002678, -123.08888 49.003076, -123.088938 49.003314, -123.088954 49.00336, -123.088986 49.003452, -123.089008 49.003507, -123.089093 49.00368, -123.089215 49.003908, -123.08929 49.004079, -123.089314 49.004134, -123.089327 49.004172, -123.089358 49.004289, -123.089369 49.004339, -123.089375 49.00447, -123.089381 49.004595, -123.08941 49.005155, -123.089438 49.005717, -123.089468 49.006242, -123.0895 49.006562, -123.089529 49.00682, -123.089593 49.00735, -123.089641 49.007765, -123.089706 49.008329, -123.089745 49.008681, -123.089822 49.00933, -123.089878 49.009834, -123.089895 49.01, -123.089914 49.010108, -123.089951 49.010256, -123.089978 49.010338, -123.090024 49.010446, -123.090059 49.010524, -123.09013 49.010656, -123.090172 49.010728, -123.090354 49.011059, -123.090634 49.011567, -123.090931 49.012105, -123.091239 49.012666, -123.09132 49.012818, -123.091384 49.012936, -123.091418 49.013009, -123.091478 49.013156, -123.091522 49.013273, -123.091568 49.013405, -123.090918 49.013499, -123.090803 49.013514, -123.090695 49.013525, -123.090617 49.013531, -123.090534 49.013535, -123.09043 49.013538, -123.090023 49.013539, -123.089085 49.013535, -123.088196 49.013537, -123.087054 49.013542, -123.085941 49.013553, -123.085046 49.013564, -123.08401 49.013574, -123.083179 49.013582, -123.082225 49.013595, -123.081377 49.013603, -123.080456 49.013611, -123.079665 49.01362, -123.078696 49.013631, -123.077726 49.013639, -123.076879 49.013651, -123.075933 49.013661, -123.074979 49.01367, -123.073957 49.013679, -123.073238 49.01369, -123.07238 49.013698, -123.071503 49.013708, -123.07071 49.013714, -123.069784 49.013724, -123.068634 49.013737, -123.068639 49.013384, -123.068644 49.012529, -123.068645 49.011586, -123.068642 49.010701, -123.068647 49.009794, -123.068655 49.009172)))"
822214,Forest-by-the-Bay,Neighborhood,S,Sub Neighborhood,Tsawwassen,Tsawwassen East,Forest-by-the-Bay,CAN,"Vancouver, BC",49.015581,-123.066276,20220419,136565.059,Canada,British Columbia,"Vancouver, BC",Delta,"MULTIPOLYGON (((-123.06862 49.017371, -123.068419 49.017364, -123.068392 49.017363, -123.068352 49.017364, -123.067831 49.017365, -123.067451 49.017364, -123.066666 49.017361, -123.066288 49.017359, -123.065348 49.017353, -123.065029 49.017354, -123.064554 49.017348, -123.064554 49.017313, -123.064417 49.017314, -123.064168 49.017316, -123.064137 49.017349, -123.063887 49.017343, -123.063883 49.017156, -123.063854 49.016682, -123.063822 49.016235, -123.063868 49.016234, -123.063864 49.016122, -123.063855 49.01591, -123.063849 49.015694, -123.06389 49.015493, -123.063922 49.015331, -123.063947 49.015203, -123.063955 49.015146, -123.063962 49.015022, -123.063971 49.014856, -123.063984 49.014759, -123.063992 49.014603, -123.063997 49.014576, -123.064014 49.014532, -123.064061 49.014425, -123.064147 49.014211, -123.064182 49.014119, -123.064194 49.014076, -123.064199 49.014021, -123.064199 49.013859, -123.064204 49.013709, -123.064242 49.013713, -123.064298 49.013714, -123.064326 49.013713, -123.064355 49.013708, -123.064409 49.01371, -123.064935 49.013715, -123.06589 49.013721, -123.065891 49.013791, -123.066327 49.013789, -123.06772 49.013799, -123.068633 49.013806, -123.068622 49.014529, -123.068629 49.015449, -123.068618 49.016521, -123.06862 49.017371)))"
822215,The Highlands,Neighborhood,S,Sub Neighborhood,Tsawwassen,Cliff Drive,The Highlands,CAN,"Vancouver, BC",49.02847,-123.071949,20220419,227247.066,Canada,British Columbia,"Vancouver, BC",Delta,"MULTIPOLYGON (((-123.068684 49.029752, -123.068682 49.02926, -123.068681 49.028086, -123.068673 49.027305, -123.068976 49.027302, -123.069322 49.027299, -123.069319 49.027154, -123.06941 49.027154, -123.069404 49.02688, -123.069845 49.026877, -123.070636 49.026875, -123.071328 49.026871, -123.071331 49.026914, -123.071627 49.026909, -123.071634 49.026579, -123.071531 49.026581, -123.071535 49.026497, -123.071539 49.025818, -123.071542 49.025397, -123.072122 49.025397, -123.072131 49.024695, -123.073068 49.024696, -123.073843 49.024694, -123.073852 49.02512, -123.073849 49.02533, -123.074169 49.025332, -123.074193 49.025356, -123.074197 49.025605, -123.074199 49.025833, -123.074196 49.026167, -123.074201 49.026434, -123.074201 49.026773, -123.074203 49.027082, -123.074205 49.027366, -123.074206 49.027598, -123.074202 49.028008, -123.074211 49.028373, -123.074216 49.028641, -123.074216 49.029065, -123.074212 49.029686, -123.074216 49.030107, -123.074346 49.030105, -123.074351 49.030316, -123.074355 49.03056, -123.07436 49.030861, -123.074361 49.031155, -123.074361 49.031321, -123.074305 49.031429, -123.073871 49.031435, -123.073869 49.031521, -123.073453 49.031517, -123.072825 49.031534, -123.072741 49.031538, -123.071761 49.031522, -123.070786 49.031518, -123.070778 49.031017, -123.069953 49.031012, -123.069957 49.030759, -123.069944 49.030482, -123.070125 49.03048, -123.070133 49.030269, -123.070015 49.030264, -123.070015 49.029743, -123.069367 49.029747, -123.068684 49.029752)))"
822216,The Village,Neighborhood,S,Sub Neighborhood,Tsawwassen,English Bluff,The Village,CAN,"Vancouver, BC",49.022533,-123.094888,20220419,523773.439,Canada,British Columbia,"Vancouver, BC",Delta,"MULTIPOLYGON (((-123.090796 49.026134, -123.090803 49.02612, -123.090809 49.026102, -123.090816 49.025837, -123.090828 49.025108, -123.090829 49.024714, -123.09083 49.024411, -123.090848 49.024088, -123.090849 49.023413, -123.090839 49.022826, -123.090839 49.022205, -123.090837 49.021602, -123.090838 49.021044, -123.090837 49.020502, -123.090831 49.019961, -123.090827 49.01948, -123.090811 49.019077, -123.0908 49.018546, -123.090786 49.018058, -123.090785 49.017897, -123.091336 49.017905, -123.092124 49.017914, -123.092846 49.017917, -123.093573 49.017914, -123.09405 49.017914, -123.094089 49.017916, -123.094133 49.01792, -123.094153 49.017925, -123.094181 49.017936, -123.094213 49.017951, -123.094255 49.017976, -123.094288 49.018, -123.094409 49.018103, -123.094521 49.018191, -123.094556 49.018214, -123.094607 49.018238, -123.094664 49.018261, -123.094756 49.0183, -123.094817 49.018332, -123.094841 49.018347, -123.094871 49.018374, -123.095066 49.018536, -123.095117 49.018575, -123.095154 49.018599, -123.095197 49.01862, -123.095236 49.018636, -123.095275 49.018648, -123.095381 49.018673, -123.095522 49.018699, -123.095579 49.01871, -123.095646 49.018723, -123.095675 49.018733, -123.095708 49.018749, -123.095748 49.01877, -123.095779 49.01879, -123.095824 49.018832, -123.095884 49.018896, -123.095921 49.018944, -123.096151 49.019237, -123.096177 49.01926, -123.096209 49.019287, -123.096232 49.019299, -123.096285 49.019324, -123.096552 49.019446, -123.096583 49.019465, -123.09662 49.019488, -123.096668 49.019521, -123.096832 49.019633, -123.096932 49.019698, -123.097066 49.019783, -123.097115 49.01981, -123.097189 49.019844, -123.097246 49.019867, -123.097298 49.019886, -123.097343 49.019902, -123.097385 49.019919, -123.097407 49.019935, -123.097451 49.019974, -123.097502 49.020023, -123.097539 49.020064, -123.097566 49.020101, -123.097596 49.020144, -123.097638 49.020192, -123.097692 49.020252, -123.097721 49.020278, -123.097769 49.020315, -123.097883 49.020391, -123.097974 49.020446, -123.098216 49.020559, -123.098444 49.020633, -123.098516 49.020651, -123.098562 49.020663, -123.098652 49.020692, -123.098698 49.020712, -123.098748 49.020731, -123.098781 49.020744, -123.09885 49.020762, -123.09889 49.020775, -123.098905 49.020784, -123.098932 49.020807, -123.099016 49.020893, -123.099096 49.020976, -123.098952 49.021405, -123.099066 49.021477, -123.099222 49.021732, -123.099377 49.021941, -123.099674 49.022329, -123.099831 49.022553, -123.099866 49.022625, -123.10003 49.023018, -123.100359 49.023693, -123.100476 49.02435, -123.100485 49.024514, -123.100398 49.024768, -123.099768 49.025412, -123.099098 49.025966, -123.098759 49.026197, -123.097739 49.025993, -123.097601 49.025982, -123.096896 49.025973, -123.096504 49.025951, -123.095729 49.025959, -123.095306 49.026018, -123.095068 49.026084, -123.094832 49.026188, -123.094515 49.026362, -123.094153 49.026227, -123.093643 49.026318, -123.092663 49.026484, -123.092481 49.0265, -123.092294 49.0265, -123.091913 49.026485, -123.091761 49.026466, -123.091636 49.026441, -123.091546 49.026418, -123.091441 49.026382, -123.091324 49.02633, -123.091119 49.026237, -123.090796 49.026134)))"
822217,Imperial Village,Neighborhood,S,Sub Neighborhood,Tsawwassen,Cliff Drive,Imperial Village,CAN,"Vancouver, BC",49.033268,-123.077925,20220419,153615.006,Canada,British Columbia,"Vancouver, BC",Delta,"MULTIPOLYGON (((-123.079825 49.029731, -123.079767 49.030208, -123.079758 49.030287, -123.079733 49.030514, -123.079725 49.030775, -123.079717 49.031571, -123.079687 49.032503, -123.079674 49.032753, -123.079659 49.033606, -123.079654 49.034229, -123.079646 49.034992, -123.079637 49.03574, -123.079231 49.035742, -123.07832 49.03574, -123.077334 49.035738, -123.076273 49.035737, -123.075777 49.035737, -123.075749 49.035735, -123.075723 49.03573, -123.075696 49.035722, -123.075678 49.035712, -123.075669 49.0357, -123.075654 49.03568, -123.075654 49.035274, -123.075655 49.035223, -123.075658 49.035186, -123.075664 49.035138, -123.075675 49.035089, -123.075689 49.035024, -123.075708 49.034961, -123.075738 49.034868, -123.075785 49.03475, -123.075271 49.034619, -123.075313 49.0345, -123.075334 49.034463, -123.075417 49.034403, -123.075418 49.034381, -123.075422 49.034217, -123.075432 49.033997, -123.075469 49.034003, -123.075636 49.033793, -123.075778 49.033608, -123.076 49.033324, -123.07605 49.033253, -123.076038 49.032985, -123.075993 49.032968, -123.076038 49.032833, -123.076092 49.03266, -123.076136 49.032543, -123.076234 49.032388, -123.076424 49.032093, -123.076691 49.03178, -123.076885 49.031596, -123.07727 49.031205, -123.077987 49.030624, -123.078479 49.030273, -123.07885 49.030029, -123.079251 49.029777, -123.079825 49.029731)))"
822252,Boundary Beach,Neighborhood,N,Neighborhood,Tsawwassen,Boundary Beach,,CAN,"Vancouver, BC",49.011978,-123.048022,20220419,3425230.23,Canada,British Columbia,"Vancouver, BC",Delta,"MULTIPOLYGON (((-123.057164 49.02453, -123.0568 49.024527, -123.056619 49.024533, -123.056486 49.024535, -123.056127 49.024528, -123.055263 49.024511, -123.054217 49.024498, -123.053492 49.02449, -123.053166 49.024491, -123.053124 49.024492, -123.053096 49.024491, -123.053052 49.024487, -123.053015 49.024483, -123.052981 49.024477, -123.052947 49.024466, -123.052877 49.024437, -123.052771 49.024528, -123.052747 49.024523, -123.052665 49.024487, -123.052506 49.024391, -123.051942 49.024107, -123.05141 49.023868, -123.050872 49.023648, -123.050326 49.023359, -123.050171 49.023284, -123.050027 49.02324, -123.0499 49.02321, -123.049679 49.023153, -123.049579 49.02311, -123.049537 49.023084, -123.049222 49.022906, -123.049138 49.02286, -123.048971 49.022778, -123.048838 49.022736, -123.048753 49.022716, -123.048627 49.022703, -123.048543 49.022706, -123.048479 49.022724, -123.048395 49.022763, -123.048347 49.022808, -123.048327 49.022844, -123.048293 49.022923, -123.04828 49.022967, -123.048275 49.022997, -123.048256 49.023043, -123.048238 49.023067, -123.048194 49.023099, -123.04813 49.023129, -123.047926 49.023196, -123.047767 49.023242, -123.04763 49.023271, -123.047546 49.023277, -123.047161 49.023253, -123.047009 49.023246, -123.046858 49.023218, -123.046736 49.023193, -123.046647 49.023166, -123.046023 49.022948, -123.045848 49.022881, -123.045789 49.022851, -123.045529 49.022701, -123.045134 49.022444, -123.045022 49.022372, -123.044879 49.022255, -123.044239 49.021704, -123.044122 49.021604, -123.044049 49.021543, -123.043961 49.021483, -123.043766 49.021351, -123.043373 49.021064, -123.043102 49.020828, -123.042332 49.020238, -123.041328 49.019357, -123.040656 49.018735, -123.040226 49.018301, -123.040099 49.018152, -123.040074 49.018115, -123.040027 49.018029, -123.039976 49.017916, -123.039922 49.017766, -123.039824 49.017389, -123.039789 49.017218, -123.039742 49.016728, -123.039727 49.01663, -123.039692 49.01647, -123.039675 49.016411, -123.039643 49.016347, -123.039604 49.016272, -123.039567 49.01621, -123.039341 49.015874, -123.039265 49.015747, -123.039221 49.015652, -123.039097 49.015331, -123.038906 49.014937, -123.038721 49.014604, -123.038695 49.014558, -123.038683 49.014516, -123.038633 49.014154, -123.038622 49.014102, -123.03861 49.014082, -123.03859 49.014057, -123.03857 49.014032, -123.038523 49.013986, -123.038474 49.013916, -123.038456 49.013877, -123.038429 49.013814, -123.038404 49.013774, -123.038288 49.013638, -123.03827 49.013606, -123.038253 49.013563, -123.038235 49.013494, -123.038222 49.013435, -123.038206 49.013375, -123.038185 49.013324, -123.037791 49.012469, -123.037404 49.011697, -123.037139 49.011148, -123.037098 49.011063, -123.037068 49.011006, -123.037033 49.010952, -123.036993 49.01091, -123.036932 49.010857, -123.036885 49.010819, -123.036819 49.010783, -123.036691 49.010735, -123.036536 49.010661, -123.036461 49.010623, -123.03635 49.010556, -123.036263 49.010488, -123.036123 49.010349, -123.036084 49.010302, -123.03604 49.010246, -123.035991 49.010178, -123.035946 49.010111, -123.035804 49.009831, -123.035591 49.009414, -123.03542 49.009132, -123.035377 49.009055, -123.03535 49.008993, -123.035309 49.008851, -123.035304 49.008791, -123.035311 49.008593, -123.035325 49.008484, -123.035352 49.008354, -123.035362 49.008296, -123.035383 49.008088, -123.03539 49.007927, -123.035396 49.007844, -123.035409 49.007775, -123.035491 49.007452, -123.035532 49.007261, -123.035544 49.007199, -123.035552 49.007139, -123.035557 49.007064, -123.035552 49.006555, -123.035507 49.005924, -123.035501 49.005612, -123.035494 49.005505, -123.03549 49.005363, -123.035432 49.004974, -123.035374 49.004747, -123.035366 49.004708, -123.03537 49.004678, -123.035472 49.004285, -123.035484 49.004201, -123.035484 49.004163, -123.035471 49.004102, -123.035446 49.003984, -123.035409 49.00383, -123.035396 49.003752, -123.035358 49.003212, -123.035335 49.002856, -123.035333 49.002812, -123.035272 49.002644, -123.035215 49.002462, -123.035174 49.002351, -123.035098 49.002146, -123.035092 49.002109, -123.035086 49.002048, -123.0350847 49.0020206, -123.035636 49.002025, -123.035718 49.002026, -123.03618 49.002025, -123.037467 49.002026, -123.038474 49.002028, -123.039432 49.002017, -123.0404 49.002004, -123.041432 49.002008, -123.0425 49.002011, -123.0430182 49.0020099, -123.043447 49.002009, -123.045694 49.002004, -123.045877 49.0020038, -123.046461 49.002003, -123.047101 49.002003, -123.048111 49.002003, -123.048827 49.002001, -123.049721 49.001999, -123.050608 49.001997, -123.051548 49.001996, -123.05223 49.001996, -123.052908 49.001997, -123.053613 49.001996, -123.054369 49.001994, -123.055133 49.001997, -123.055908 49.001996, -123.056673 49.001995, -123.057353 49.001995, -123.057705 49.001994, -123.057725 49.003912, -123.057743 49.005385, -123.057737 49.00574, -123.057705 49.005752, -123.057748 49.005808, -123.05776 49.005824, -123.057769 49.005839, -123.057771 49.005852, -123.057773 49.005882, -123.057764 49.00624, -123.057762 49.006835, -123.057755 49.007882, -123.057753 49.008817, -123.057756 49.009743, -123.057753 49.010504, -123.057753 49.011446, -123.057751 49.012112, -123.057737 49.012836, -123.057739 49.013585, -123.05774 49.014252, -123.057736 49.015049, -123.057733 49.01574, -123.057734 49.016536, -123.057734 49.017018, -123.057712 49.017533, -123.057719 49.01804, -123.057711 49.018444, -123.05771 49.018526, -123.057719 49.018563, -123.057751 49.01866, -123.057563 49.018687, -123.057616 49.018782, -123.057649 49.018849, -123.057701 49.018966, -123.057863 49.019371, -123.058039 49.01981, -123.058243 49.020317, -123.058288 49.020435, -123.058316 49.020524, -123.058343 49.02063, -123.058372 49.020785, -123.058428 49.021147, -123.058449 49.021299, -123.058457 49.02139, -123.058471 49.021579, -123.058476 49.021687, -123.058479 49.021843, -123.058477 49.021968, -123.058467 49.022095, -123.058453 49.022246, -123.05841 49.022502, -123.058318 49.023049, -123.058267 49.023394, -123.058184 49.023939, -123.058165 49.024088, -123.058165 49.024112, -123.058167 49.024148, -123.058172 49.024173, -123.058186 49.024209, -123.058207 49.024253, -123.058237 49.024297, -123.058268 49.024335, -123.058297 49.024367, -123.058336 49.024401, -123.058384 49.024435, -123.058431 49.024464, -123.058485 49.02449, -123.058547 49.024514, -123.05864 49.024544, -123.058521 49.024645, -123.058503 49.024662, -123.058332 49.024665, -123.057937 49.024664, -123.057944 49.024543, -123.057625 49.024541, -123.057164 49.02453)))"
822253,Beach Grove,Neighborhood,N,Neighborhood,Tsawwassen,Beach Grove,,CAN,"Vancouver, BC",49.033359,-123.060917,20220419,2025227.913,Canada,British Columbia,"Vancouver, BC",Delta,"MULTIPOLYGON (((-123.052771 49.024528, -123.052877 49.024437, -123.052947 49.024466, -123.052981 49.024477, -123.053015 49.024483, -123.053052 49.024487, -123.053096 49.024491, -123.053124 49.024492, -123.053166 49.024491, -123.053492 49.02449, -123.054217 49.024498, -123.055263 49.024511, -123.056127 49.024528, -123.056486 49.024535, -123.056619 49.024533, -123.0568 49.024527, -123.057164 49.02453, -123.057625 49.024541, -123.057944 49.024543, -123.057937 49.024664, -123.058332 49.024665, -123.058503 49.024662, -123.058521 49.024645, -123.05864 49.024544, -123.058747 49.024573, -123.058827 49.024586, -123.058921 49.024593, -123.058979 49.024595, -123.059155 49.024598, -123.060056 49.024607, -123.061684 49.024628, -123.063269 49.024645, -123.064704 49.024663, -123.066387 49.024669, -123.067842 49.024679, -123.068663 49.024687, -123.068668 49.02548, -123.068669 49.026422, -123.068669 49.027002, -123.068673 49.027305, -123.068681 49.028086, -123.068682 49.02926, -123.068684 49.029752, -123.068686 49.030529, -123.068679 49.031189, -123.068655 49.032027, -123.068654 49.032943, -123.068645 49.033981, -123.068646 49.035004, -123.06865 49.035995, -123.068659 49.036962, -123.068665 49.037919, -123.068677 49.038863, -123.06868 49.03983, -123.068679 49.04075, -123.0686794 49.0408027, -123.068681 49.041012, -123.068181 49.041013, -123.067372 49.041011, -123.066761 49.041008, -123.066105 49.041006, -123.065436 49.041005, -123.064799 49.041003, -123.064241 49.040999, -123.063557 49.041003, -123.06289 49.040999, -123.062255 49.040998, -123.061728 49.040999, -123.060821 49.040992, -123.060137 49.04099, -123.059483 49.040987, -123.05889 49.040984, -123.058304 49.040982, -123.057604 49.040979, -123.056954 49.040978, -123.056313 49.040974, -123.055489 49.040971, -123.0550395 49.0409685, -123.051422 49.0410167, -123.051348 49.04102, -123.051026 49.041023, -123.049978 49.04103, -123.050333 49.040477, -123.050708 49.039815, -123.050756 49.039689, -123.050789 49.039555, -123.050794 49.03949, -123.050797 49.039311, -123.050791 49.039275, -123.050764 49.039244, -123.050722 49.039193, -123.050701 49.039155, -123.050701 49.039114, -123.050704 49.039076, -123.050743 49.038992, -123.05095 49.03855, -123.051134 49.038012, -123.051279 49.037543, -123.051405 49.037065, -123.051718 49.036265, -123.051905 49.035799, -123.052006 49.035599, -123.0522 49.035283, -123.05289 49.03422, -123.053293 49.033611, -123.053837 49.032872, -123.054308 49.032229, -123.054661 49.031714, -123.055008 49.031057, -123.055245 49.030604, -123.055513 49.030045, -123.055631 49.029805, -123.055683 49.029696, -123.055844 49.029384, -123.056166 49.028754, -123.056466 49.028087, -123.05651 49.027956, -123.056559 49.027728, -123.056575 49.027594, -123.056575 49.027531, -123.056518 49.027199, -123.056507 49.027135, -123.056505 49.027039, -123.056505 49.026969, -123.056494 49.026888, -123.056484 49.026847, -123.05646 49.026799, -123.056432 49.026763, -123.056388 49.026727, -123.056334 49.026704, -123.05627 49.026692, -123.056097 49.026692, -123.056004 49.026698, -123.055931 49.026701, -123.055754 49.026699, -123.055674 49.026696, -123.055646 49.026687, -123.055605 49.026657, -123.055421 49.026475, -123.05521 49.026286, -123.055171 49.026266, -123.055004 49.026196, -123.054896 49.026142, -123.054705 49.026009, -123.054437 49.025775, -123.054377 49.02572, -123.054267 49.025606, -123.054052 49.025355, -123.053992 49.025292, -123.053735 49.025099, -123.053673 49.025053, -123.053627 49.024999, -123.053591 49.02495, -123.053526 49.024878, -123.053166 49.02464, -123.053001 49.024573, -123.052935 49.024555, -123.052878 49.024547, -123.052771 49.024528)))"
822273,Tsawwassen,Neighborhood,M,Macro Neighborhood,Tsawwassen,,,CAN,"Vancouver, BC",49.019079,-123.069055,20220419,15154735.82,Canada,British Columbia,"Vancouver, BC",Delta,"MULTIPOLYGON (((-123.049978 49.04103, -123.050333 49.040477, -123.050708 49.039815, -123.050756 49.039689, -123.050789 49.039555, -123.050794 49.03949, -123.050797 49.039311, -123.050791 49.039275, -123.050764 49.039244, -123.050722 49.039193, -123.050701 49.039155, -123.050701 49.039114, -123.050704 49.039076, -123.050743 49.038992, -123.05095 49.03855, -123.051134 49.038012, -123.051279 49.037543, -123.051405 49.037065, -123.051718 49.036265, -123.051905 49.035799, -123.052006 49.035599, -123.0522 49.035283, -123.05289 49.03422, -123.053293 49.033611, -123.053837 49.032872, -123.054308 49.032229, -123.054661 49.031714, -123.055008 49.031057, -123.055245 49.030604, -123.055513 49.030045, -123.055631 49.029805, -123.055683 49.029696, -123.055844 49.029384, -123.056166 49.028754, -123.056466 49.028087, -123.05651 49.027956, -123.056559 49.027728, -123.056575 49.027594, -123.056575 49.027531, -123.056518 49.027199, -123.056507 49.027135, -123.056505 49.027039, -123.056505 49.026969, -123.056494 49.026888, -123.056484 49.026847, -123.05646 49.026799, -123.056432 49.026763, -123.056388 49.026727, -123.056334 49.026704, -123.05627 49.026692, -123.056097 49.026692, -123.056004 49.026698, -123.055931 49.026701, -123.055754 49.026699, -123.055674 49.026696, -123.055646 49.026687, -123.055605 49.026657, -123.055421 49.026475, -123.05521 49.026286, -123.055171 49.026266, -123.055004 49.026196, -123.054896 49.026142, -123.054705 49.026009, -123.054437 49.025775, -123.054377 49.02572, -123.054267 49.025606, -123.054052 49.025355, -123.053992 49.025292, -123.053735 49.025099, -123.053673 49.025053, -123.053627 49.024999, -123.053591 49.02495, -123.053526 49.024878, -123.053166 49.02464, -123.053001 49.024573, -123.052935 49.024555, -123.052878 49.024547, -123.052771 49.024528, -123.052747 49.024523, -123.052665 49.024487, -123.052506 49.024391, -123.051942 49.024107, -123.05141 49.023868, -123.050872 49.023648, -123.050326 49.023359, -123.050171 49.023284, -123.050027 49.02324, -123.0499 49.02321, -123.049679 49.023153, -123.049579 49.02311, -123.049537 49.023084, -123.049222 49.022906, -123.049138 49.02286, -123.048971 49.022778, -123.048838 49.022736, -123.048753 49.022716, -123.048627 49.022703, -123.048543 49.022706, -123.048479 49.022724, -123.048395 49.022763, -123.048347 49.022808, -123.048327 49.022844, -123.048293 49.022923, -123.04828 49.022967, -123.048275 49.022997, -123.048256 49.023043, -123.048238 49.023067, -123.048194 49.023099, -123.04813 49.023129, -123.047926 49.023196, -123.047767 49.023242, -123.04763 49.023271, -123.047546 49.023277, -123.047161 49.023253, -123.047009 49.023246, -123.046858 49.023218, -123.046736 49.023193, -123.046647 49.023166, -123.046023 49.022948, -123.045848 49.022881, -123.045789 49.022851, -123.045529 49.022701, -123.045134 49.022444, -123.045022 49.022372, -123.044879 49.022255, -123.044239 49.021704, -123.044122 49.021604, -123.044049 49.021543, -123.043961 49.021483, -123.043766 49.021351, -123.043373 49.021064, -123.043102 49.020828, -123.042332 49.020238, -123.041328 49.019357, -123.040656 49.018735, -123.040226 49.018301, -123.040099 49.018152, -123.040074 49.018115, -123.040027 49.018029, -123.039976 49.017916, -123.039922 49.017766, -123.039824 49.017389, -123.039789 49.017218, -123.039742 49.016728, -123.039727 49.01663, -123.039692 49.01647, -123.039675 49.016411, -123.039643 49.016347, -123.039604 49.016272, -123.039567 49.01621, -123.039341 49.015874, -123.039265 49.015747, -123.039221 49.015652, -123.039097 49.015331, -123.038906 49.014937, -123.038721 49.014604, -123.038695 49.014558, -123.038683 49.014516, -123.038633 49.014154, -123.038622 49.014102, -123.03861 49.014082, -123.03859 49.014057, -123.03857 49.014032, -123.038523 49.013986, -123.038474 49.013916, -123.038456 49.013877, -123.038429 49.013814, -123.038404 49.013774, -123.038288 49.013638, -123.03827 49.013606, -123.038253 49.013563, -123.038235 49.013494, -123.038222 49.013435, -123.038206 49.013375, -123.038185 49.013324, -123.037791 49.012469, -123.037404 49.011697, -123.037139 49.011148, -123.037098 49.011063, -123.037068 49.011006, -123.037033 49.010952, -123.036993 49.01091, -123.036932 49.010857, -123.036885 49.010819, -123.036819 49.010783, -123.036691 49.010735, -123.036536 49.010661, -123.036461 49.010623, -123.03635 49.010556, -123.036263 49.010488, -123.036123 49.010349, -123.036084 49.010302, -123.03604 49.010246, -123.035991 49.010178, -123.035946 49.010111, -123.035804 49.009831, -123.035591 49.009414, -123.03542 49.009132, -123.035377 49.009055, -123.03535 49.008993, -123.035309 49.008851, -123.035304 49.008791, -123.035311 49.008593, -123.035325 49.008484, -123.035352 49.008354, -123.035362 49.008296, -123.035383 49.008088, -123.03539 49.007927, -123.035396 49.007844, -123.035409 49.007775, -123.035491 49.007452, -123.035532 49.007261, -123.035544 49.007199, -123.035552 49.007139, -123.035557 49.007064, -123.035552 49.006555, -123.035507 49.005924, -123.035501 49.005612, -123.035494 49.005505, -123.03549 49.005363, -123.035432 49.004974, -123.035374 49.004747, -123.035366 49.004708, -123.03537 49.004678, -123.035472 49.004285, -123.035484 49.004201, -123.035484 49.004163, -123.035471 49.004102, -123.035446 49.003984, -123.035409 49.00383, -123.035396 49.003752, -123.035358 49.003212, -123.035335 49.002856, -123.035333 49.002812, -123.035272 49.002644, -123.035215 49.002462, -123.035174 49.002351, -123.035098 49.002146, -123.035092 49.002109, -123.035086 49.002048, -123.0350847 49.0020206, -123.035636 49.002025, -123.035718 49.002026, -123.03618 49.002025, -123.037467 49.002026, -123.038474 49.002028, -123.039432 49.002017, -123.0404 49.002004, -123.041432 49.002008, -123.0425 49.002011, -123.0430182 49.0020099, -123.043447 49.002009, -123.045694 49.002004, -123.045877 49.0020038, -123.046461 49.002003, -123.047101 49.002003, -123.048111 49.002003, -123.048827 49.002001, -123.049721 49.001999, -123.050608 49.001997, -123.051548 49.001996, -123.05223 49.001996, -123.052908 49.001997, -123.053613 49.001996, -123.054369 49.001994, -123.055133 49.001997, -123.055908 49.001996, -123.056673 49.001995, -123.057353 49.001995, -123.057705 49.001994, -123.058234 49.001994, -123.05865 49.001996, -123.059346 49.001997, -123.060046 49.001997, -123.060635 49.001995, -123.061203 49.00199, -123.0617521 49.0019858, -123.061922 49.001985, -123.062553 49.001987, -123.06313 49.001988, -123.063577 49.001988, -123.064295 49.00199, -123.065052 49.001989, -123.065648 49.001989, -123.066252 49.001988, -123.06671 49.001986, -123.067127 49.001979, -123.068044 49.001979, -123.068583 49.001982, -123.068656 49.0019824, -123.069176 49.001985, -123.070045 49.001985, -123.070793 49.001987, -123.071571 49.001988, -123.072254 49.001988, -123.073038 49.001986, -123.073845 49.001985, -123.074751 49.001984, -123.075706 49.001989, -123.076516 49.001986, -123.077404 49.001987, -123.078086 49.001988, -123.078757 49.001983, -123.0787905 49.0019829, -123.079704 49.001981, -123.080342 49.001981, -123.081191 49.001978, -123.081998 49.001976, -123.083119 49.00198, -123.083831 49.001983, -123.084814 49.001982, -123.085561 49.001979, -123.086369 49.001978, -123.087106 49.001979, -123.087828 49.00198, -123.088225 49.00198, -123.0887142 49.0019796, -123.0888343 49.0019795, -123.089137 49.0019793, -123.0909657 49.0019778, -123.091293 49.002586, -123.091345 49.002706, -123.091613 49.003419, -123.091759 49.003747, -123.091894 49.004084, -123.092214 49.004885, -123.09223 49.004958, -123.09224 49.005093, -123.092286 49.005504, -123.092383 49.006001, -123.092411 49.006168, -123.092412 49.006243, -123.092412 49.006539, -123.092419 49.00668, -123.092455 49.007036, -123.092488 49.007491, -123.092513 49.007872, -123.09257 49.008568, -123.092577 49.008663, -123.092601 49.008751, -123.092667 49.008992, -123.092718 49.009115, -123.092825 49.00934, -123.092919 49.009519, -123.093003 49.009671, -123.093107 49.009823, -123.09348 49.010344, -123.093529 49.010426, -123.093699 49.010746, -123.09379 49.010953, -123.093905 49.01125, -123.094103 49.011854, -123.094195 49.012096, -123.094394 49.012611, -123.094724 49.013446, -123.095122 49.014418, -123.095565 49.015414, -123.09608 49.016673, -123.096263 49.017024, -123.096364 49.017192, -123.096645 49.017634, -123.096921 49.018001, -123.097191 49.018376, -123.097608 49.018897, -123.097879 49.019232, -123.098129 49.019539, -123.098732 49.020211, -123.098801 49.020271, -123.100237 49.02143, -123.100287 49.021511, -123.100332 49.021559, -123.100832 49.021895, -123.100992 49.021983, -123.101802 49.022419, -123.101967 49.022487, -123.102269 49.022609, -123.102575 49.022711, -123.102905 49.02281, -123.10314 49.022876, -123.103407 49.022931, -123.103664 49.022971, -123.104042 49.023018, -123.104412 49.023059, -123.104818 49.023089, -123.104917 49.023087, -123.105161 49.023081, -123.10543 49.023055, -123.106139 49.023381, -123.104815 49.024317, -123.103531 49.025226, -123.102659 49.025841, -123.101604 49.02659, -123.100755 49.027142, -123.100204 49.027491, -123.099788 49.027743, -123.099426 49.027951, -123.099124 49.028117, -123.098313 49.028558, -123.09811 49.028661, -123.09732 49.029046, -123.096483 49.02944, -123.095692 49.029828, -123.094326 49.030464, -123.092976 49.031111, -123.091841 49.03166, -123.091146 49.031995, -123.090276 49.032414, -123.088747 49.033147, -123.086948 49.034018, -123.085369 49.034775, -123.083954 49.035459, -123.082305 49.036253, -123.080608 49.037076, -123.0803141 49.0372184, -123.0798285 49.0374538, -123.0757235 49.0394133, -123.075705 49.039422, -123.0743626 49.0400629, -123.073977 49.040247, -123.072929 49.040751, -123.072092 49.040738, -123.07124 49.040739, -123.070508 49.040739, -123.07005 49.04074, -123.068679 49.04075, -123.0686794 49.0408027, -123.068681 49.041012, -123.068181 49.041013, -123.067372 49.041011, -123.066761 49.041008, -123.066105 49.041006, -123.065436 49.041005, -123.064799 49.041003, -123.064241 49.040999, -123.063557 49.041003, -123.06289 49.040999, -123.062255 49.040998, -123.061728 49.040999, -123.060821 49.040992, -123.060137 49.04099, -123.059483 49.040987, -123.05889 49.040984, -123.058304 49.040982, -123.057604 49.040979, -123.056954 49.040978, -123.056313 49.040974, -123.055489 49.040971, -123.0550395 49.0409685, -123.051422 49.0410167, -123.051348 49.04102, -123.051026 49.041023, -123.049978 49.04103)))"
822291,English Bluff,Neighborhood,N,Neighborhood,Tsawwassen,English Bluff,,CAN,"Vancouver, BC",49.020234,-123.094834,20220419,1413617.774,Canada,British Columbia,"Vancouver, BC",Delta,"MULTIPOLYGON (((-123.091003 49.03195, -123.090975 49.031948, -123.090935 49.031948, -123.090855 49.031948, -123.090702 49.031948, -123.090672 49.031947, -123.09063 49.031942, -123.090381 49.031906, -123.090566 49.031844, -123.090718 49.031786, -123.090793 49.031755, -123.090847 49.031727, -123.0908725 49.0317095, -123.0908825 49.0316905, -123.090883 49.031673, -123.090879 49.031519, -123.090897 49.030689, -123.090901 49.029767, -123.090927 49.028607, -123.090928 49.027677, -123.090985 49.026978, -123.090687 49.02661, -123.090687 49.026174, -123.09071 49.026169, -123.090741 49.026163, -123.090764 49.026154, -123.090784 49.026143, -123.090796 49.026134, -123.090803 49.02612, -123.090809 49.026102, -123.090816 49.025837, -123.090828 49.025108, -123.090829 49.024714, -123.09083 49.024411, -123.090848 49.024088, -123.090849 49.023413, -123.090839 49.022826, -123.090839 49.022205, -123.090837 49.021602, -123.090838 49.021044, -123.090837 49.020502, -123.090831 49.019961, -123.090827 49.01948, -123.090811 49.019077, -123.0908 49.018546, -123.090786 49.018058, -123.090785 49.017897, -123.090784 49.017814, -123.090787 49.017752, -123.090794 49.017681, -123.09081 49.01761, -123.090837 49.017513, -123.090862 49.017439, -123.090919 49.01732, -123.090969 49.017219, -123.091051 49.017085, -123.0911 49.017017, -123.091158 49.016948, -123.091228 49.01687, -123.091302 49.0168, -123.091493 49.016637, -123.091658 49.016498, -123.091722 49.016441, -123.091831 49.016331, -123.091873 49.016286, -123.091929 49.016219, -123.091984 49.016141, -123.09204 49.016054, -123.09209 49.015968, -123.092137 49.015877, -123.092169 49.015797, -123.092195 49.015717, -123.09221 49.01566, -123.092221 49.015608, -123.092233 49.015521, -123.09224 49.015471, -123.092241 49.01544, -123.092238 49.015409, -123.092233 49.015374, -123.092223 49.015329, -123.092211 49.015285, -123.092088 49.014913, -123.091869 49.014278, -123.091649 49.01364, -123.091568 49.013405, -123.091522 49.013273, -123.091478 49.013156, -123.091418 49.013009, -123.091384 49.012936, -123.09132 49.012818, -123.091239 49.012666, -123.090931 49.012105, -123.090634 49.011567, -123.090354 49.011059, -123.090172 49.010728, -123.09013 49.010656, -123.090059 49.010524, -123.090024 49.010446, -123.089978 49.010338, -123.089951 49.010256, -123.089914 49.010108, -123.089895 49.01, -123.089878 49.009834, -123.089822 49.00933, -123.089745 49.008681, -123.089706 49.008329, -123.089641 49.007765, -123.089593 49.00735, -123.089529 49.00682, -123.0895 49.006562, -123.089468 49.006242, -123.089438 49.005717, -123.08941 49.005155, -123.089381 49.004595, -123.089375 49.00447, -123.089369 49.004339, -123.089358 49.004289, -123.089327 49.004172, -123.089314 49.004134, -123.08929 49.004079, -123.089215 49.003908, -123.089093 49.00368, -123.089008 49.003507, -123.088986 49.003452, -123.088954 49.00336, -123.088938 49.003314, -123.08888 49.003076, -123.088805 49.002678, -123.088758 49.002318, -123.0887142 49.0019796, -123.0888343 49.0019795, -123.089137 49.0019793, -123.0909657 49.0019778, -123.091293 49.002586, -123.091345 49.002706, -123.091613 49.003419, -123.091759 49.003747, -123.091894 49.004084, -123.092214 49.004885, -123.09223 49.004958, -123.09224 49.005093, -123.092286 49.005504, -123.092383 49.006001, -123.092411 49.006168, -123.092412 49.006243, -123.092412 49.006539, -123.092419 49.00668, -123.092455 49.007036, -123.092488 49.007491, -123.092513 49.007872, -123.09257 49.008568, -123.092577 49.008663, -123.092601 49.008751, -123.092667 49.008992, -123.092718 49.009115, -123.092825 49.00934, -123.092919 49.009519, -123.093003 49.009671, -123.093107 49.009823, -123.09348 49.010344, -123.093529 49.010426, -123.093699 49.010746, -123.09379 49.010953, -123.093905 49.01125, -123.094103 49.011854, -123.094195 49.012096, -123.094394 49.012611, -123.094724 49.013446, -123.095122 49.014418, -123.095565 49.015414, -123.09608 49.016673, -123.096263 49.017024, -123.096364 49.017192, -123.096645 49.017634, -123.096921 49.018001, -123.097191 49.018376, -123.097608 49.018897, -123.097879 49.019232, -123.098129 49.019539, -123.098732 49.020211, -123.098801 49.020271, -123.100237 49.02143, -123.100287 49.021511, -123.100332 49.021559, -123.100832 49.021895, -123.100992 49.021983, -123.101802 49.022419, -123.101967 49.022487, -123.102269 49.022609, -123.102575 49.022711, -123.102905 49.02281, -123.10314 49.022876, -123.103407 49.022931, -123.103664 49.022971, -123.104042 49.023018, -123.104412 49.023059, -123.104818 49.023089, -123.104917 49.023087, -123.105161 49.023081, -123.10543 49.023055, -123.106139 49.023381, -123.104815 49.024317, -123.103531 49.025226, -123.102659 49.025841, -123.101604 49.02659, -123.100755 49.027142, -123.100204 49.027491, -123.099788 49.027743, -123.099426 49.027951, -123.099124 49.028117, -123.098313 49.028558, -123.09811 49.028661, -123.09732 49.029046, -123.096483 49.02944, -123.095692 49.029828, -123.094326 49.030464, -123.092976 49.031111, -123.091841 49.03166, -123.091146 49.031995, -123.091029 49.031955, -123.091003 49.03195)))"
822292,Cliff Drive,Neighborhood,N,Neighborhood,Tsawwassen,Cliff Drive,,CAN,"Vancouver, BC",49.031299,-123.078349,20220419,2270256.403,Canada,British Columbia,"Vancouver, BC",Delta,"MULTIPOLYGON (((-123.072929 49.040751, -123.072092 49.040738, -123.07124 49.040739, -123.070508 49.040739, -123.07005 49.04074, -123.068679 49.04075, -123.06868 49.03983, -123.068677 49.038863, -123.068665 49.037919, -123.068659 49.036962, -123.06865 49.035995, -123.068646 49.035004, -123.068645 49.033981, -123.068654 49.032943, -123.068655 49.032027, -123.068679 49.031189, -123.068686 49.030529, -123.068684 49.029752, -123.068682 49.02926, -123.068681 49.028086, -123.068673 49.027305, -123.068669 49.027002, -123.068669 49.026422, -123.068668 49.02548, -123.068663 49.024687, -123.069544 49.024694, -123.071358 49.024694, -123.072131 49.024695, -123.073068 49.024696, -123.073843 49.024694, -123.07447 49.024693, -123.07591 49.024694, -123.077537 49.024693, -123.079135 49.024696, -123.080673 49.024695, -123.082217 49.024694, -123.083892 49.024699, -123.085489 49.024703, -123.087094 49.024705, -123.088555 49.024708, -123.09018 49.024713, -123.090829 49.024714, -123.090828 49.025108, -123.090816 49.025837, -123.090809 49.026102, -123.090803 49.02612, -123.090796 49.026134, -123.090784 49.026143, -123.090764 49.026154, -123.090741 49.026163, -123.09071 49.026169, -123.090687 49.026174, -123.090687 49.02661, -123.090985 49.026978, -123.090928 49.027677, -123.090927 49.028607, -123.090901 49.029767, -123.090897 49.030689, -123.090879 49.031519, -123.090883 49.031673, -123.0908825 49.0316905, -123.0908725 49.0317095, -123.090847 49.031727, -123.090793 49.031755, -123.090718 49.031786, -123.090566 49.031844, -123.090381 49.031906, -123.09063 49.031942, -123.090672 49.031947, -123.090702 49.031948, -123.090855 49.031948, -123.090935 49.031948, -123.090975 49.031948, -123.091003 49.03195, -123.091029 49.031955, -123.091146 49.031995, -123.090276 49.032414, -123.088747 49.033147, -123.086948 49.034018, -123.085369 49.034775, -123.083954 49.035459, -123.082305 49.036253, -123.080608 49.037076, -123.0803141 49.0372184, -123.0798285 49.0374538, -123.0757235 49.0394133, -123.075705 49.039422, -123.0743626 49.0400629, -123.073977 49.040247, -123.072929 49.040751)))"
822293,Tsawwassen East,Neighborhood,N,Neighborhood,Tsawwassen,Tsawwassen East,,CAN,"Vancouver, BC",49.013212,-123.063261,20220419,1986386.033,Canada,British Columbia,"Vancouver, BC",Delta,"MULTIPOLYGON (((-123.057725 49.003912, -123.057705 49.001994, -123.058234 49.001994, -123.05865 49.001996, -123.059346 49.001997, -123.060046 49.001997, -123.060635 49.001995, -123.061203 49.00199, -123.0617521 49.0019858, -123.061922 49.001985, -123.062553 49.001987, -123.06313 49.001988, -123.063577 49.001988, -123.064295 49.00199, -123.065052 49.001989, -123.065648 49.001989, -123.066252 49.001988, -123.06671 49.001986, -123.067127 49.001979, -123.068044 49.001979, -123.068583 49.001982, -123.068674 49.002249, -123.068691 49.002317, -123.068699 49.002377, -123.068705 49.002459, -123.068697 49.002873, -123.068661 49.003668, -123.068637 49.004349, -123.068629 49.005233, -123.068629 49.006263, -123.068632 49.007098, -123.068655 49.00824, -123.068658 49.008972, -123.068655 49.009172, -123.068647 49.009794, -123.068642 49.010701, -123.068645 49.011586, -123.068644 49.012529, -123.068639 49.013384, -123.068634 49.013737, -123.068633 49.013806, -123.068622 49.014529, -123.068629 49.015449, -123.068618 49.016521, -123.06862 49.017371, -123.068622 49.017836, -123.068668 49.018776, -123.068675 49.019736, -123.068672 49.020812, -123.068671 49.021813, -123.068665 49.022675, -123.068668 49.023583, -123.068661 49.024365, -123.068663 49.024687, -123.067842 49.024679, -123.066387 49.024669, -123.064704 49.024663, -123.063269 49.024645, -123.061684 49.024628, -123.060056 49.024607, -123.059155 49.024598, -123.058979 49.024595, -123.058921 49.024593, -123.058827 49.024586, -123.058747 49.024573, -123.05864 49.024544, -123.058547 49.024514, -123.058485 49.02449, -123.058431 49.024464, -123.058384 49.024435, -123.058336 49.024401, -123.058297 49.024367, -123.058268 49.024335, -123.058237 49.024297, -123.058207 49.024253, -123.058186 49.024209, -123.058172 49.024173, -123.058167 49.024148, -123.058165 49.024112, -123.058165 49.024088, -123.058184 49.023939, -123.058267 49.023394, -123.058318 49.023049, -123.05841 49.022502, -123.058453 49.022246, -123.058467 49.022095, -123.058477 49.021968, -123.058479 49.021843, -123.058476 49.021687, -123.058471 49.021579, -123.058457 49.02139, -123.058449 49.021299, -123.058428 49.021147, -123.058372 49.020785, -123.058343 49.02063, -123.058316 49.020524, -123.058288 49.020435, -123.058243 49.020317, -123.058039 49.01981, -123.057863 49.019371, -123.057701 49.018966, -123.057649 49.018849, -123.057616 49.018782, -123.057563 49.018687, -123.057751 49.01866, -123.057719 49.018563, -123.05771 49.018526, -123.057711 49.018444, -123.057719 49.01804, -123.057712 49.017533, -123.057734 49.017018, -123.057734 49.016536, -123.057733 49.01574, -123.057736 49.015049, -123.05774 49.014252, -123.057739 49.013585, -123.057737 49.012836, -123.057751 49.012112, -123.057753 49.011446, -123.057753 49.010504, -123.057756 49.009743, -123.057753 49.008817, -123.057755 49.007882, -123.057762 49.006835, -123.057764 49.00624, -123.057773 49.005882, -123.057771 49.005852, -123.057769 49.005839, -123.05776 49.005824, -123.057748 49.005808, -123.057705 49.005752, -123.057737 49.00574, -123.057743 49.005385, -123.057725 49.003912)))"
822272,Tsawwassen Heights,Neighborhood,S,Sub Neighborhood,,Tsawwassen,Tsawwassen Heights,CAN,"Vancouver, BC",49.003193,-123.090208,20220419,49116.286,Canada,British Columbia,"Vancouver, BC",Delta,"MULTIPOLYGON (((-123.0887142 49.0019796, -123.0888343 49.0019795, -123.089137 49.0019793, -123.0909657 49.0019778, -123.091293 49.002586, -123.091345 49.002706, -123.091613 49.003419, -123.091759 49.003747, -123.091894 49.004084, -123.090416 49.004467, -123.089992 49.004469, -123.089375 49.00447, -123.089369 49.004339, -123.089358 49.004289, -123.089327 49.004172, -123.089314 49.004134, -123.08929 49.004079, -123.089215 49.003908, -123.089093 49.00368, -123.089008 49.003507, -123.088986 49.003452, -123.088954 49.00336, -123.088938 49.003314, -123.08888 49.003076, -123.088805 49.002678, -123.088758 49.002318, -123.0887142 49.0019796)))"
1173586,Tsawwassen Indian Reserve,Neighborhood,N,Neighborhood,Tsawwassen,Tsawwassen Indian Reserve,,CAN,"Vancouver, BC",49.045819,-123.099159,20220419,6183574.336,Canada,British Columbia,"Vancouver, BC",Tsawwassen,"MULTIPOLYGON (((-123.0798285 49.0374538, -123.0803141 49.0372184, -123.080608 49.037076, -123.082305 49.036253, -123.083954 49.035459, -123.085369 49.034775, -123.086948 49.034018, -123.088747 49.033147, -123.090276 49.032414, -123.091146 49.031995, -123.091841 49.03166, -123.092976 49.031111, -123.094326 49.030464, -123.095692 49.029828, -123.096483 49.02944, -123.09732 49.029046, -123.09811 49.028661, -123.098313 49.028558, -123.099124 49.028117, -123.099426 49.027951, -123.099788 49.027743, -123.100204 49.027491, -123.100755 49.027142, -123.101604 49.02659, -123.1020261 49.0268009, -123.1019851 49.026949, -123.1017449 49.0278155, -123.1016985 49.0279829, -123.1015445 49.0285386, -123.101304 49.0289722, -123.1010305 49.0293336, -123.1008725 49.029597, -123.1008468 49.0297847, -123.1008425 49.0303085, -123.1008554 49.0306895, -123.1008863 49.030913, -123.1009579 49.0313423, -123.1009878 49.0317065, -123.1010562 49.032051, -123.1011886 49.0321995, -123.1012314 49.032292, -123.1011801 49.03239, -123.1010562 49.0324825, -123.1009494 49.0325301, -123.1008948 49.0326064, -123.1009202 49.0329423, -123.1004995 49.0331527, -123.1004922 49.033222, -123.1004836 49.0333117, -123.1003384 49.0333537, -123.1002094 49.033371, -123.1000048 49.0334, -123.0998777 49.0334181, -123.099871 49.0334669, -123.0998556 49.0335787, -123.0996803 49.0336321, -123.0994362 49.0336936, -123.0993673 49.033747, -123.0992561 49.033828, -123.0991921 49.0339645, -123.0991232 49.0342189, -123.0990189 49.0346805, -123.099023 49.0348017, -123.0990856 49.0348878, -123.0991921 49.0349658, -123.0993924 49.0350561, -123.0997619 49.0352114, -123.1014447 49.0358707, -123.1038869 49.0369329, -123.1041195 49.0370345, -123.1047874 49.0373454, -123.1053894 49.0376255, -123.10632 49.0380323, -123.1066884 49.0382038, -123.1069889 49.03835, -123.1072021 49.0385279, -123.10727 49.0387631, -123.1074639 49.0390554, -123.1076093 49.0393223, -123.1077644 49.0394557, -123.1079679 49.0395892, -123.1081327 49.0397036, -123.1083169 49.0398497, -123.1084526 49.0399704, -123.1085593 49.040123, -123.1086562 49.0402755, -123.1087628 49.0404598, -123.1087919 49.0407203, -123.1088598 49.0413367, -123.1089761 49.0422835, -123.1090815 49.043095, -123.1091118 49.0434018, -123.1091894 49.0435607, -123.1095536 49.0439429, -123.1100133 49.0443359, -123.1103623 49.0448251, -123.1107016 49.0452381, -123.110973 49.0455685, -123.1111184 49.0458227, -123.1112251 49.0460896, -123.1112445 49.0463246, -123.111196 49.0466106, -123.1112042 49.0469072, -123.1113899 49.0472407, -123.1117127 49.0474483, -123.1120006 49.0476335, -123.1129118 49.047983, -123.1138618 49.0483515, -123.1145694 49.0486755, -123.1160654 49.048583, -123.116358 49.0485696, -123.1166437 49.0485696, -123.116841 49.0485963, -123.1171676 49.0486989, -123.1176983 49.0488505, -123.1183651 49.0490512, -123.1188277 49.0492028, -123.1192088 49.0493277, -123.1196646 49.0495908, -123.119998 49.0498717, -123.1205423 49.0501927, -123.1208281 49.05038, -123.1211021 49.0505738, -123.1226864 49.0511012, -123.1263528 49.0524045, -123.1271012 49.0526675, -123.1277611 49.0528771, -123.1282646 49.0530421, -123.1285572 49.0531134, -123.1290104 49.0532062, -123.1292789 49.0532956, -123.1297274 49.0535237, -123.1300859 49.053671, -123.1306394 49.0539375, -123.1305634 49.0555325, -123.124786 49.0553716, -123.1239844 49.055383, -123.1240239 49.0566122, -123.1240034 49.0578501, -123.1188505 49.0577629, -123.1132223 49.057738, -123.1124807 49.057738, -123.111606 49.0581492, -123.1108074 49.058498, -123.1103511 49.0587099, -123.1099138 49.0588469, -123.1099422 49.0563934, -123.1099518 49.0555699, -123.1058827 49.0555325, -123.1058829 49.0560932, -123.1017944 49.0561036, -123.1017566 49.0569405, -123.0977446 49.0568159, -123.0974784 49.0541369, -123.097497 49.052883, -123.0949492 49.0528502, -123.0908554 49.0528541, -123.0908494 49.0539068, -123.088356 49.0538951, -123.0855269 49.0538715, -123.0837707 49.0538754, -123.0812522 49.0538559, -123.0797053 49.0538503, -123.0797036 49.0533273, -123.0797035 49.0532946, -123.0797389 49.0517358, -123.0797396 49.0492784, -123.0797267 49.0470457, -123.0796967 49.0450291, -123.0797053 49.0430715, -123.0797824 49.04208, -123.079791 49.041566, -123.0798124 49.0410267, -123.0797996 49.0390661, -123.0798285 49.0374538)))"
