88947,Simonds,Neighborhood,N,Neighborhood,Central,Simonds,,CAN,"Vancouver, BC",49.091424,-122.668427,20220419,1641149.597,Canada,British Columbia,"Vancouver, BC",Langley,"MULTIPOLYGON (((-122.659995 49.096713, -122.6594 49.096111, -122.659099 49.09587, -122.659059 49.095148, -122.658175 49.094666, -122.6578925 49.0947062, -122.6578173 49.0943661, -122.657686 49.0936855, -122.6577963 49.0931251, -122.6582749 49.0922259, -122.6583895 49.0917706, -122.6584368 49.0907771, -122.6580273 49.0907496, -122.6582583 49.0900551, -122.6585621 49.0894729, -122.658386 49.0894301, -122.6579223 49.0893174, -122.6592808 49.0882397, -122.6598224 49.0873614, -122.6595645 49.0868715, -122.6589455 49.086331, -122.659532 49.083446, -122.6586748 49.0828965, -122.6608574 49.0838538, -122.6643504 49.0856442, -122.6662867 49.0865642, -122.6687412 49.0876141, -122.6722329 49.087735, -122.6741043 49.0879758, -122.6796887 49.0881459, -122.6796 49.089624, -122.6799908 49.0896195, -122.6798758 49.0950321, -122.679328 49.095246, -122.679073 49.095488, -122.679121 49.09589, -122.679215 49.096157, -122.679059 49.096473, -122.678804 49.096538, -122.678157 49.096251, -122.677729 49.096185, -122.677435 49.096251, -122.677162 49.09639, -122.677332 49.096613, -122.677354 49.096813, -122.677035 49.096957, -122.676712 49.096893, -122.676469 49.096743, -122.676143 49.096752, -122.675548 49.096813, -122.674827 49.09691, -122.674444 49.096947, -122.673942 49.096773, -122.673793 49.096659, -122.673807 49.096408, -122.673737 49.096185, -122.673501 49.09593, -122.67317 49.09585, -122.672818 49.09593, -122.672307 49.096083, -122.671935 49.096411, -122.671528 49.096548, -122.671213 49.096452, -122.670806 49.096241, -122.670566 49.095981, -122.670249 49.095809, -122.669886 49.095785, -122.669567 49.09585, -122.669376 49.096139, -122.669008 49.096399, -122.66857 49.096594, -122.668286 49.096752, -122.668002 49.096813, -122.667564 49.09678, -122.667281 49.096836, -122.667055 49.096633, -122.66683 49.096223, -122.666673 49.096046, -122.666333 49.096157, -122.665922 49.096334, -122.665626 49.096416, -122.665384 49.096325, -122.665087 49.096166, -122.665016 49.095953, -122.664719 49.095869, -122.664365 49.095878, -122.66421 49.095757, -122.664096 49.095534, -122.663856 49.095516, -122.663672 49.095674, -122.663488 49.095618, -122.663105 49.095528, -122.66288 49.095594, -122.662511 49.095618, -122.662422 49.095729, -122.662497 49.095971, -122.662313 49.096083, -122.66186 49.096171, -122.661338 49.09613, -122.661208 49.095981, -122.660883 49.095999, -122.66069 49.09593, -122.660557 49.095999, -122.660387 49.095897, -122.660402 49.095702, -122.660366 49.09558, -122.660189 49.095525, -122.660014 49.095689, -122.659995 49.096713)))"
88951,Alice Brown,Neighborhood,N,Neighborhood,Central,Alice Brown,,CAN,"Vancouver, BC",49.084699,-122.671246,20220419,776336.126,Canada,British Columbia,"Vancouver, BC",Langley,"MULTIPOLYGON (((-122.6662867 49.0865642, -122.6643504 49.0856442, -122.6608574 49.0838538, -122.6586748 49.0828965, -122.65749 49.082137, -122.680032 49.082225, -122.68 49.08376, -122.679906 49.085841, -122.6796887 49.0881459, -122.6741043 49.0879758, -122.6722329 49.087735, -122.6687412 49.0876141, -122.6662867 49.0865642)))"
89056,Blacklock,Neighborhood,N,Neighborhood,Central,Blacklock,,CAN,"Vancouver, BC",49.093162,-122.647322,20220419,1511947.602,Canada,British Columbia,"Vancouver, BC",Langley,"MULTIPOLYGON (((-122.6357123 49.095245, -122.6357721 49.0895513, -122.6376701 49.0895588, -122.6412501 49.0895731, -122.646883 49.089683, -122.646917 49.087717, -122.65007 49.08792, -122.65329 49.088191, -122.6579223 49.0893174, -122.658386 49.0894301, -122.6585621 49.0894729, -122.6582583 49.0900551, -122.6580273 49.0907496, -122.6584368 49.0907771, -122.6583895 49.0917706, -122.6582749 49.0922259, -122.6577963 49.0931251, -122.657686 49.0936855, -122.6578173 49.0943661, -122.6578925 49.0947062, -122.657613 49.094746, -122.657172 49.095047, -122.657453 49.095549, -122.65657 49.09581, -122.655627 49.096412, -122.654503 49.096874, -122.65378 49.096874, -122.652951 49.097515, -122.651572 49.098018, -122.650549 49.098299, -122.650649 49.098018, -122.650388 49.097757, -122.649706 49.098038, -122.648622 49.09854, -122.64806 49.09856, -122.647217 49.09856, -122.646174 49.098515, -122.644949 49.098961, -122.643585 49.098941, -122.642862 49.09856, -122.642401 49.098238, -122.6423 49.097656, -122.641497 49.097496, -122.641397 49.096954, -122.640795 49.096994, -122.640434 49.097436, -122.640032 49.097115, -122.639912 49.096613, -122.639832 49.096121, -122.6393 49.096131, -122.638617 49.096091, -122.638638 49.09583, -122.638101 49.095459, -122.6357123 49.095245)))"
89057,Murrayville,Neighborhood,N,Neighborhood,Central,Murrayville,,CAN,"Vancouver, BC",49.091761,-122.620469,20220419,7998799.118,Canada,British Columbia,"Vancouver, BC",Langley,"MULTIPOLYGON (((-122.624554 49.109859, -122.624577 49.104306, -122.6245806 49.1039325, -122.6234689 49.1039635, -122.6140904 49.1040681, -122.6042596 49.1044979, -122.6041727 49.1017243, -122.6039559 49.0987472, -122.6039452 49.0985117, -122.603881 49.0969341, -122.6038346 49.0959347, -122.6037275 49.0939217, -122.6035883 49.0915053, -122.6035633 49.0909807, -122.6035222 49.0901407, -122.6035208 49.0901113, -122.603499 49.085699, -122.603521 49.082524, -122.6037813 49.0747968, -122.6250537 49.0748682, -122.626496 49.074882, -122.6279735 49.0764015, -122.6285295 49.0769733, -122.629078 49.0775374, -122.630013 49.078499, -122.6299588 49.079084, -122.629935 49.079341, -122.629784 49.080108, -122.629817 49.08093, -122.628837 49.081867, -122.629229 49.082195, -122.632308 49.082553, -122.633756 49.084528, -122.634611 49.085647, -122.636586 49.087094, -122.637704 49.088411, -122.6376757 49.0893822, -122.6376701 49.0895588, -122.6357721 49.0895513, -122.6357123 49.095245, -122.634816 49.0961254, -122.6366386 49.0974557, -122.6354434 49.0988839, -122.6381777 49.0996639, -122.6396265 49.1000772, -122.6397825 49.1001164, -122.6412875 49.1004952, -122.6406716 49.1006785, -122.6402517 49.1008801, -122.6401273 49.1009005, -122.6400758 49.1008893, -122.6399251 49.1008565, -122.639773 49.1008814, -122.6396919 49.1009717, -122.6396304 49.101149, -122.6393752 49.1012803, -122.6392213 49.1014303, -122.6391944 49.1015202, -122.6391645 49.1019707, -122.6390287 49.1020736, -122.6388453 49.1022631, -122.6387808 49.1022873, -122.6386131 49.1024499, -122.6385465 49.102562, -122.638537 49.1026554, -122.638518 49.1027736, -122.6382383 49.1029884, -122.6381267 49.1030757, -122.6378905 49.1030848, -122.6377289 49.103116, -122.6376053 49.1033089, -122.6375364 49.1035375, -122.6374796 49.1036367, -122.6374532 49.1039874, -122.6374342 49.1041741, -122.6372987 49.1042854, -122.6373075 49.1044745, -122.6373125 49.1045822, -122.6373927 49.1045829, -122.6387683 49.1045941, -122.6414905 49.1046163, -122.6427992 49.104627, -122.6429112 49.1046279, -122.642889 49.1068179, -122.6428744 49.1082621, -122.6428614 49.1095503, -122.642861 49.109588, -122.640859 49.108902, -122.639378 49.108602, -122.637955 49.108534, -122.631498 49.108645, -122.629039 49.108845, -122.628995 49.109888, -122.624554 49.109859)))"
1174628,Salmon River Uplands,Neighborhood,N,Neighborhood,Central,Salmon River Uplands,,CAN,"Vancouver, BC",49.09696,-122.557832,20220419,27165551.9,Canada,British Columbia,"Vancouver, BC",Langley,"MULTIPOLYGON (((-122.6037813 49.0747968, -122.603521 49.082524, -122.603499 49.085699, -122.6035208 49.0901113, -122.6035222 49.0901407, -122.6035633 49.0909807, -122.6035883 49.0915053, -122.6037275 49.0939217, -122.6038346 49.0959347, -122.603881 49.0969341, -122.6039452 49.0985117, -122.6039559 49.0987472, -122.6041727 49.1017243, -122.6042596 49.1044979, -122.6016468 49.1044638, -122.5981822 49.1044583, -122.5942906 49.1044156, -122.593824 49.1044095, -122.5904203 49.1043119, -122.5864222 49.1041528, -122.5860653 49.1041459, -122.5835125 49.1040404, -122.5818046 49.1039672, -122.5811671 49.1039489, -122.580057 49.1039733, -122.5770041 49.1039825, -122.5728777 49.104007, -122.5721671 49.1039916, -122.5702458 49.1038349, -122.5698522 49.1038483, -122.5693711 49.1040008, -122.5692526 49.1040383, -122.5701217 49.1122241, -122.5701787 49.1187949, -122.57026 49.118796, -122.5705391 49.1187991, -122.570527 49.119271, -122.570276 49.119351, -122.5701838 49.119379, -122.5702159 49.1230806, -122.570377 49.123209, -122.570217 49.1232096, -122.5702433 49.1262316, -122.5702726 49.1262653, -122.5703101 49.1263411, -122.5703252 49.1264507, -122.57033 49.127087, -122.57031 49.128518, -122.5702863 49.130214, -122.570283 49.130448, -122.57031 49.130539, -122.570441 49.130685, -122.570282 49.1306856, -122.5702904 49.1317385, -122.5701431 49.1319012, -122.5265653 49.114862, -122.5148111 49.1102563, -122.5150128 49.1100357, -122.5150631 49.1100551, -122.515059 49.109757, -122.515089 49.107706, -122.515127 49.104877, -122.515139 49.104045, -122.515092 49.097675, -122.515045 49.091305, -122.51503 49.089345, -122.515051 49.085323, -122.515079 49.079944, -122.520251 49.0797465, -122.525423 49.079549, -122.530463 49.079357, -122.535503 49.079165, -122.535767 49.079155, -122.536024 49.079166, -122.536107 49.079169, -122.536541 49.079188, -122.5368925 49.0792039, -122.5373102 49.0792198, -122.5378648 49.0792796, -122.5382043 49.079325, -122.5384027 49.0793584, -122.5386274 49.0793967, -122.539734 49.0796404, -122.5416535 49.0800635, -122.5439723 49.0806396, -122.5480575 49.0816027, -122.5483919 49.0816814, -122.5529851 49.0827573, -122.5535533 49.0828927, -122.5535247 49.0797661, -122.553489 49.0785312, -122.55356 49.0769468, -122.5535463 49.0764267, -122.5535554 49.0747019, -122.5535285 49.0735479, -122.5535691 49.0730364, -122.5567586 49.0737346, -122.5592197 49.074374, -122.5592197 49.0739466, -122.5594973 49.0739519, -122.5598434 49.0741199, -122.5601093 49.0743824, -122.5606519 49.0745241, -122.6037813 49.0747968)))"
1174629,Milner,Neighborhood,N,Neighborhood,Central,Milner,,CAN,"Vancouver, BC",49.121581,-122.615693,20220419,3966620.455,Canada,British Columbia,"Vancouver, BC",Langley,"MULTIPOLYGON (((-122.6037903 49.1253646, -122.6038294 49.1213312, -122.6039425 49.1184343, -122.6041165 49.1117504, -122.6077883 49.1116931, -122.6118187 49.111564, -122.618187 49.1113775, -122.6243832 49.1111767, -122.6243793 49.1130612, -122.6249435 49.1130681, -122.6251106 49.1130741, -122.6254955 49.1128046, -122.625703 49.1126294, -122.6257905 49.1126122, -122.6264662 49.113027, -122.6268725 49.113305, -122.6268725 49.1133723, -122.6263807 49.1138053, -122.6262438 49.1139379, -122.6262139 49.1140277, -122.6262225 49.114109, -122.6269879 49.1145537, -122.626385 49.1149899, -122.6268104 49.1152942, -122.6345735 49.1197408, -122.6303536 49.122672, -122.6287006 49.1238198, -122.6225738 49.1280911, -122.6224564 49.1281783, -122.6211815 49.1290451, -122.6193541 49.1302634, -122.6172697 49.1316816, -122.6162608 49.1323668, -122.6140532 49.1338677, -122.6131389 49.1344893, -122.611833 49.1353962, -122.6081219 49.1332723, -122.6034079 49.1306548, -122.6030394 49.1304578, -122.6029234 49.1304048, -122.6027836 49.1303409, -122.6027052 49.1303051, -122.6036695 49.1295236, -122.6037903 49.1253646)))"
88929,Uplands,Neighborhood,N,Neighborhood,Central,Uplands,,CAN,"Vancouver, BC",49.085782,-122.650792,20220419,851078.795,Canada,British Columbia,"Vancouver, BC",Langley,"MULTIPOLYGON (((-122.6412501 49.0895731, -122.6412643 49.0893962, -122.641311 49.088967, -122.641333 49.087481, -122.6409075 49.0873168, -122.640895 49.087312, -122.6408956 49.0872683, -122.6409044 49.0866396, -122.6410323 49.0865422, -122.6413745 49.0863027, -122.6415065 49.0859947, -122.6416043 49.0853249, -122.641551 49.0844218, -122.6466791 49.0845078, -122.647109 49.084515, -122.6471349 49.0824511, -122.64714 49.082046, -122.65749 49.082137, -122.6586748 49.0828965, -122.659532 49.083446, -122.6589455 49.086331, -122.6595645 49.0868715, -122.6598224 49.0873614, -122.6592808 49.0882397, -122.6579223 49.0893174, -122.65329 49.088191, -122.65007 49.08792, -122.646917 49.087717, -122.646883 49.089683, -122.6412501 49.0895731)))"
89042,Douglas,Neighborhood,N,Neighborhood,Central ,Douglas,,CAN,"Vancouver, BC",49.104833,-122.649161,20220419,2252832.783,Canada,British Columbia,"Vancouver, BC",Langley,"MULTIPOLYGON (((-122.647229 49.114926, -122.644201 49.113261, -122.6458 49.111946, -122.6438196 49.1107085, -122.643558 49.110545, -122.642861 49.109588, -122.6428614 49.1095503, -122.6428744 49.1082621, -122.642889 49.1068179, -122.6429112 49.1046279, -122.6427992 49.104627, -122.6414905 49.1046163, -122.6387683 49.1045941, -122.6373927 49.1045829, -122.6373358 49.1045291, -122.6373075 49.1044745, -122.6372987 49.1042854, -122.6374342 49.1041741, -122.6374532 49.1039874, -122.6374796 49.1036367, -122.6375364 49.1035375, -122.6376053 49.1033089, -122.6377289 49.103116, -122.6378905 49.1030848, -122.6381267 49.1030757, -122.6382383 49.1029884, -122.638518 49.1027736, -122.638537 49.1026554, -122.6385465 49.102562, -122.6386131 49.1024499, -122.6387808 49.1022873, -122.6388453 49.1022631, -122.6390287 49.1020736, -122.6391645 49.1019707, -122.6391944 49.1015202, -122.6392213 49.1014303, -122.6393752 49.1012803, -122.6396304 49.101149, -122.6396919 49.1009717, -122.639773 49.1008814, -122.6399251 49.1008565, -122.6400758 49.1008893, -122.6401273 49.1009005, -122.6402517 49.1008801, -122.6406716 49.1006785, -122.6412875 49.1004952, -122.6397825 49.1001164, -122.6396265 49.1000772, -122.6381777 49.0996639, -122.6354434 49.0988839, -122.6366386 49.0974557, -122.634816 49.0961254, -122.6357123 49.095245, -122.638101 49.095459, -122.638638 49.09583, -122.638617 49.096091, -122.6393 49.096131, -122.639832 49.096121, -122.639912 49.096613, -122.640032 49.097115, -122.640434 49.097436, -122.640795 49.096994, -122.641397 49.096954, -122.641497 49.097496, -122.6423 49.097656, -122.642401 49.098238, -122.642862 49.09856, -122.643585 49.098941, -122.644949 49.098961, -122.646174 49.098515, -122.647217 49.09856, -122.64806 49.09856, -122.648622 49.09854, -122.649706 49.098038, -122.650388 49.097757, -122.650649 49.098018, -122.650549 49.098299, -122.651572 49.098018, -122.652951 49.097515, -122.65378 49.096874, -122.654503 49.096874, -122.655627 49.096412, -122.65657 49.09581, -122.657453 49.095549, -122.657172 49.095047, -122.657613 49.094746, -122.6578925 49.0947062, -122.658175 49.094666, -122.659059 49.095148, -122.659099 49.09587, -122.6594 49.096111, -122.659995 49.096713, -122.6597648 49.1014936, -122.6597505 49.1017917, -122.6597143 49.1017917, -122.6566899 49.1017914, -122.6566456 49.1017905, -122.6566445 49.1018128, -122.6566419 49.1019471, -122.656611 49.102522, -122.6561219 49.1024653, -122.6559273 49.1024413, -122.6556011 49.1024049, -122.655559 49.1024, -122.6555132 49.1024006, -122.6548771 49.1023959, -122.6547097 49.1024227, -122.6546385 49.1024494, -122.6545761 49.1024832, -122.6545494 49.102501, -122.6545138 49.1025331, -122.6544783 49.1025848, -122.6544212 49.1026987, -122.6541809 49.1031796, -122.653433 49.1030139, -122.6525024 49.1028099, -122.6522038 49.1027445, -122.6518098 49.1026581, -122.6516389 49.1029104, -122.6515019 49.1031113, -122.6514033 49.1032597, -122.6512902 49.1034283, -122.6512204 49.1035511, -122.6511873 49.103605, -122.651157 49.1036709, -122.6511356 49.1037474, -122.6511249 49.1038026, -122.651116 49.1039273, -122.6511107 49.1042193, -122.651102 49.1046254, -122.6511144 49.104686, -122.6511465 49.1047554, -122.6512177 49.1048427, -122.6513174 49.104946, -122.6514154 49.105019, -122.6515026 49.1050724, -122.6517003 49.1051864, -122.6519941 49.1053555, -122.6529436 49.1058388, -122.6533816 49.1060311, -122.6534313 49.1060511, -122.6535276 49.1060899, -122.653829 49.1062041, -122.6544618 49.1064529, -122.6554279 49.1068326, -122.6556077 49.1069038, -122.6560291 49.1070858, -122.6560616 49.1070985, -122.6561213 49.1071685, -122.6581752 49.1079981, -122.6595367 49.1085544, -122.659859 49.108679, -122.6599466 49.1087077, -122.6600544 49.1087517, -122.6599865 49.1088289, -122.659543 49.109333, -122.658175 49.110782, -122.657124 49.111558, -122.656736 49.112196, -122.656701 49.113134, -122.656701 49.115099, -122.647229 49.114926)))"
1173606,City of Langley,Neighborhood,M,Macro Neighborhood,City of Langley,,,CAN,"Vancouver, BC",49.102078,-122.661266,20220419,12721245.16,Canada,British Columbia,"Vancouver, BC",Langley,"MULTIPOLYGON (((-122.6601079 49.1227929, -122.660109 49.122605, -122.65981 49.122605, -122.657487 49.122605, -122.657297 49.1223592, -122.6571393 49.1221656, -122.6569528 49.1220293, -122.6565655 49.1218643, -122.6563752 49.121838, -122.6558411 49.1216133, -122.6554477 49.1213675, -122.6546338 49.1212443, -122.6539189 49.120975, -122.6535531 49.1208745, -122.652686 49.1205505, -122.652279 49.120343, -122.6521976 49.1202793, -122.6540995 49.1187629, -122.6493616 49.1161916, -122.647229 49.114926, -122.644201 49.113261, -122.6458 49.111946, -122.6438196 49.1107085, -122.643558 49.110545, -122.642861 49.109588, -122.6428614 49.1095503, -122.6428744 49.1082621, -122.642889 49.1068179, -122.6429112 49.1046279, -122.6427992 49.104627, -122.6414905 49.1046163, -122.6387683 49.1045941, -122.6373927 49.1045829, -122.6373125 49.1045822, -122.6373075 49.1044745, -122.6372987 49.1042854, -122.6374342 49.1041741, -122.6374532 49.1039874, -122.6374796 49.1036367, -122.6375364 49.1035375, -122.6376053 49.1033089, -122.6377289 49.103116, -122.6378905 49.1030848, -122.6381267 49.1030757, -122.6382383 49.1029884, -122.638518 49.1027736, -122.638537 49.1026554, -122.6385465 49.102562, -122.6386131 49.1024499, -122.6387808 49.1022873, -122.6388453 49.1022631, -122.6390287 49.1020736, -122.6391645 49.1019707, -122.6391944 49.1015202, -122.6392213 49.1014303, -122.6393752 49.1012803, -122.6396304 49.101149, -122.6396919 49.1009717, -122.639773 49.1008814, -122.6399251 49.1008565, -122.6400758 49.1008893, -122.6401273 49.1009005, -122.6402517 49.1008801, -122.6406716 49.1006785, -122.6412875 49.1004952, -122.6397825 49.1001164, -122.6396265 49.1000772, -122.6381777 49.0996639, -122.6354434 49.0988839, -122.6366386 49.0974557, -122.634816 49.0961254, -122.6357123 49.095245, -122.6357721 49.0895513, -122.6376701 49.0895588, -122.6412501 49.0895731, -122.6412643 49.0893962, -122.641311 49.088967, -122.641333 49.087481, -122.6409075 49.0873168, -122.640895 49.087312, -122.6408956 49.0872683, -122.6409044 49.0866396, -122.6410323 49.0865422, -122.6413745 49.0863027, -122.6415065 49.0859947, -122.6416043 49.0853249, -122.641551 49.0844218, -122.6466791 49.0845078, -122.647109 49.084515, -122.6471349 49.0824511, -122.64714 49.082046, -122.65749 49.082137, -122.680032 49.082225, -122.68 49.08376, -122.679906 49.085841, -122.6796887 49.0881459, -122.6796 49.089624, -122.6799908 49.0896195, -122.6798758 49.0950321, -122.6798216 49.0975817, -122.6800638 49.107978, -122.67997 49.114038, -122.679953 49.119076, -122.679953 49.119184, -122.679946 49.11962, -122.6799338 49.1199165, -122.6798512 49.123523, -122.67985 49.123767, -122.679851 49.12425, -122.679845 49.124697, -122.679841 49.125036, -122.679833 49.12535, -122.679814 49.125669, -122.679795 49.126116, -122.679786 49.126374, -122.665563 49.126233, -122.665617 49.125415, -122.664322 49.124915, -122.6619752 49.1239705, -122.661656 49.123842, -122.660105 49.123313, -122.6601079 49.1227929)))"
1210889,Downtown Langley,Neighborhood,N,Neighborhood,City of Langley,Downtown Langley,,CAN,"Vancouver, BC",49.104631,-122.658637,20220419,527711.995,Canada,British Columbia,"Vancouver, BC",Langley,"MULTIPOLYGON (((-122.6554279 49.1068326, -122.6544618 49.1064529, -122.653829 49.1062041, -122.6535276 49.1060899, -122.6534313 49.1060511, -122.6533816 49.1060311, -122.6529436 49.1058388, -122.6519941 49.1053555, -122.6517003 49.1051864, -122.6515026 49.1050724, -122.6514154 49.105019, -122.6513174 49.104946, -122.6512177 49.1048427, -122.6511465 49.1047554, -122.6511144 49.104686, -122.651102 49.1046254, -122.6511107 49.1042193, -122.651116 49.1039273, -122.6511249 49.1038026, -122.6511356 49.1037474, -122.651157 49.1036709, -122.6511873 49.103605, -122.6512204 49.1035511, -122.6512902 49.1034283, -122.6514033 49.1032597, -122.6515019 49.1031113, -122.6516389 49.1029104, -122.6518098 49.1026581, -122.6522038 49.1027445, -122.6525024 49.1028099, -122.653433 49.1030139, -122.6541809 49.1031796, -122.6544212 49.1026987, -122.6544783 49.1025848, -122.6545138 49.1025331, -122.6545494 49.102501, -122.6545761 49.1024832, -122.6546385 49.1024494, -122.6547097 49.1024227, -122.6548771 49.1023959, -122.6555132 49.1024006, -122.655559 49.1024, -122.6556011 49.1024049, -122.6559273 49.1024413, -122.6561219 49.1024653, -122.656611 49.102522, -122.6566419 49.1019471, -122.6566445 49.1018128, -122.6566456 49.1017905, -122.6566899 49.1017914, -122.6597143 49.1017917, -122.6597505 49.1017917, -122.6597648 49.1014936, -122.6604371 49.1014928, -122.6635418 49.101489, -122.664412 49.101488, -122.6643974 49.101923, -122.6643833 49.1019872, -122.6643753 49.1020213, -122.6643203 49.1021645, -122.664283 49.1022618, -122.6642562 49.1023935, -122.664231 49.103051, -122.6641788 49.1034488, -122.664152 49.1043187, -122.6641368 49.1045091, -122.66413 49.104664, -122.664102 49.105448, -122.664076 49.106174, -122.6640686 49.1067832, -122.6640686 49.1068658, -122.6640085 49.107402, -122.6639898 49.1074566, -122.6639682 49.1075042, -122.663339 49.108009, -122.6609239 49.1070426, -122.6606301 49.106925, -122.6603877 49.1068366, -122.6603153 49.1068149, -122.6602568 49.1067977, -122.6602103 49.1067891, -122.6601904 49.106786, -122.6601828 49.1069382, -122.660099 49.108701, -122.6600544 49.1087517, -122.6599466 49.1087077, -122.659859 49.108679, -122.6595367 49.1085544, -122.6581752 49.1079981, -122.6561213 49.1071685, -122.6560616 49.1070985, -122.6560291 49.1070858, -122.6556077 49.1069038, -122.6554279 49.1068326)))"
1210890,Park Avenue,Neighborhood,S,Sub Neighborhood,City of Langley,Park Avenue,Park Avenue,CAN,"Vancouver, BC",49.102939,-122.655516,20220419,17829.388,Canada,British Columbia,"Vancouver, BC",Langley,"MULTIPOLYGON (((-122.6541809 49.1031796, -122.6544212 49.1026987, -122.6544783 49.1025848, -122.6545138 49.1025331, -122.6545494 49.102501, -122.6545761 49.1024832, -122.6546385 49.1024494, -122.6547097 49.1024227, -122.6548771 49.1023959, -122.6555132 49.1024006, -122.655559 49.1024, -122.6556011 49.1024049, -122.6559273 49.1024413, -122.6561219 49.1024653, -122.656611 49.102522, -122.656597 49.102825, -122.65659 49.102984, -122.6565778 49.1033225, -122.6565698 49.1034824, -122.6565622 49.1035196, -122.6556159 49.1034787, -122.655522 49.1034737, -122.6554797 49.1034694, -122.6554162 49.1034567, -122.6553442 49.1034419, -122.6552024 49.1034102, -122.6541809 49.1031796)))"
1210891,Civic Center District,Neighborhood,S,Sub Neighborhood,City of Langley,Downtown Langley,Civic Center District,CAN,"Vancouver, BC",49.104381,-122.65846,20220419,45833.726,Canada,British Columbia,"Vancouver, BC",Langley,"MULTIPOLYGON (((-122.6598286 49.1054384, -122.6591225 49.1052871, -122.6584163 49.1051378, -122.6582718 49.1051073, -122.6578079 49.1050157, -122.6574002 49.1049267, -122.657167 49.1048758, -122.6566741 49.1047683, -122.6565977 49.1047473, -122.6565121 49.1047256, -122.656436 49.1047092, -122.6563561 49.10469, -122.6563037 49.1046786, -122.6563982 49.1045743, -122.6564714 49.1044905, -122.6564951 49.1044483, -122.6565155 49.1043963, -122.6565309 49.1043328, -122.6565368 49.104273, -122.6565373 49.1042593, -122.6565417 49.1041247, -122.6565435 49.1038629, -122.6565612 49.1035655, -122.6565622 49.1035196, -122.6577563 49.1035393, -122.6588873 49.1035797, -122.6593312 49.1036101, -122.6596168 49.1036985, -122.6598292 49.1038097, -122.6600723 49.1039462, -122.6603137 49.1040776, -122.6602731 49.1043101, -122.6602499 49.1044971, -122.6602152 49.1048635, -122.6601766 49.1053386, -122.660163 49.105507, -122.6600864 49.1054936, -122.6598286 49.1054384)))"
1210892,Entertainment District,Neighborhood,S,Sub Neighborhood,City of Langley,Downtown Langley,Entertainment District,CAN,"Vancouver, BC",49.10641,-122.657527,20220419,123368.152,Canada,British Columbia,"Vancouver, BC",Langley,"MULTIPOLYGON (((-122.6534313 49.1060511, -122.6541054 49.1055495, -122.6543597 49.1053592, -122.6545736 49.1052507, -122.6548778 49.1051481, -122.655603 49.1049724, -122.6558286 49.1049092, -122.6559853 49.1048333, -122.6563037 49.1046786, -122.6563561 49.10469, -122.656436 49.1047092, -122.6565121 49.1047256, -122.6565977 49.1047473, -122.6566741 49.1047683, -122.657167 49.1048758, -122.6574002 49.1049267, -122.6578079 49.1050157, -122.6582718 49.1051073, -122.6584163 49.1051378, -122.6591225 49.1052871, -122.6598286 49.1054384, -122.6600864 49.1054936, -122.660163 49.105507, -122.6601904 49.106786, -122.6601828 49.1069382, -122.660099 49.108701, -122.6600544 49.1087517, -122.6599466 49.1087077, -122.659859 49.108679, -122.6595367 49.1085544, -122.6581752 49.1079981, -122.6561213 49.1071685, -122.6560616 49.1070985, -122.6560291 49.1070858, -122.6556077 49.1069038, -122.6554279 49.1068326, -122.6544618 49.1064529, -122.653829 49.1062041, -122.6535276 49.1060899, -122.6534313 49.1060511)))"
88912,Gloucester,Neighborhood,N,Neighborhood,East,Gloucester,,CAN,"Vancouver, BC",49.100885,-122.471138,20220419,3265632.881,Canada,British Columbia,"Vancouver, BC",Langley,"MULTIPOLYGON (((-122.4600644 49.1107654, -122.4599735 49.1068681, -122.4593192 49.0887877, -122.460156 49.089122, -122.4601535 49.0886283, -122.4901951 49.100813, -122.4927158 49.101819, -122.4926791 49.103961, -122.4819659 49.103742, -122.4821261 49.107368, -122.470528 49.107037, -122.4704542 49.10749, -122.4711832 49.109009, -122.471186 49.110772, -122.4607338 49.1107652, -122.4600644 49.1107654)))"
89054,Aldergrove,Neighborhood,N,Neighborhood,East,Aldergrove,,CAN,"Abbotsford, BC",49.057136,-122.480034,20220419,4841336.936,Canada,British Columbia,"Abbotsford, BC",Langley,"MULTIPOLYGON (((-122.4799358 49.065871, -122.4760561 49.063999, -122.476153 49.066307, -122.4693871 49.066327, -122.4693749 49.064677, -122.465111 49.064677, -122.4650806 49.0638572, -122.4650459 49.062919, -122.4608682 49.0628572, -122.4600279 49.0628533, -122.4597809 49.0628534, -122.4597664 49.0614484, -122.4597569 49.0605308, -122.4598275 49.0601657, -122.4597819 49.0591301, -122.45978 49.0559994, -122.4597695 49.055108, -122.4597621 49.0544846, -122.4597621 49.0542705, -122.4598037 49.0541225, -122.459774 49.0531996, -122.4597844 49.0529397, -122.4598216 49.0520119, -122.459818 49.0517957, -122.4598166 49.0517081, -122.459735 49.0515653, -122.4597324 49.0514394, -122.4597443 49.0513226, -122.4597463 49.0513057, -122.4597681 49.0511162, -122.4597719 49.0510606, -122.459774 49.0510305, -122.4597443 49.0508786, -122.4597324 49.0506995, -122.459774 49.0505905, -122.4596824 49.0504934, -122.4596528 49.050462, -122.459572 49.0504269, -122.4595709 49.0502998, -122.4631763 49.0503155, -122.470744 49.050287, -122.4706951 49.0482872, -122.470637 49.045909, -122.481572 49.045853, -122.481657 49.053083, -122.5036811 49.05295, -122.503567 49.064717, -122.4982019 49.064703, -122.4927241 49.064739, -122.4926809 49.061943, -122.4876751 49.061926, -122.481725 49.061993, -122.4817621 49.064657, -122.481805 49.066835, -122.4804139 49.066817, -122.4799358 49.065871)))"
1173587,Langley,Neighborhood,M,Macro Neighborhood,Langley,,,CAN,"Vancouver, BC",49.093216,-122.572683,20220419,304485575.7,Canada,British Columbia,"Vancouver, BC",Langley,"MULTIPOLYGON (((-122.5968379 49.2022929, -122.5960108 49.2016115, -122.5951837 49.2009653, -122.5943745 49.2002604, -122.593925 49.1997669, -122.5933316 49.1990032, -122.5934215 49.1987565, -122.5934755 49.1986625, -122.5931159 49.1982748, -122.5926843 49.1977108, -122.5922887 49.1969941, -122.5913357 49.1936805, -122.5913357 49.1932222, -122.591066 49.1925759, -122.5909042 49.1922704, -122.5907244 49.1914008, -122.5905266 49.1906488, -122.5906165 49.1896029, -122.5902928 49.1891211, -122.5902209 49.1880282, -122.5884994 49.1884818, -122.5870213 49.1874022, -122.5810084 49.1838567, -122.5790798 49.1830211, -122.5753259 49.1818944, -122.5693092 49.1806114, -122.5679307 49.1803317, -122.5669324 49.1801764, -122.5662876 49.1794463, -122.5610057 49.1781481, -122.5595114 49.1778194, -122.5584638 49.1775357, -122.5567129 49.1769682, -122.5555181 49.1764675, -122.5519112 49.173447, -122.5509083 49.1724766, -122.5505023 49.1723112, -122.5502927 49.1721742, -122.5502578 49.1718472, -122.5502927 49.1716556, -122.5501431 49.1714991, -122.5497507 49.1713922, -122.5494996 49.1713817, -122.5491703 49.1713915, -122.5491464 49.1713567, -122.5490357 49.1711958, -122.5487513 49.1706087, -122.5487713 49.1703135, -122.5486316 49.1702173, -122.5484969 49.1699336, -122.548437 49.1694443, -122.5487142 49.1693519, -122.5487254 49.1693454, -122.5489608 49.1692095, -122.548886 49.1689942, -122.5485983 49.168738, -122.5484734 49.1686848, -122.5486544 49.1675995, -122.5480841 49.1674281, -122.546558 49.1669846, -122.5452477 49.1666117, -122.5448161 49.1664908, -122.5446928 49.1665613, -122.5444924 49.166521, -122.5445078 49.1663799, -122.5437216 49.1662186, -122.5432129 49.1660876, -122.5427505 49.1659565, -122.542103 49.1657953, -122.5417485 49.1656542, -122.5413784 49.1656603, -122.540814 49.1654197, -122.5376087 49.1650499, -122.5360375 49.1647416, -122.5344034 49.1640636, -122.5324551 49.1633033, -122.5319209 49.1633238, -122.5313867 49.1631183, -122.5309153 49.1630978, -122.529784 49.1629745, -122.5278671 49.1630361, -122.5268301 49.1630361, -122.5257302 49.1630567, -122.5237505 49.1631389, -122.5224935 49.1633033, -122.5216765 49.1633238, -122.5211108 49.1634676, -122.5197282 49.1636731, -122.5174656 49.1638992, -122.5161143 49.1640019, -122.5149202 49.1641046, -122.5138204 49.1641252, -122.5126891 49.1640841, -122.511275 49.1640636, -122.5107722 49.1640019, -122.5099551 49.1642485, -122.5092952 49.1641868, -122.5052415 49.1643923, -122.5029161 49.1645362, -122.5011877 49.1647211, -122.499208 49.1649882, -122.4956256 49.1652964, -122.4918376 49.1657471, -122.4896094 49.1659219, -122.4880051 49.1658831, -122.484737 49.1665047, -122.4809341 49.1671652, -122.4787356 49.1675343, -122.4754377 49.1678257, -122.4743682 49.1678645, -122.4727936 49.1678645, -122.4697631 49.1678062, -122.4672675 49.1676897, -122.4650095 49.1676314, -122.4629596 49.1677868, -122.4627813 49.1665824, -122.4626057 49.166568, -122.4623059 49.1665435, -122.4621574 49.1654945, -122.4622866 49.1654688, -122.4628384 49.165359, -122.4631378 49.1651837, -122.4631378 49.16497, -122.4634943 49.1646203, -122.4633458 49.1643678, -122.4635538 49.1641346, -122.4638509 49.1639404, -122.4639994 49.1637849, -122.4640588 49.1633964, -122.4636429 49.1628913, -122.4626331 49.1613606, -122.4623356 49.1609096, -122.461939 49.1602567, -122.4611922 49.1590689, -122.460921 49.1586377, -122.4596618 49.1568295, -122.4589784 49.1558968, -122.458711 49.1554111, -122.4585625 49.1548864, -122.4587407 49.1543812, -122.4592161 49.1535846, -122.4610177 49.1516026, -122.4615038 49.1511167, -122.460735 49.1394939, -122.4600644 49.1107654, -122.4599735 49.1068681, -122.4593192 49.0887877, -122.459294 49.0880909, -122.4595602 49.0822702, -122.4592631 49.0822702, -122.4582191 49.0822702, -122.4584787 49.0749734, -122.4599063 49.0749731, -122.4598476 49.0693027, -122.4598452 49.0690691, -122.45984 49.0685635, -122.4598058 49.0652576, -122.4597942 49.0641365, -122.4597809 49.0628534, -122.4600279 49.0628533, -122.4608682 49.0628572, -122.4650459 49.062919, -122.4650806 49.0638572, -122.465111 49.064677, -122.4693749 49.064677, -122.4693871 49.066327, -122.476153 49.066307, -122.4760561 49.063999, -122.4799358 49.065871, -122.4804139 49.066817, -122.481805 49.066835, -122.4817621 49.064657, -122.481725 49.061993, -122.4876751 49.061926, -122.4926809 49.061943, -122.4927241 49.064739, -122.4982019 49.064703, -122.503567 49.064717, -122.5036811 49.05295, -122.481657 49.053083, -122.481572 49.045853, -122.470637 49.045909, -122.4706951 49.0482872, -122.470744 49.050287, -122.4631763 49.0503155, -122.459571 49.0502998, -122.4595622 49.0495253, -122.4595538 49.0487486, -122.4595437 49.0478118, -122.4595423 49.0476852, -122.4595126 49.0459599, -122.4595688 49.0459481, -122.459606 49.0459403, -122.4596789 49.0457807, -122.4596729 49.0452843, -122.4596704 49.0450733, -122.4596671 49.0447992, -122.4597087 49.0446824, -122.4598334 49.0445617, -122.4598713 49.0445466, -122.4598881 49.0445399, -122.4599382 49.0445199, -122.4599998 49.0444954, -122.4601781 49.0444292, -122.460175 49.0442321, -122.4601735 49.0441379, -122.4601721 49.0440514, -122.4600386 49.0440213, -122.459982 49.0440086, -122.4599356 49.043982, -122.4598394 49.0439268, -122.4596968 49.0438099, -122.459654 49.0437532, -122.4596233 49.0437125, -122.4595824 49.0436582, -122.4595658 49.0420533, -122.4594948 49.0420265, -122.4593284 49.0419637, -122.4593156 49.0419146, -122.4593008 49.0418578, -122.4592808 49.0417807, -122.4593759 49.0416015, -122.4595597 49.0414653, -122.4596195 49.040433, -122.459636 49.0400226, -122.4596552 49.0395449, -122.4596566 49.038888, -122.4596587 49.037929, -122.4596611 49.0368493, -122.4596628 49.0363356, -122.459665 49.0356964, -122.4596671 49.0350808, -122.4596433 49.032311, -122.4596611 49.0313877, -122.45978 49.0313916, -122.4598097 49.0292137, -122.4598279 49.0284442, -122.4598543 49.027329, -122.4598523 49.0269176, -122.4598519 49.0268207, -122.4598517 49.0267833, -122.4597681 49.0255085, -122.4597562 49.0244448, -122.4597377 49.0237363, -122.4596908 49.0219394, -122.4597443 49.0202911, -122.4597562 49.0193091, -122.4597324 49.0169008, -122.459738 49.0165113, -122.4597503 49.0156505, -122.4597854 49.0131884, -122.4597776 49.0115991, -122.4597656 49.0113352, -122.4597213 49.0103572, -122.4596867 49.0095935, -122.4596544 49.0083119, -122.4596415 49.0078001, -122.4596296 49.0073297, -122.4596011 49.0057113, -122.4596021 49.0054651, -122.4596065 49.0043952, -122.4596149 49.0023766, -122.4596151 49.0023248, -122.4690988 49.0023185, -122.4737012 49.0022678, -122.4795864 49.0022543, -122.4837458 49.0022538, -122.4845393 49.0022489, -122.4899847 49.002314, -122.4927419 49.0023016, -122.49337 49.0023016, -122.5007436 49.0023304, -122.5086196 49.0023304, -122.5147936 49.0023387, -122.5169918 49.0023098, -122.5249872 49.0023098, -122.5311172 49.0023057, -122.5368955 49.0023098, -122.5398537 49.0022934, -122.5474198 49.0022789, -122.5531146 49.0022851, -122.5589758 49.0022976, -122.5643521 49.0022789, -122.570218 49.0022446, -122.658359 49.0022352, -122.6611947 49.0022349, -122.6694303 49.0021292, -122.6746117 49.0021526, -122.6801357 49.0022338, -122.6801972 49.0022347, -122.6801947 49.0023238, -122.6800034 49.0092427, -122.6799932 49.0096126, -122.6799952 49.0154902, -122.6799833 49.0166515, -122.6799239 49.0180154, -122.6799476 49.0196989, -122.6799833 49.0207899, -122.6799595 49.0239461, -122.6800628 49.0266031, -122.6801259 49.0274138, -122.6795013 49.0274055, -122.6794906 49.0311117, -122.6798088 49.0311146, -122.6801208 49.0311134, -122.680285 49.0311134, -122.6802893 49.0314685, -122.68031 49.0331692, -122.6803049 49.0335381, -122.680285 49.0349645, -122.680285 49.0354392, -122.6803207 49.037363, -122.680344 49.038164, -122.680345 49.038422, -122.6803401 49.0395681, -122.6803319 49.04147, -122.68033 49.041914, -122.6803436 49.0435604, -122.680361 49.045667, -122.68044 49.05292, -122.680534 49.056599, -122.680566 49.060195, -122.680598 49.06275, -122.680598 49.067439, -122.680592 49.0677033, -122.680503 49.071653, -122.6804649 49.0728625, -122.680427 49.0740642, -122.680377 49.075651, -122.6803269 49.0765937, -122.6803021 49.0769079, -122.6802509 49.0776504, -122.6801566 49.0793425, -122.680016 49.080669, -122.680032 49.082225, -122.65749 49.082137, -122.64714 49.082046, -122.6471349 49.0824511, -122.647109 49.084515, -122.6466791 49.0845078, -122.641551 49.0844218, -122.6416043 49.0853249, -122.6415065 49.0859947, -122.6413745 49.0863027, -122.6410323 49.0865422, -122.6409044 49.0866396, -122.6408956 49.0872683, -122.640895 49.087312, -122.6409075 49.0873168, -122.641333 49.087481, -122.641311 49.088967, -122.6412643 49.0893962, -122.6412501 49.0895731, -122.6376701 49.0895588, -122.6357721 49.0895513, -122.6357123 49.095245, -122.634816 49.0961254, -122.6366386 49.0974557, -122.6354434 49.0988839, -122.6381777 49.0996639, -122.6396265 49.1000772, -122.6397825 49.1001164, -122.6412875 49.1004952, -122.6406716 49.1006785, -122.6402517 49.1008801, -122.6401273 49.1009005, -122.6400758 49.1008893, -122.6399251 49.1008565, -122.639773 49.1008814, -122.6396919 49.1009717, -122.6396304 49.101149, -122.6393752 49.1012803, -122.6392213 49.1014303, -122.6391944 49.1015202, -122.6391645 49.1019707, -122.6390287 49.1020736, -122.6388453 49.1022631, -122.6387808 49.1022873, -122.6386131 49.1024499, -122.6385465 49.102562, -122.638537 49.1026554, -122.638518 49.1027736, -122.6382383 49.1029884, -122.6381267 49.1030757, -122.6378905 49.1030848, -122.6377289 49.103116, -122.6376053 49.1033089, -122.6375364 49.1035375, -122.6374796 49.1036367, -122.6374532 49.1039874, -122.6374342 49.1041741, -122.6372987 49.1042854, -122.6373075 49.1044745, -122.6373125 49.1045822, -122.6373927 49.1045829, -122.6387683 49.1045941, -122.6414905 49.1046163, -122.6427992 49.104627, -122.6429112 49.1046279, -122.642889 49.1068179, -122.6428744 49.1082621, -122.6428614 49.1095503, -122.642861 49.109588, -122.643558 49.110545, -122.6438196 49.1107085, -122.6458 49.111946, -122.644201 49.113261, -122.647229 49.114926, -122.6493616 49.1161916, -122.6540995 49.1187629, -122.6521976 49.1202793, -122.652279 49.120343, -122.652686 49.1205505, -122.6535531 49.1208745, -122.6539189 49.120975, -122.6546338 49.1212443, -122.6554477 49.1213675, -122.6558411 49.1216133, -122.6563752 49.121838, -122.6565655 49.1218643, -122.6569528 49.1220293, -122.6571393 49.1221656, -122.657297 49.1223592, -122.657487 49.122605, -122.65981 49.122605, -122.660109 49.122605, -122.6601079 49.1227929, -122.660105 49.123313, -122.661656 49.123842, -122.6619752 49.1239705, -122.664322 49.124915, -122.665617 49.125415, -122.665563 49.126233, -122.679786 49.126374, -122.679777 49.12677, -122.679763 49.127283, -122.67975 49.127512, -122.679743 49.127603, -122.679734 49.127687, -122.679728 49.127718, -122.679721 49.127765, -122.679631 49.128152, -122.679611 49.128241, -122.679597 49.128333, -122.679587 49.128402, -122.679577 49.128512, -122.679573 49.128583, -122.679575 49.128885, -122.679564 49.129278, -122.679555 49.129861, -122.679548 49.130221, -122.679538 49.130584, -122.679534 49.130847, -122.67953 49.131151, -122.679521 49.131572, -122.679501 49.132494, -122.67949 49.13314, -122.679483 49.133611, -122.679559 49.133611, -122.679555 49.13376, -122.679558 49.134806, -122.679555 49.135515, -122.679547 49.135723, -122.679552 49.136075, -122.679581 49.136575, -122.679309 49.136577, -122.679298 49.136694, -122.679276 49.137087, -122.679249 49.137363, -122.67922 49.137651, -122.679201 49.138764, -122.679252 49.13987, -122.679416 49.141049, -122.679453 49.142706, -122.679486 49.143503, -122.679551 49.143505, -122.679537 49.143724, -122.679486 49.144587, -122.679477 49.144845, -122.679458 49.145615, -122.679469 49.146002, -122.679425 49.147384, -122.679439 49.148212, -122.679171 49.148225, -122.679175 49.148276, -122.67917 49.148344, -122.679157 49.148438, -122.67914 49.148547, -122.679128 49.148644, -122.679122 49.148734, -122.679121 49.148817, -122.679122 49.148878, -122.679137 49.14905, -122.679142 49.149087, -122.67915 49.149125, -122.679166 49.149174, -122.67918 49.149207, -122.679202 49.149251, -122.679222 49.149287, -122.679244 49.149318, -122.679269 49.149351, -122.679287 49.149375, -122.679307 49.149403, -122.679324 49.149431, -122.679337 49.149462, -122.6793495 49.1494936, -122.679359 49.149523, -122.679364 49.149543, -122.679368 49.14956, -122.679372 49.149582, -122.679373 49.149613, -122.679371 49.149635, -122.67937 49.149649, -122.679369 49.149669, -122.679364 49.149697, -122.679355 49.149775, -122.67935 49.149837, -122.679348 49.149914, -122.679346 49.150038, -122.679329 49.150389, -122.679319 49.150639, -122.679315 49.150684, -122.679309 49.150707, -122.679303 49.150723, -122.679293 49.150734, -122.679254 49.150765, -122.679276 49.150801, -122.679287 49.150822, -122.679297 49.150853, -122.679301 49.150931, -122.679285 49.151291, -122.679168 49.151407, -122.679187 49.15143, -122.679204 49.15145, -122.679228 49.151486, -122.679247 49.151517, -122.679263 49.151546, -122.679275 49.151581, -122.679284 49.151615, -122.679292 49.151648, -122.679303 49.151697, -122.679308 49.151735, -122.679308 49.151777, -122.679316 49.152099, -122.679318 49.152436, -122.679311 49.152741, -122.679299 49.152959, -122.679295 49.153175, -122.679282 49.153936, -122.679264 49.15455, -122.679258 49.154723, -122.679238 49.155489, -122.679236 49.155665, -122.679229 49.15651, -122.679203 49.157481, -122.679179 49.158362, -122.679174 49.159077, -122.67917 49.159109, -122.679155 49.159137, -122.679135 49.159162, -122.679112 49.159179, -122.679061 49.159208, -122.679071 49.159286, -122.679076 49.159341, -122.679079 49.159506, -122.679088 49.15969, -122.679091 49.159909, -122.679083 49.1601, -122.679068 49.160226, -122.679052 49.160295, -122.67916 49.160318, -122.679093 49.160847, -122.679086 49.162889, -122.678955 49.166825, -122.6792972 49.1669019, -122.6794869 49.1770135, -122.6795059 49.1804494, -122.6797914 49.1806398, -122.6795916 49.1810871, -122.679322 49.1816211, -122.6793265 49.1818009, -122.6794678 49.1817914, -122.6794164 49.1854256, -122.6783923 49.1859269, -122.6774643 49.1863552, -122.6761937 49.187012, -122.6756655 49.1871976, -122.6754513 49.1871405, -122.6744234 49.187583, -122.6723512 49.1885111, -122.6720963 49.1886253, -122.6709399 49.1891107, -122.6696407 49.1896675, -122.6673606 49.1907765, -122.6654138 49.1916148, -122.6644239 49.1920098, -122.6644137 49.1919561, -122.6607507 49.1935658, -122.6581844 49.1946063, -122.6571674 49.1952463, -122.6555102 49.1959847, -122.6550959 49.1961816, -122.653853 49.1968953, -122.6518944 49.1977814, -122.648693 49.1992334, -122.6461695 49.2004886, -122.6445876 49.2012269, -122.6448135 49.2014484, -122.6425537 49.2025312, -122.6416497 49.2022851, -122.6403315 49.2028511, -122.6392392 49.2033679, -122.6367911 49.2043769, -122.6337026 49.2054596, -122.6303128 49.2064439, -122.6287686 49.2069361, -122.6265464 49.207379, -122.6243242 49.2077973, -122.6222526 49.2079696, -122.6196161 49.2082648, -122.617055 49.2084863, -122.6156991 49.2085601, -122.6135899 49.2087324, -122.6120833 49.2087324, -122.6094468 49.2087078, -122.6076012 49.2084863, -122.605605 49.207945, -122.6037595 49.2070345, -122.6012125 49.2057075, -122.6003801 49.2050538, -122.5986 49.2038202, -122.5968379 49.2022929)))"
88920,Northwest Langley,Neighborhood,N,Neighborhood,North,Northwest Langley,,CAN,"Vancouver, BC",49.183046,-122.646958,20220419,6337804.6,Canada,British Columbia,"Vancouver, BC",Langley,"MULTIPOLYGON (((-122.6644137 49.1919561, -122.664324 49.1914863, -122.6643085 49.1911657, -122.6642871 49.1899039, -122.6642974 49.1891919, -122.6451318 49.189101, -122.6450647 49.189376, -122.634549 49.1893422, -122.6345111 49.1913149, -122.6234228 49.1913563, -122.6235343 49.184265, -122.6125073 49.1843442, -122.6125668 49.1770273, -122.6164971 49.1769688, -122.6167298 49.1769678, -122.6237116 49.1769402, -122.6308976 49.1769307, -122.6377504 49.1769402, -122.6462933 49.1769907, -122.656764 49.176992, -122.664194 49.177033, -122.6794869 49.1770135, -122.6795059 49.1804494, -122.6797914 49.1806398, -122.6795916 49.1810871, -122.679322 49.1816211, -122.6793265 49.1818009, -122.6794678 49.1817914, -122.6794164 49.1854256, -122.6783923 49.1859269, -122.6774643 49.1863552, -122.6761937 49.187012, -122.6756655 49.1871976, -122.6754513 49.1871405, -122.6744234 49.187583, -122.6723512 49.1885111, -122.6720963 49.1886253, -122.6709399 49.1891107, -122.6696407 49.1896675, -122.6673606 49.1907765, -122.6654138 49.1916148, -122.6644239 49.1920098, -122.6644137 49.1919561)))"
89040,Willoughby - Willowbrook,Neighborhood,N,Neighborhood,North,Willoughby - Willowbrook,,CAN,"Vancouver, BC",49.140629,-122.648121,20220419,19480342.63,Canada,British Columbia,"Vancouver, BC",Langley,"MULTIPOLYGON (((-122.6140532 49.1338677, -122.6162608 49.1323668, -122.6172697 49.1316816, -122.6193541 49.1302634, -122.6211815 49.1290451, -122.6224564 49.1281783, -122.6225738 49.1280911, -122.6287006 49.1238198, -122.6303536 49.122672, -122.6345735 49.1197408, -122.6378132 49.1174904, -122.6381171 49.1172734, -122.6384083 49.1169598, -122.6386099 49.1166126, -122.6387219 49.1162206, -122.6389571 49.1157614, -122.6393043 49.1153806, -122.6397523 49.1149774, -122.6398307 49.1150558, -122.6401891 49.1152238, -122.6406931 49.1152798, -122.6411075 49.1151902, -122.6415555 49.1149438, -122.6420147 49.114619, -122.6426979 49.1143054, -122.6436499 49.1141262, -122.6446131 49.1141598, -122.6453971 49.1143726, -122.6471779 49.1151454, -122.6493616 49.1161916, -122.6540995 49.1187629, -122.6521976 49.1202793, -122.652279 49.120343, -122.652686 49.1205505, -122.6535531 49.1208745, -122.6539189 49.120975, -122.6546338 49.1212443, -122.6554477 49.1213675, -122.6558411 49.1216133, -122.6563752 49.121838, -122.6565655 49.1218643, -122.6569528 49.1220293, -122.6571393 49.1221656, -122.657297 49.1223592, -122.657487 49.122605, -122.65981 49.122605, -122.660109 49.122605, -122.6601079 49.1227929, -122.660105 49.123313, -122.661656 49.123842, -122.6619752 49.1239705, -122.664322 49.124915, -122.665617 49.125415, -122.665563 49.126233, -122.679786 49.126374, -122.679777 49.12677, -122.679763 49.127283, -122.67975 49.127512, -122.679743 49.127603, -122.679734 49.127687, -122.679728 49.127718, -122.679721 49.127765, -122.679631 49.128152, -122.679611 49.128241, -122.679597 49.128333, -122.679587 49.128402, -122.679577 49.128512, -122.679573 49.128583, -122.679575 49.128885, -122.679564 49.129278, -122.679555 49.129861, -122.679548 49.130221, -122.679538 49.130584, -122.679534 49.130847, -122.67953 49.131151, -122.679521 49.131572, -122.679501 49.132494, -122.67949 49.13314, -122.679483 49.133611, -122.679559 49.133611, -122.679555 49.13376, -122.679558 49.134806, -122.679555 49.135515, -122.679547 49.135723, -122.679552 49.136075, -122.679581 49.136575, -122.679309 49.136577, -122.679298 49.136694, -122.679276 49.137087, -122.679249 49.137363, -122.67922 49.137651, -122.679201 49.138764, -122.679252 49.13987, -122.679416 49.141049, -122.679453 49.142706, -122.679486 49.143503, -122.679551 49.143505, -122.679537 49.143724, -122.679486 49.144587, -122.679477 49.144845, -122.679458 49.145615, -122.679469 49.146002, -122.679425 49.147384, -122.679439 49.148212, -122.679171 49.148225, -122.679175 49.148276, -122.67917 49.148344, -122.679157 49.148438, -122.67914 49.148547, -122.679128 49.148644, -122.679122 49.148734, -122.679121 49.148817, -122.679122 49.148878, -122.679137 49.14905, -122.679142 49.149087, -122.67915 49.149125, -122.679166 49.149174, -122.67918 49.149207, -122.679202 49.149251, -122.679222 49.149287, -122.679244 49.149318, -122.679269 49.149351, -122.679287 49.149375, -122.679307 49.149403, -122.679324 49.149431, -122.679337 49.149462, -122.6793495 49.1494936, -122.679359 49.149523, -122.679364 49.149543, -122.679368 49.14956, -122.679372 49.149582, -122.679373 49.149613, -122.679371 49.149635, -122.67937 49.149649, -122.679369 49.149669, -122.679364 49.149697, -122.679355 49.149775, -122.67935 49.149837, -122.679348 49.149914, -122.679346 49.150038, -122.679329 49.150389, -122.679319 49.150639, -122.679315 49.150684, -122.679309 49.150707, -122.679303 49.150723, -122.679293 49.150734, -122.679254 49.150765, -122.679276 49.150801, -122.679287 49.150822, -122.679297 49.150853, -122.679301 49.150931, -122.679285 49.151291, -122.679168 49.151407, -122.679187 49.15143, -122.679204 49.15145, -122.679228 49.151486, -122.679247 49.151517, -122.679263 49.151546, -122.679275 49.151581, -122.679284 49.151615, -122.679292 49.151648, -122.679303 49.151697, -122.679308 49.151735, -122.679308 49.151777, -122.679316 49.152099, -122.679318 49.152436, -122.679311 49.152741, -122.679299 49.152959, -122.679295 49.153175, -122.679282 49.153936, -122.679264 49.15455, -122.679258 49.154723, -122.679238 49.155489, -122.679236 49.155665, -122.679229 49.15651, -122.679203 49.157481, -122.679179 49.158362, -122.679174 49.159077, -122.67917 49.159109, -122.679155 49.159137, -122.679135 49.159162, -122.679112 49.159179, -122.679061 49.159208, -122.679071 49.159286, -122.679076 49.159341, -122.679079 49.159506, -122.679088 49.15969, -122.679091 49.159909, -122.679083 49.1601, -122.679068 49.160226, -122.679052 49.160295, -122.67916 49.160318, -122.679093 49.160847, -122.679086 49.162889, -122.678955 49.166825, -122.6779052 49.1665482, -122.6752438 49.1658674, -122.673841 49.1655187, -122.668481 49.1640997, -122.662784 49.1625616, -122.6624355 49.1624698, -122.6617554 49.1622956, -122.6599773 49.1618217, -122.6474914 49.1584936, -122.6424053 49.1571591, -122.6365889 49.155598, -122.6316684 49.1542892, -122.6241534 49.1522902, -122.6241055 49.1522775, -122.6240461 49.1522617, -122.6238373 49.1521875, -122.620204 49.1512646, -122.6177313 49.1505166, -122.6106041 49.1478361, -122.6098142 49.1475258, -122.6012014 49.1441418, -122.6016757 49.1436726, -122.6020945 49.1432841, -122.6023619 49.1430319, -122.6026444 49.142825, -122.6028513 49.1426787, -122.6031893 49.1424516, -122.6035526 49.142265, -122.6041037 49.1419882, -122.6049956 49.1416242, -122.6059391 49.1412306, -122.6070743 49.1406706, -122.6082297 49.1400853, -122.6086384 49.1398734, -122.6089512 49.1396918, -122.6092035 49.1394496, -122.6093447 49.1392175, -122.6094053 49.1389804, -122.6094103 49.1387685, -122.6093548 49.1385465, -122.6092236 49.1383194, -122.6091534 49.1382411, -122.6090634 49.1381407, -122.6089605 49.1380078, -122.6088778 49.1378673, -122.6088426 49.1377193, -122.6088251 49.1376013, -122.6088401 49.137491, -122.6088702 49.1374383, -122.6092641 49.1371849, -122.6102626 49.1364499, -122.611833 49.1353962, -122.6131389 49.1344893, -122.6140532 49.1338677)))"
89068,Walnut Grove,Neighborhood,N,Neighborhood,North,Walnut Grove,,CAN,"Vancouver, BC",49.167942,-122.646277,20220419,8290792.366,Canada,British Columbia,"Vancouver, BC",Langley,"MULTIPOLYGON (((-122.6377504 49.1769402, -122.6308976 49.1769307, -122.6237116 49.1769402, -122.6167298 49.1769678, -122.6167297 49.1768962, -122.61677 49.17518, -122.62022 49.175087, -122.6204159 49.1621799, -122.624117 49.1619053, -122.624117 49.1593609, -122.6241327 49.1530942, -122.6240461 49.1522617, -122.6241055 49.1522775, -122.6241534 49.1522902, -122.6316684 49.1542892, -122.6365889 49.155598, -122.6424053 49.1571591, -122.6474914 49.1584936, -122.6599773 49.1618217, -122.6617554 49.1622956, -122.6624355 49.1624698, -122.662784 49.1625616, -122.668481 49.1640997, -122.673841 49.1655187, -122.6752438 49.1658674, -122.6779052 49.1665482, -122.678955 49.166825, -122.6792972 49.1669019, -122.6794869 49.1770135, -122.664194 49.177033, -122.656764 49.176992, -122.6462933 49.1769907, -122.6377504 49.1769402)))"
89086,Fort Langley,Neighborhood,N,Neighborhood,North,Fort Langley,,CAN,"Vancouver, BC",49.167833,-122.584463,20220419,2187086.055,Canada,British Columbia,"Vancouver, BC",Langley,"MULTIPOLYGON (((-122.58427 49.175518, -122.58098 49.173379, -122.5783055 49.1720803, -122.5769876 49.1714403, -122.576849 49.171373, -122.573477 49.169792, -122.570878 49.169595, -122.568739 49.169628, -122.571404 49.166995, -122.576208 49.162849, -122.579861 49.160414, -122.580321 49.160348, -122.58098 49.160908, -122.580223 49.1615, -122.580683 49.161697, -122.581309 49.161302, -122.582164 49.161171, -122.582757 49.161171, -122.582723 49.160052, -122.58325 49.159328, -122.584073 49.159328, -122.583744 49.160348, -122.587923 49.160875, -122.588449 49.161105, -122.58733 49.162191, -122.590094 49.162092, -122.594471 49.161993, -122.595853 49.164725, -122.594899 49.166831, -122.594865 49.16818, -122.594833 49.1692, -122.593582 49.171832, -122.592266 49.17305, -122.594273 49.173774, -122.59299 49.174958, -122.591082 49.174794, -122.590292 49.174859, -122.588976 49.175649, -122.588054 49.176538, -122.586606 49.177064, -122.58427 49.175518)))"
1174627,Forest Knolls,Neighborhood,N,Neighborhood,North,Forest Knolls,,CAN,"Vancouver, BC",49.142761,-122.594363,20220419,5321267.844,Canada,British Columbia,"Vancouver, BC",Langley,"MULTIPOLYGON (((-122.611833 49.1353962, -122.6102626 49.1364499, -122.6092641 49.1371849, -122.6088702 49.1374383, -122.6088401 49.137491, -122.6088251 49.1376013, -122.6088426 49.1377193, -122.6088778 49.1378673, -122.6089605 49.1380078, -122.6090634 49.1381407, -122.6091534 49.1382411, -122.6092236 49.1383194, -122.6093548 49.1385465, -122.6094103 49.1387685, -122.6094053 49.1389804, -122.6093447 49.1392175, -122.6092035 49.1394496, -122.6089512 49.1396918, -122.6086384 49.1398734, -122.6082297 49.1400853, -122.6070743 49.1406706, -122.6059391 49.1412306, -122.6049956 49.1416242, -122.6041037 49.1419882, -122.6035526 49.142265, -122.6031893 49.1424516, -122.6028513 49.1426787, -122.6026444 49.142825, -122.6023619 49.1430319, -122.6020945 49.1432841, -122.6016757 49.1436726, -122.6012014 49.1441418, -122.6098142 49.1475258, -122.6052052 49.1526163, -122.6046539 49.1525698, -122.6043341 49.1525059, -122.6033749 49.1522714, -122.6033242 49.153341, -122.6032754 49.1550568, -122.6001887 49.1545344, -122.5995592 49.1554618, -122.5993673 49.1557602, -122.5977243 49.1553433, -122.5977777 49.1598005, -122.596085 49.1607984, -122.5957311 49.1610184, -122.5955521 49.161119, -122.5955376 49.1611174, -122.5953891 49.1611552, -122.595065 49.1611612, -122.5947052 49.1611612, -122.5943394 49.1610987, -122.5939533 49.1609429, -122.5939224 49.1609304, -122.592324 49.1602574, -122.591898 49.1600936, -122.5914966 49.1599836, -122.5911903 49.1599211, -122.5908186 49.1598617, -122.5899097 49.1598173, -122.5896326 49.1597668, -122.5898135 49.1595911, -122.5900811 49.1593472, -122.5903101 49.1591242, -122.590432 49.1590112, -122.5905242 49.158916, -122.5905956 49.1588001, -122.5906729 49.1586454, -122.5907324 49.1584432, -122.5908245 49.1579377, -122.5909762 49.1568018, -122.591003 49.1564746, -122.591003 49.1560643, -122.591003 49.1557877, -122.5909651 49.1542902, -122.5909616 49.1541516, -122.5909429 49.1532289, -122.5907089 49.1531922, -122.5901903 49.1530867, -122.5894697 49.1529628, -122.5889924 49.1529123, -122.588483 49.1528985, -122.5878083 49.1529306, -122.5873677 49.1530087, -122.5869455 49.1531004, -122.5864544 49.1531234, -122.585486 49.1530729, -122.5846662 49.1530255, -122.5834667 49.1529352, -122.5830031 49.1528618, -122.5824432 49.1527333, -122.5818649 49.1525268, -122.5815942 49.1523432, -122.5814787 49.1522167, -122.5814152 49.1520449, -122.5813876 49.1518429, -122.5814244 49.1516364, -122.5815437 49.1514804, -122.5817181 49.1512876, -122.5819384 49.1511224, -122.5820715 49.1509755, -122.5821082 49.1508195, -122.5820669 49.1506864, -122.5816171 49.1503009, -122.5813605 49.1500926, -122.5811713 49.1497917, -122.5810785 49.1495776, -122.5810713 49.149392, -122.5811005 49.1483016, -122.5811855 49.1449519, -122.5812212 49.143874, -122.5813897 49.1362761, -122.5813779 49.1345767, -122.581434 49.131695, -122.5814913 49.1314297, -122.5816281 49.1310465, -122.5817813 49.1307963, -122.5820673 49.1304796, -122.5824298 49.1301937, -122.582636 49.1300797, -122.583059 49.1298861, -122.5835355 49.1297463, -122.5840945 49.129651, -122.5848569 49.1296129, -122.5884083 49.1296383, -122.5895709 49.1296637, -122.5944438 49.1297155, -122.5994633 49.1298017, -122.6005045 49.1298035, -122.6014067 49.1299242, -122.6020674 49.1300576, -122.6025947 49.1302545, -122.6027052 49.1303051, -122.6027836 49.1303409, -122.6029234 49.1304048, -122.6030394 49.1304578, -122.6034079 49.1306548, -122.6081219 49.1332723, -122.611833 49.1353962)))"
1174630,Williams,Neighborhood,S,Sub Neighborhood,North,Willoughby - Willowbrook,Williams,CAN,"Vancouver, BC",49.144989,-122.629494,20220419,1433244.438,Canada,British Columbia,"Vancouver, BC",Langley,"MULTIPOLYGON (((-122.6241055 49.1522775, -122.6241134 49.1519919, -122.6241266 49.1501784, -122.6241285 49.1499073, -122.62416 49.1488447, -122.6241806 49.1481487, -122.6242032 49.1473841, -122.6242097 49.1461776, -122.6242133 49.1435936, -122.624224 49.1413271, -122.6242169 49.1392034, -122.6242026 49.1372974, -122.6242193 49.1362196, -122.624213 49.1358502, -122.6244333 49.1358502, -122.6246914 49.1358565, -122.6262884 49.1367894, -122.6280147 49.1354411, -122.6302239 49.1366811, -122.631829 49.1376, -122.6327729 49.1380975, -122.6331927 49.1383142, -122.6353875 49.1395662, -122.6353449 49.1412043, -122.6353081 49.1428296, -122.6352776 49.1428449, -122.6352394 49.1428741, -122.6352057 49.1429257, -122.6352057 49.143011, -122.6352282 49.1443598, -122.6352539 49.1456772, -122.6352551 49.14585, -122.6352249 49.1460818, -122.6351855 49.1461418, -122.6351227 49.1462944, -122.6350868 49.1463909, -122.6350913 49.1465008, -122.6351205 49.1468128, -122.6351249 49.1476679, -122.6350958 49.1489022, -122.6350666 49.1500625, -122.6350486 49.1508435, -122.6349879 49.1526313, -122.6317331 49.1525421, -122.6316684 49.1542892, -122.6241534 49.1522902, -122.6241055 49.1522775)))"
89064,Brookswood-Fernridge,Neighborhood,N,Neighborhood,South,Brookswood-Fernridge,,CAN,"Vancouver, BC",49.059091,-122.651985,20220419,20883934.22,Canada,British Columbia,"Vancouver, BC",Langley,"MULTIPOLYGON (((-122.6376701 49.0895588, -122.6376757 49.0893822, -122.637704 49.088411, -122.636586 49.087094, -122.634611 49.085647, -122.633756 49.084528, -122.632308 49.082553, -122.629229 49.082195, -122.628837 49.081867, -122.629817 49.08093, -122.629784 49.080108, -122.629935 49.079341, -122.6299588 49.079084, -122.630013 49.078499, -122.629078 49.0775374, -122.6285295 49.0769733, -122.6279735 49.0764015, -122.626496 49.074882, -122.6250537 49.0748682, -122.6251201 49.0313405, -122.6471308 49.031204, -122.6500527 49.0312144, -122.6500464 49.0384912, -122.6500414 49.0386735, -122.6500646 49.042195, -122.6499442 49.042195, -122.6497362 49.042195, -122.6496815 49.0443935, -122.6496724 49.0456798, -122.6519254 49.0456681, -122.6566908 49.0456807, -122.6683715 49.0456596, -122.6694213 49.0456807, -122.6693776 49.0428453, -122.6693419 49.0404646, -122.6693348 49.0384266, -122.6693205 49.0359282, -122.6692955 49.0333548, -122.6692669 49.0311491, -122.6701771 49.0311384, -122.67123 49.0311455, -122.6751567 49.0311502, -122.6761768 49.0311284, -122.6794906 49.0311117, -122.6798088 49.0311146, -122.6801208 49.0311134, -122.680285 49.0311134, -122.6802893 49.0314685, -122.68031 49.0331692, -122.6803049 49.0335381, -122.680285 49.0349645, -122.680285 49.0354392, -122.6803207 49.037363, -122.680344 49.038164, -122.680345 49.038422, -122.6803401 49.0395681, -122.6803319 49.04147, -122.68033 49.041914, -122.6803436 49.0435604, -122.680361 49.045667, -122.68044 49.05292, -122.680534 49.056599, -122.680566 49.060195, -122.680598 49.06275, -122.680598 49.067439, -122.680592 49.0677033, -122.680503 49.071653, -122.6804649 49.0728625, -122.680427 49.0740642, -122.680377 49.075651, -122.6803269 49.0765937, -122.6803021 49.0769079, -122.6802509 49.0776504, -122.6801566 49.0793425, -122.680016 49.080669, -122.680032 49.082225, -122.65749 49.082137, -122.64714 49.082046, -122.6471349 49.0824511, -122.647109 49.084515, -122.6466791 49.0845078, -122.641551 49.0844218, -122.6416043 49.0853249, -122.6415065 49.0859947, -122.6413745 49.0863027, -122.6410323 49.0865422, -122.6409044 49.0866396, -122.6408956 49.0872683, -122.640895 49.087312, -122.6409075 49.0873168, -122.641333 49.087481, -122.641311 49.088967, -122.6412643 49.0893962, -122.6412501 49.0895731, -122.6376701 49.0895588)))"
88934,Nicomekl,Neighborhood,N,Neighborhood,West,Nicomekl,,CAN,"Vancouver, BC",49.105526,-122.669654,20220419,2802212.937,Canada,British Columbia,"Vancouver, BC",Langley,"MULTIPOLYGON (((-122.656701 49.115099, -122.656701 49.113134, -122.656736 49.112196, -122.657124 49.111558, -122.658175 49.110782, -122.659543 49.109333, -122.6599865 49.1088289, -122.6600544 49.1087517, -122.660099 49.108701, -122.6601828 49.1069382, -122.6601904 49.106786, -122.6602103 49.1067891, -122.6602568 49.1067977, -122.6603153 49.1068149, -122.6603877 49.1068366, -122.6606301 49.106925, -122.6609239 49.1070426, -122.663339 49.108009, -122.6639682 49.1075042, -122.6639898 49.1074566, -122.6640085 49.107402, -122.6640686 49.1068658, -122.6640686 49.1067832, -122.664076 49.106174, -122.664102 49.105448, -122.66413 49.104664, -122.6641368 49.1045091, -122.664152 49.1043187, -122.6641788 49.1034488, -122.664231 49.103051, -122.6642562 49.1023935, -122.664283 49.1022618, -122.6643203 49.1021645, -122.6643753 49.1020213, -122.6643833 49.1019872, -122.6643974 49.101923, -122.664412 49.101488, -122.6635418 49.101489, -122.6604371 49.1014928, -122.6597648 49.1014936, -122.659995 49.096713, -122.660014 49.095689, -122.660189 49.095525, -122.660366 49.09558, -122.660402 49.095702, -122.660387 49.095897, -122.660557 49.095999, -122.66069 49.09593, -122.660883 49.095999, -122.661208 49.095981, -122.661338 49.09613, -122.66186 49.096171, -122.662313 49.096083, -122.662497 49.095971, -122.662422 49.095729, -122.662511 49.095618, -122.66288 49.095594, -122.663105 49.095528, -122.663488 49.095618, -122.663672 49.095674, -122.663856 49.095516, -122.664096 49.095534, -122.66421 49.095757, -122.664365 49.095878, -122.664719 49.095869, -122.665016 49.095953, -122.665087 49.096166, -122.665384 49.096325, -122.665626 49.096416, -122.665922 49.096334, -122.666333 49.096157, -122.666673 49.096046, -122.66683 49.096223, -122.667055 49.096633, -122.667281 49.096836, -122.667564 49.09678, -122.668002 49.096813, -122.668286 49.096752, -122.66857 49.096594, -122.669008 49.096399, -122.669376 49.096139, -122.669567 49.09585, -122.669886 49.095785, -122.670249 49.095809, -122.670566 49.095981, -122.670806 49.096241, -122.671213 49.096452, -122.671528 49.096548, -122.671935 49.096411, -122.672307 49.096083, -122.672818 49.09593, -122.67317 49.09585, -122.673501 49.09593, -122.673737 49.096185, -122.673807 49.096408, -122.673793 49.096659, -122.673942 49.096773, -122.674444 49.096947, -122.674827 49.09691, -122.675548 49.096813, -122.676143 49.096752, -122.676469 49.096743, -122.676712 49.096893, -122.677035 49.096957, -122.677354 49.096813, -122.677332 49.096613, -122.677162 49.09639, -122.677435 49.096251, -122.677729 49.096185, -122.678157 49.096251, -122.678804 49.096538, -122.679059 49.096473, -122.679215 49.096157, -122.679121 49.09589, -122.679073 49.095488, -122.679328 49.095246, -122.6798758 49.0950321, -122.6798216 49.0975817, -122.6800638 49.107978, -122.67997 49.114038, -122.6798551 49.1139846, -122.675477 49.111952, -122.671999 49.113355, -122.668618 49.113476, -122.668592 49.115325, -122.6574733 49.1151137, -122.656701 49.115099)))"
88994,Willowbrook,Neighborhood,N,Neighborhood,West,Willowbrook,,CAN,"Vancouver, BC",49.119498,-122.667899,20220419,2357946.702,Canada,British Columbia,"Vancouver, BC",Langley,"MULTIPOLYGON (((-122.6601079 49.1227929, -122.660109 49.122605, -122.65981 49.122605, -122.657487 49.122605, -122.657297 49.1223592, -122.6571393 49.1221656, -122.6569528 49.1220293, -122.6565655 49.1218643, -122.6563752 49.121838, -122.6558411 49.1216133, -122.6554477 49.1213675, -122.6546338 49.1212443, -122.6539189 49.120975, -122.6535531 49.1208745, -122.652686 49.1205505, -122.652279 49.120343, -122.6521976 49.1202793, -122.6540995 49.1187629, -122.6493616 49.1161916, -122.647229 49.114926, -122.656701 49.115099, -122.6574733 49.1151137, -122.668592 49.115325, -122.668618 49.113476, -122.671999 49.113355, -122.675477 49.111952, -122.6798551 49.1139846, -122.67997 49.114038, -122.679953 49.119076, -122.679953 49.119184, -122.679946 49.11962, -122.6799338 49.1199165, -122.6798512 49.123523, -122.67985 49.123767, -122.679851 49.12425, -122.679845 49.124697, -122.679841 49.125036, -122.679833 49.12535, -122.679814 49.125669, -122.679795 49.126116, -122.679786 49.126374, -122.665563 49.126233, -122.665617 49.125415, -122.664322 49.124915, -122.6619752 49.1239705, -122.661656 49.123842, -122.660105 49.123313, -122.6601079 49.1227929)))"
