Province,Region,Municipality/County,City,District
British Columbia,South Coast & Sea-to-Sky,Sea-to-Sky,Brackendale,
British Columbia,South Coast & Sea-to-Sky,Sea-to-Sky,Garibaldi Highlands,
British Columbia,South Coast & Sea-to-Sky,Sea-to-Sky,Lions Bay,
British Columbia,South Coast & Sea-to-Sky,Sea-to-Sky,Mount Currie,
British Columbia,South Coast & Sea-to-Sky,Sea-to-Sky,Pemberton,
British Columbia,South Coast & Sea-to-Sky,Sea-to-Sky,Squamish,
British Columbia,South Coast & Sea-to-Sky,Sea-to-Sky,Whistler,
British Columbia,South Coast & Sea-to-Sky,South Coast,Langdale,
British Columbia,South Coast & Sea-to-Sky,South Coast,Gibsons,
British Columbia,South Coast & Sea-to-Sky,South Coast,Roberts Creek,
British Columbia,South Coast & Sea-to-Sky,South Coast,Sechelt,
British Columbia,South Coast & Sea-to-Sky,South Coast,Halfmoon Bay,
British Columbia,South Coast & Sea-to-Sky,South Coast,Garden Bay,
British Columbia,South Coast & Sea-to-Sky,South Coast,Powell River,
British Columbia,Vancouver Island,Cowichan Valley,Chemainus,
British Columbia,Vancouver Island,Cowichan Valley,Cobble Hill,
British Columbia,Vancouver Island,Cowichan Valley,Cowichan Bay,
British Columbia,Vancouver Island,Cowichan Valley,Crofton,
British Columbia,Vancouver Island,Cowichan Valley,Duncan,
British Columbia,Vancouver Island,Cowichan Valley,Honeymoon Bay,
British Columbia,Vancouver Island,Cowichan Valley,Ladysmith,
British Columbia,Vancouver Island,Cowichan Valley,Lake Cowichan,
British Columbia,Vancouver Island,Cowichan Valley,Maple Bay,
British Columbia,Vancouver Island,Cowichan Valley,Mill Bay,
British Columbia,Vancouver Island,Cowichan Valley,North Cowichan,
British Columbia,Vancouver Island,Cowichan Valley,Shawnigan Lake,
British Columbia,Vancouver Island,Cowichan Valley,South End,
British Columbia,Vancouver Island,Cowichan Valley,Youbou,
British Columbia,Vancouver Island,Parksville - Qualicum,Parksville,
British Columbia,Vancouver Island,Parksville - Qualicum,Qualicum Beach,
British Columbia,Vancouver Island,Parksville - Qualicum,French Creek,
British Columbia,Vancouver Island,Parksville - Qualicum,Oceanside,
British Columbia,Vancouver Island,Courtenay - Comox,Courtenay,
British Columbia,Vancouver Island,Courtenay - Comox,Comox,
British Columbia,Vancouver Island,Courtenay - Comox,Royston,
British Columbia,Vancouver Island,Courtenay - Comox,Cumberland,
British Columbia,Vancouver Island,Strathcona - Campell River,Campbell River,Quinsam
British Columbia,Vancouver Island,Strathcona - Campell River,Campbell River,North Campbell River
British Columbia,Vancouver Island,Strathcona - Campell River,Campbell River,Duncan Bay
British Columbia,Vancouver Island,Strathcona - Campell River,Campbell River,Ocean Grove
British Columbia,Vancouver Island,Strathcona - Campell River,Campbell River,Campbellton
British Columbia,Vancouver Island,North Island,Port Hardy,
British Columbia,Vancouver Island,North Island,Port McNeill,
British Columbia,Vancouver Island,North Island,Sayward,
British Columbia,Vancouver Island,Central Island - Pacific Rim,Port Alberni,
British Columbia,Vancouver Island,Central Island - Pacific Rim,Tofino,
British Columbia,Vancouver Island,Central Island - Pacific Rim,Ucluelet,
British Columbia,Vancouver Island,Gulf Islands,Salt Spring Island,
British Columbia,Vancouver Island,Gulf Islands,North Pender Island,
British Columbia,Vancouver Island,Gulf Islands,South Pender Island,
British Columbia,Vancouver Island,Gulf Islands,Saturna Island,
British Columbia,Vancouver Island,Gulf Islands,Decourcy Island,
British Columbia,Vancouver Island,Gulf Islands,Gabriola Island,
British Columbia,Vancouver Island,Gulf Islands,Galiano Island,
British Columbia,Vancouver Island,Gulf Islands,Mudge Island,
British Columbia,Vancouver Island,Gulf Islands,North Pender Island,
British Columbia,Vancouver Island,Gulf Islands,Protection Island,
British Columbia,Vancouver Island,Gulf Islands,Ruxton Island,
British Columbia,Vancouver Island,Gulf Islands,Salt Spring Island,
British Columbia,Vancouver Island,Gulf Islands,Saturna Island,
British Columbia,Vancouver Island,Gulf Islands,South Pender Island,
British Columbia,Vancouver Island,Gulf Islands,Thetis Island,
British Columbia,Vancouver Island,Gulf Islands,Valdes Island,
British Columbia,Thompson - Okanagan,North Okanagan,Armstrong,
British Columbia,Thompson - Okanagan,North Okanagan,Coldstream,
British Columbia,Thompson - Okanagan,North Okanagan,Enderby,
British Columbia,Thompson - Okanagan,North Okanagan,Falkland,
British Columbia,Thompson - Okanagan,North Okanagan,Lavington,
British Columbia,Thompson - Okanagan,North Okanagan,Lumby,
British Columbia,Thompson - Okanagan,North Okanagan,Silver Star Mountain,
British Columbia,Thompson - Okanagan,North Okanagan,Vernon,
British Columbia,Thompson - Okanagan,South Okanagan - Similkameen,Apex Mountain,
British Columbia,Thompson - Okanagan,South Okanagan - Similkameen,Cawston,
British Columbia,Thompson - Okanagan,South Okanagan - Similkameen,Hedley,
British Columbia,Thompson - Okanagan,South Okanagan - Similkameen,Kaleden,
British Columbia,Thompson - Okanagan,South Okanagan - Similkameen,Keremeos,
British Columbia,Thompson - Okanagan,South Okanagan - Similkameen,Naramata,
British Columbia,Thompson - Okanagan,South Okanagan - Similkameen,Okanagan Falls,
British Columbia,Thompson - Okanagan,South Okanagan - Similkameen,Oliver,
British Columbia,Thompson - Okanagan,South Okanagan - Similkameen,Osoyoos,
British Columbia,Thompson - Okanagan,South Okanagan - Similkameen,Penticton,
British Columbia,Thompson - Okanagan,South Okanagan - Similkameen,Princeton,
British Columbia,Thompson - Okanagan,South Okanagan - Similkameen,Summerland,
British Columbia,Thompson - Okanagan,Thompson - Nicola,Barrierre,
British Columbia,Thompson - Okanagan,Thompson - Nicola,Boston Bar,
British Columbia,Thompson - Okanagan,Thompson - Nicola,Cache Creek,
British Columbia,Thompson - Okanagan,Thompson - Nicola,Lower Nicola,
British Columbia,Thompson - Okanagan,Thompson - Nicola,Lytton,
British Columbia,Thompson - Okanagan,Thompson - Nicola,Merritt,
British Columbia,Thompson - Okanagan,Thompson - Nicola,Pritchard,
British Columbia,Thompson - Okanagan,Thompson - Nicola,Raleigh,
British Columbia,Thompson - Okanagan,Thompson - Nicola,Savona,
British Columbia,Thompson - Okanagan,Thompson - Nicola,Spences Bridge,
British Columbia,Thompson - Okanagan,Thompson - Nicola,Sun Peaks,
British Columbia,Thompson - Okanagan,Shuswap - Columbia,Blind Bay,
British Columbia,Thompson - Okanagan,Shuswap - Columbia,Chase,
British Columbia,Thompson - Okanagan,Shuswap - Columbia,Malakwa,
British Columbia,Thompson - Okanagan,Shuswap - Columbia,Revelstoke,
British Columbia,Thompson - Okanagan,Shuswap - Columbia,Salmon Arm,
British Columbia,Thompson - Okanagan,Shuswap - Columbia,Scotch Creek,
British Columbia,Thompson - Okanagan,Shuswap - Columbia,Sicamous,
British Columbia,Thompson - Okanagan,Shuswap - Columbia,Sorrento,
British Columbia,Thompson - Okanagan,Shuswap - Columbia,Tappen,
British Columbia,Cariboo Region,North Cariboo,Quesnel,
British Columbia,Cariboo Region,North Cariboo,Wells,
British Columbia,Cariboo Region,North Cariboo,Likely,
British Columbia,Cariboo Region,North Cariboo,Barkerville,
British Columbia,Cariboo Region,North Cariboo,McLeese Lake,
British Columbia,Cariboo Region,Central Cariboo,Williams Lake,
British Columbia,Cariboo Region,Central Cariboo,Horsefly,
British Columbia,Cariboo Region,Central Cariboo,150 Mile House,
British Columbia,Cariboo Region,Central Cariboo,Lac La Hache,
British Columbia,Cariboo Region,South Cariboo,100 Mile House,
British Columbia,Cariboo Region,South Cariboo,Forest Grove,
British Columbia,Cariboo Region,South Cariboo,Interlakes,
British Columbia,Cariboo Region,South Cariboo,Lone Butte,
British Columbia,Cariboo Region,South Cariboo,70 Mile House,
British Columbia,Cariboo Region,South Cariboo,Clinton,
British Columbia,Northern BC,North Interior,Quesnel,
British Columbia,Northern BC,North Interior,Prince George,
British Columbia,Northern BC,North Interior,Vanderhoof,
British Columbia,Northern BC,North Interior,Fort Fraser,
British Columbia,Northern BC,North Interior,Bear Lake,
British Columbia,Northern BC,North East,Fort St. John,
British Columbia,Northern BC,North East,Hudson Hope,
British Columbia,Northern BC,North East,Dawson Creek,
British Columbia,Northern BC,North East,Chetwynd,
British Columbia,Northern BC,North East,Pouce Coupe,
British Columbia,Northern BC,North East,Fort Nelson,
British Columbia,Northern BC,North West - Coastal,Prince Rupert,
British Columbia,Northern BC,North West - Coastal,Terrace,
British Columbia,Northern BC,North West - Coastal,Kitimat,
British Columbia,Northern BC,North West - Coastal,Kitwanga,
British Columbia,Northern BC,North West - Coastal,Hazelton,
British Columbia,Northern BC,North West - Coastal,Masset,
British Columbia,Northern BC,North West - Coastal,Smithers,
British Columbia,Northern BC,North West - Coastal,Telkwa,
British Columbia,Northern BC,North West - Coastal,Houston,
British Columbia,Northern BC,North West - Coastal,Burns Lake,
British Columbia,Kootenay - Boundary,West Kootenay,Ainsworth,
British Columbia,Kootenay - Boundary,West Kootenay,Balfour,
British Columbia,Kootenay - Boundary,West Kootenay,Castlegar,
British Columbia,Kootenay - Boundary,West Kootenay,Creston,
British Columbia,Kootenay - Boundary,West Kootenay,Fauguier,
British Columbia,Kootenay - Boundary,West Kootenay,Fruitvale,
British Columbia,Kootenay - Boundary,West Kootenay,Nakusp,
British Columbia,Kootenay - Boundary,West Kootenay,Nelson,
British Columbia,Kootenay - Boundary,West Kootenay,New Denver,
British Columbia,Kootenay - Boundary,West Kootenay,Rossland,
British Columbia,Kootenay - Boundary,West Kootenay,Salmo,
British Columbia,Kootenay - Boundary,West Kootenay,Silverton,
British Columbia,Kootenay - Boundary,West Kootenay,Slocan,
British Columbia,Kootenay - Boundary,West Kootenay,Trail,
British Columbia,Kootenay - Boundary,East Kootenay,Brisco,
British Columbia,Kootenay - Boundary,East Kootenay,Canal Flats,
British Columbia,Kootenay - Boundary,East Kootenay,Cranbrook,
British Columbia,Kootenay - Boundary,East Kootenay,Edgewater,
British Columbia,Kootenay - Boundary,East Kootenay,Fairmont Hot Springs,
British Columbia,Kootenay - Boundary,East Kootenay,Invermere,
British Columbia,Kootenay - Boundary,East Kootenay,Kimberley,
British Columbia,Kootenay - Boundary,East Kootenay,Panorama Mountain,
British Columbia,Kootenay - Boundary,East Kootenay,Radium Hot Springs,
British Columbia,Kootenay - Boundary,East Kootenay,Spillimacheen,
British Columbia,Kootenay - Boundary,East Kootenay,Wilmer,
British Columbia,Kootenay - Boundary,East Kootenay,Windermere,
British Columbia,Kootenay - Boundary,Boundary Country,Beaverdell,
British Columbia,Kootenay - Boundary,Boundary Country,Big White,
British Columbia,Kootenay - Boundary,Boundary Country,Bridesville,
British Columbia,Kootenay - Boundary,Boundary Country,Christina Lake,
British Columbia,Kootenay - Boundary,Boundary Country,Grand Forks,
British Columbia,Kootenay - Boundary,Boundary Country,Greenwood,
British Columbia,Kootenay - Boundary,Boundary Country,Midway,
British Columbia,Kootenay - Boundary,Boundary Country,Rock Creek,
British Columbia,Kootenay - Boundary,Boundary Country,Westbridge,
