Province,Region,Municipality/County /District,City / Town,Neighbourhood,Sub Neighbourhood,Sub Sub Neighbourhood
British Columbia,Lower Mainland,Metro Vancouver,Vancouver,Vancouver Eastside,Downtown Eastside,
British Columbia,Lower Mainland,Metro Vancouver,Vancouver,Vancouver Eastside,Grandview - Woodland,
British Columbia,Lower Mainland,Metro Vancouver,Vancouver,Vancouver Eastside,Hastings Sunrise,
British Columbia,Lower Mainland,Metro Vancouver,Vancouver,Vancouver Eastside,Kensington - Cedar Cottage,
British Columbia,Lower Mainland,Metro Vancouver,Vancouver,Vancouver Eastside,Killarney,
British Columbia,Lower Mainland,Metro Vancouver,Vancouver,Vancouver Eastside,Mount Pleasant,
British Columbia,Lower Mainland,Metro Vancouver,Vancouver,Vancouver Eastside,Renfrew - Collingwood,
British Columbia,Lower Mainland,Metro Vancouver,Vancouver,Vancouver Eastside,Riley Park - Little Mtn,
British Columbia,Lower Mainland,Metro Vancouver,Vancouver,Vancouver Eastside,Strathcona,
British Columbia,Lower Mainland,Metro Vancouver,Vancouver,Vancouver Eastside,Sunset,
British Columbia,Lower Mainland,Metro Vancouver,Vancouver,Vancouver Eastside,Victoria - Fraserview,
British Columbia,Lower Mainland,Metro Vancouver,Vancouver,Vancouver Westside,Arbutus Ridge,
British Columbia,Lower Mainland,Metro Vancouver,Vancouver,Vancouver Westside,Dunbar - Southlands,
British Columbia,Lower Mainland,Metro Vancouver,Vancouver,Vancouver Westside,Fairview,Granville Island
British Columbia,Lower Mainland,Metro Vancouver,Vancouver,Vancouver Westside,Kerrisdale,
British Columbia,Lower Mainland,Metro Vancouver,Vancouver,Vancouver Westside,Kitsilano,
British Columbia,Lower Mainland,Metro Vancouver,Vancouver,Vancouver Westside,Marpole,
British Columbia,Lower Mainland,Metro Vancouver,Vancouver,Vancouver Westside,Oakridge,
British Columbia,Lower Mainland,Metro Vancouver,Vancouver,Vancouver Westside,Point Grey,
British Columbia,Lower Mainland,Metro Vancouver,Vancouver,Vancouver Westside,Shaughnessy,
British Columbia,Lower Mainland,Metro Vancouver,Vancouver,Vancouver Westside,South Cambie,
British Columbia,Lower Mainland,Metro Vancouver,Vancouver,Vancouver Westside,UBC,
British Columbia,Lower Mainland,Metro Vancouver,Vancouver,Vancouver Downtown,Coal Harbour,
British Columbia,Lower Mainland,Metro Vancouver,Vancouver,Vancouver Downtown,Downtown Vancouver,
British Columbia,Lower Mainland,Metro Vancouver,Vancouver,Vancouver Downtown,Gastown,
British Columbia,Lower Mainland,Metro Vancouver,Vancouver,Vancouver Downtown,West End,
British Columbia,Lower Mainland,Metro Vancouver,Vancouver,Vancouver Downtown,Yaletown,
British Columbia,Lower Mainland,Metro Vancouver,Burnaby,Burnaby North West,Burnaby Heights,
British Columbia,Lower Mainland,Metro Vancouver,Burnaby,Burnaby North West,Capitol Hill,
British Columbia,Lower Mainland,Metro Vancouver,Burnaby,Burnaby North West,Brentwood,
British Columbia,Lower Mainland,Metro Vancouver,Burnaby,Burnaby North West,Willingdon Heights,
British Columbia,Lower Mainland,Metro Vancouver,Burnaby,Burnaby North East,Westridge,
British Columbia,Lower Mainland,Metro Vancouver,Burnaby,Burnaby North East,Burnaby Mountain,
British Columbia,Lower Mainland,Metro Vancouver,Burnaby,Burnaby North East,Montecito,
British Columbia,Lower Mainland,Metro Vancouver,Burnaby,Burnaby North East,Sullivan Heights,
British Columbia,Lower Mainland,Metro Vancouver,Burnaby,Burnaby North East,Lochdale,
British Columbia,Lower Mainland,Metro Vancouver,Burnaby,Burnaby West Central,Cascade Heights,
British Columbia,Lower Mainland,Metro Vancouver,Burnaby,Burnaby West Central,Garden Village,
British Columbia,Lower Mainland,Metro Vancouver,Burnaby,Burnaby West Central,Metrotown - Maywood,
British Columbia,Lower Mainland,Metro Vancouver,Burnaby,Burnaby East Central,Buckingham Heights,
British Columbia,Lower Mainland,Metro Vancouver,Burnaby,Burnaby East Central,Middlegate,
British Columbia,Lower Mainland,Metro Vancouver,Burnaby,Burnaby East Central,EastBurn,
British Columbia,Lower Mainland,Metro Vancouver,Burnaby,Burnaby South West,Suncrest,
British Columbia,Lower Mainland,Metro Vancouver,Burnaby,Burnaby South West,South Slope,
British Columbia,Lower Mainland,Metro Vancouver,Burnaby,Burnaby South West,Big Bend,
British Columbia,Lower Mainland,Metro Vancouver,New Westminster,New Westminster,Connaught Heights,
British Columbia,Lower Mainland,Metro Vancouver,New Westminster,New Westminster,West End,
British Columbia,Lower Mainland,Metro Vancouver,New Westminster,New Westminster,Kelvin,
British Columbia,Lower Mainland,Metro Vancouver,New Westminster,New Westminster,Glenbrooke North,
British Columbia,Lower Mainland,Metro Vancouver,New Westminster,New Westminster,Queens Park,
British Columbia,Lower Mainland,Metro Vancouver,New Westminster,New Westminster,Sapperton,
British Columbia,Lower Mainland,Metro Vancouver,New Westminster,New Westminster,Downtown,
British Columbia,Lower Mainland,Metro Vancouver,Coquitlam,Coquitlam North,City Centre,
British Columbia,Lower Mainland,Metro Vancouver,Coquitlam,Coquitlam North,Eagle Ridge,
British Columbia,Lower Mainland,Metro Vancouver,Coquitlam,Coquitlam North,Westwood Plateau,
British Columbia,Lower Mainland,Metro Vancouver,Coquitlam,Coquitlam North,Harbour Village,
British Columbia,Lower Mainland,Metro Vancouver,Coquitlam,Coquitlam North East,Burke Mountain,
British Columbia,Lower Mainland,Metro Vancouver,Coquitlam,Coquitlam North East,River Springs,
British Columbia,Lower Mainland,Metro Vancouver,Coquitlam,Coquitlam West,Burquitlam,
British Columbia,Lower Mainland,Metro Vancouver,Coquitlam,Coquitlam West,Cariboo,
British Columbia,Lower Mainland,Metro Vancouver,Coquitlam,Coquitlam Central,Austin Heights,
British Columbia,Lower Mainland,Metro Vancouver,Coquitlam,Coquitlam Central,River Heights,
British Columbia,Lower Mainland,Metro Vancouver,Coquitlam,Coquitlam Central,Harbour Chines,
British Columbia,Lower Mainland,Metro Vancouver,Coquitlam,Coquitlam Central,Chineside,
British Columbia,Lower Mainland,Metro Vancouver,Coquitlam,Coquitlam East,River Heights,
British Columbia,Lower Mainland,Metro Vancouver,Coquitlam,Coquitlam East,Ranch Park,
British Columbia,Lower Mainland,Metro Vancouver,Coquitlam,Coquitlam East,Meadow Brook,
British Columbia,Lower Mainland,Metro Vancouver,Coquitlam,Coquitlam South West,Maillardville,
British Columbia,Lower Mainland,Metro Vancouver,Coquitlam,Coquitlam South West,Fraser Mills,
British Columbia,Lower Mainland,Metro Vancouver,Coquitlam,Coquitlam South East,Pacific Reach,
British Columbia,Lower Mainland,Metro Vancouver,Coquitlam,Coquitlam South East,Cape Horn,
British Columbia,Lower Mainland,Metro Vancouver,Coquitlam,Coquitlam South East,Dartmoor,
British Columbia,Lower Mainland,Metro Vancouver,Coquitlam,Coquitlam South East,Mayfair,
British Columbia,Lower Mainland,Metro Vancouver,Port Coquitlam,Oxford Heights,,
British Columbia,Lower Mainland,Metro Vancouver,Port Coquitlam,Lincoln Park,,
British Columbia,Lower Mainland,Metro Vancouver,Port Coquitlam,Birchland Manor,,
British Columbia,Lower Mainland,Metro Vancouver,Port Coquitlam,Port Coquitlam,,
British Columbia,Lower Mainland,Metro Vancouver,Port Coquitlam,Mary Hill,,
British Columbia,Lower Mainland,Metro Vancouver,Port Moody,Ioco,,
British Columbia,Lower Mainland,Metro Vancouver,Port Moody,Pleasantside,,
British Columbia,Lower Mainland,Metro Vancouver,Port Moody,Belcarra,,
British Columbia,Lower Mainland,Metro Vancouver,Port Moody,Anmore,,
British Columbia,Lower Mainland,Metro Vancouver,Maple Ridge,Albion,,
British Columbia,Lower Mainland,Metro Vancouver,Maple Ridge,Port Hammond,,
British Columbia,Lower Mainland,Metro Vancouver,Maple Ridge,Port Haney,,
British Columbia,Lower Mainland,Metro Vancouver,Maple Ridge,Ruskin,,
British Columbia,Lower Mainland,Metro Vancouver,Maple Ridge,Silver Valley,,
British Columbia,Lower Mainland,Metro Vancouver,Maple Ridge,Webster's Corner,,
British Columbia,Lower Mainland,Metro Vancouver,Maple Ridge,Maple Ridge Town Centre ,,
British Columbia,Lower Mainland,Metro Vancouver,Maple Ridge,Whonnock,,
British Columbia,Lower Mainland,Metro Vancouver,Maple Ridge,Yennadon,,
British Columbia,Lower Mainland,Metro Vancouver,Maple Ridge,Cottonwood,,
British Columbia,Lower Mainland,Metro Vancouver,Pitt Meadows,,,
British Columbia,Lower Mainland,Metro Vancouver,North Vancouver,North Vancouver East,Windsor Park,
British Columbia,Lower Mainland,Metro Vancouver,North Vancouver,North Vancouver East,Dollarton,
British Columbia,Lower Mainland,Metro Vancouver,North Vancouver,North Vancouver East,Deep Cove,
British Columbia,Lower Mainland,Metro Vancouver,North Vancouver,North Vancouver East,North Woodlands,
British Columbia,Lower Mainland,Metro Vancouver,North Vancouver,North Vancouver East,Blue Ridge,
British Columbia,Lower Mainland,Metro Vancouver,North Vancouver,North Vancouver East,Lynnmour,
British Columbia,Lower Mainland,Metro Vancouver,North Vancouver,North Vancouver East,Maplewood,
British Columbia,Lower Mainland,Metro Vancouver,North Vancouver,North Vancouver Lower Level,Central Lonsdale,
British Columbia,Lower Mainland,Metro Vancouver,North Vancouver,North Vancouver Lower Level,Lower Lonsdale,
British Columbia,Lower Mainland,Metro Vancouver,North Vancouver,North Vancouver Lower Level,Pemberton Heights,
British Columbia,Lower Mainland,Metro Vancouver,North Vancouver,North Vancouver Lower Level,Norgate,
British Columbia,Lower Mainland,Metro Vancouver,North Vancouver,North Vancouver Upper Levels,West Lynn,
British Columbia,Lower Mainland,Metro Vancouver,North Vancouver,North Vancouver Upper Levels,Lynn Valley,
British Columbia,Lower Mainland,Metro Vancouver,North Vancouver,North Vancouver Upper Levels,Upper Lynn,
British Columbia,Lower Mainland,Metro Vancouver,North Vancouver,North Vancouver Upper Levels,North Lonsdale,
British Columbia,Lower Mainland,Metro Vancouver,North Vancouver,North Vancouver Upper Levels,Delbrook,
British Columbia,Lower Mainland,Metro Vancouver,North Vancouver,North Vancouver Upper Levels,Forest Hills,
British Columbia,Lower Mainland,Metro Vancouver,North Vancouver,North Vancouver Upper Levels,Canyon Heights,
British Columbia,Lower Mainland,Metro Vancouver,North Vancouver,North Vancouver Upper Levels,Grousewoods,
British Columbia,Lower Mainland,Metro Vancouver,North Vancouver,North Vancouver Upper Levels,Capilano Highlands,
British Columbia,Lower Mainland,Metro Vancouver,West Vancouver,Altamount,,
British Columbia,Lower Mainland,Metro Vancouver,West Vancouver,British Properties,,
British Columbia,Lower Mainland,Metro Vancouver,West Vancouver,Caulfield,,
British Columbia,Lower Mainland,Metro Vancouver,West Vancouver,Cedardale,,
British Columbia,Lower Mainland,Metro Vancouver,West Vancouver,Cypress Park,,
British Columbia,Lower Mainland,Metro Vancouver,West Vancouver,Dundarave,,
British Columbia,Lower Mainland,Metro Vancouver,West Vancouver,Eagle Harbour,,
British Columbia,Lower Mainland,Metro Vancouver,West Vancouver,Gleneagles,,
British Columbia,Lower Mainland,Metro Vancouver,West Vancouver,Glenmore,,
British Columbia,Lower Mainland,Metro Vancouver,West Vancouver,Hollyburn,,
British Columbia,Lower Mainland,Metro Vancouver,West Vancouver,Horseshoe Bay,,
British Columbia,Lower Mainland,Metro Vancouver,West Vancouver,Park Royal,,
British Columbia,Lower Mainland,Metro Vancouver,West Vancouver,Sandy Cove,,
British Columbia,Lower Mainland,Metro Vancouver,West Vancouver,Sentinal Hill,,
British Columbia,Lower Mainland,Metro Vancouver,West Vancouver,Westmount,,
British Columbia,Lower Mainland,Metro Vancouver,Richmond,Richmond North West,Bridgeport,
British Columbia,Lower Mainland,Metro Vancouver,Richmond,Richmond North West,Brighouse,
British Columbia,Lower Mainland,Metro Vancouver,Richmond,Richmond North West,Thompson,
British Columbia,Lower Mainland,Metro Vancouver,Richmond,Richmond North West,Sea Island,
British Columbia,Lower Mainland,Metro Vancouver,Richmond,Richmond South West,Seafair,
British Columbia,Lower Mainland,Metro Vancouver,Richmond,Richmond South West,Steveston,
British Columbia,Lower Mainland,Metro Vancouver,Richmond,Richmond South West,Garden Village,
British Columbia,Lower Mainland,Metro Vancouver,Richmond,Richmond South West,Broadmoor,
British Columbia,Lower Mainland,Metro Vancouver,Richmond,Richmond South West,Southarm,
British Columbia,Lower Mainland,Metro Vancouver,Richmond,Richmond East ,Hamilton,
British Columbia,Lower Mainland,Metro Vancouver,Richmond,Richmond East ,East Richmond,
British Columbia,Lower Mainland,Metro Vancouver,Surrey,Surrey North,Guildford,
British Columbia,Lower Mainland,Metro Vancouver,Surrey,Surrey North,Fleetwood,
British Columbia,Lower Mainland,Metro Vancouver,Surrey,Surrey North,Whalley,
British Columbia,Lower Mainland,Metro Vancouver,Surrey,Surrey Central,Newton,
British Columbia,Lower Mainland,Metro Vancouver,Surrey,Surrey Central,Cloverdale,
British Columbia,Lower Mainland,Metro Vancouver,Surrey,Surrey South,South Surrey,
British Columbia,Lower Mainland,Metro Vancouver,White Rock,,,
British Columbia,Lower Mainland,Metro Vancouver,Delta,North Delta,Annacis Island,
British Columbia,Lower Mainland,Metro Vancouver,Delta,North Delta,Sunshine Hills,
British Columbia,Lower Mainland,Metro Vancouver,Delta,South Delta,Ladner,
British Columbia,Lower Mainland,Metro Vancouver,Delta,South Delta,Tsawwassen,
British Columbia,Lower Mainland,Metro Vancouver,Langley,Langley Central,Murrayville,
British Columbia,Lower Mainland,Metro Vancouver,Langley,Langley Central,Willoughby - Willowbrook,
British Columbia,Lower Mainland,Metro Vancouver,Langley,Langley Central,Langley City,
British Columbia,Lower Mainland,Metro Vancouver,Langley,Langley North,Fort Langley,
British Columbia,Lower Mainland,Metro Vancouver,Langley,Langley North,Forest Knolls,
British Columbia,Lower Mainland,Metro Vancouver,Langley,Langley North,Walnut Grove,
British Columbia,Lower Mainland,Metro Vancouver,Langley,Langley South,Aldergrove,
British Columbia,Lower Mainland,Metro Vancouver,Langley,Langley South,Brookswood - Fernridge,
British Columbia,Lower Mainland,Fraser Valley,Abbotsford,Abbotsford West,Bradner,
British Columbia,Lower Mainland,Fraser Valley,Abbotsford,Abbotsford West,Aberdeen,
British Columbia,Lower Mainland,Fraser Valley,Abbotsford,Abbotsford West,West Abbotsford,
British Columbia,Lower Mainland,Fraser Valley,Abbotsford,Abbotsford Central,Matsqui,
British Columbia,Lower Mainland,Fraser Valley,Abbotsford,Abbotsford Central,Townline Hill,
British Columbia,Lower Mainland,Fraser Valley,Abbotsford,Abbotsford Central,Clearbrook,
British Columbia,Lower Mainland,Fraser Valley,Abbotsford,Abbotsford Central,West Clearbrook,
British Columbia,Lower Mainland,Fraser Valley,Abbotsford,Abbotsford Central,South Clearbrook,
British Columbia,Lower Mainland,Fraser Valley,Abbotsford,Abbotsford Central,Mill Lake,
British Columbia,Lower Mainland,Fraser Valley,Abbotsford,Abbotsford Central,Babich,
British Columbia,Lower Mainland,Fraser Valley,Abbotsford,Abbotsford Central,Lower Ten Oaks,
British Columbia,Lower Mainland,Fraser Valley,Abbotsford,Abbotsford Central,Upper Ten Oaks,
British Columbia,Lower Mainland,Fraser Valley,Abbotsford,Abbotsford Central,South Poplar,
British Columbia,Lower Mainland,Fraser Valley,Abbotsford,Abbotsford Central,Huntingdon,
British Columbia,Lower Mainland,Fraser Valley,Abbotsford,Abbotsford East,Arnold,
British Columbia,Lower Mainland,Fraser Valley,Abbotsford,Abbotsford East,Sumas Mountain,
British Columbia,Lower Mainland,Fraser Valley,Abbotsford,Abbotsford East,Sumas Prairie,
British Columbia,Lower Mainland,Fraser Valley,Abbotsford,Abbotsford East,Barrowtown,
British Columbia,Lower Mainland,Fraser Valley,Mission,,,
British Columbia,Lower Mainland,Fraser Valley,Chilliwack,Chilliwack South West,Greendale,
British Columbia,Lower Mainland,Fraser Valley,Chilliwack,Chilliwack South West,Yarrow,
British Columbia,Lower Mainland,Fraser Valley,Chilliwack,Chilliwack South West,Columbia Valley,
British Columbia,Lower Mainland,Fraser Valley,Chilliwack,Chilliwack South West,Cultus Lake,
British Columbia,Lower Mainland,Fraser Valley,Chilliwack,Chilliwack South West,Sardis,
British Columbia,Lower Mainland,Fraser Valley,Chilliwack,Chilliwack Central,Fairfield,
British Columbia,Lower Mainland,Fraser Valley,Chilliwack,Chilliwack Central,Chilliwack Village,
British Columbia,Lower Mainland,Fraser Valley,Chilliwack,Chilliwack East,Rosedale - Popkum,
British Columbia,Lower Mainland,Fraser Valley,Chilliwack,Chilliwack East,Promontory - Ryder Lake,
British Columbia,Lower Mainland,Fraser Valley,Chilliwack,Chilliwack Area Towns,Agassiz,
British Columbia,Lower Mainland,Fraser Valley,Chilliwack,Chilliwack Area Towns,Harrison Mills,
British Columbia,Lower Mainland,Fraser Valley,Chilliwack,Chilliwack Area Towns,Bridal Falls,
British Columbia,Lower Mainland,Fraser Valley,Chilliwack,Chilliwack Area Towns,Deroche,
British Columbia,Lower Mainland,Fraser Valley,Chilliwack,Chilliwack Area Towns,Lake Errock,
British Columbia,Coast and Mountains,Sea-to-Sky,Brackendale,,,
British Columbia,Coast and Mountains,Sea-to-Sky,Garibaldi Highlands,,,
British Columbia,Coast and Mountains,Sea-to-Sky,Lions Bay,,,
British Columbia,Coast and Mountains,Sea-to-Sky,Mount Currie,,,
British Columbia,Coast and Mountains,Sea-to-Sky,Pemberton,,,
British Columbia,Coast and Mountains,Sea-to-Sky,Squamish,,,
British Columbia,Coast and Mountains,Sea-to-Sky,Whistler,,,
British Columbia,Coast and Mountains,Coast,Langdale,,,
British Columbia,Coast and Mountains,Coast,Gibsons,,,
British Columbia,Coast and Mountains,Coast,Roberts Creek,,,
British Columbia,Coast and Mountains,Coast,Sechelt,,,
British Columbia,Coast and Mountains,Coast,Halfmoon Bay,,,
British Columbia,Coast and Mountains,Coast,Garden Bay,,,
British Columbia,Coast and Mountains,Coast,Powell River,,,
British Columbia,Vancouver Island - South,Peninsula,Central Saanich,Brentwood Bay,,
British Columbia,Vancouver Island - South,Peninsula,Central Saanich,Hawthorne,,
British Columbia,Vancouver Island - South,Peninsula,Central Saanich,Inlet,,
British Columbia,Vancouver Island - South,Peninsula,Central Saanich,Island View,,
British Columbia,Vancouver Island - South,Peninsula,Central Saanich,Oldfield,,
British Columbia,Vancouver Island - South,Peninsula,Central Saanich,Saanichton,,
British Columbia,Vancouver Island - South,Peninsula,Central Saanich,Tanner,,
British Columbia,Vancouver Island - South,Peninsula,Central Saanich,Turgoose,,
British Columbia,Vancouver Island - South,Peninsula,Central Saanich,Willis Point,,
British Columbia,Vancouver Island - South,Peninsula,Sidney,Sidney North-East,,
British Columbia,Vancouver Island - South,Peninsula,Sidney,Sidney North-West,,
British Columbia,Vancouver Island - South,Peninsula,Sidney,Sidney South-East,,
British Columbia,Vancouver Island - South,Peninsula,Sidney,Sidney South-West,,
British Columbia,Vancouver Island - South,Peninsula,North Saanich,Airport,,
British Columbia,Vancouver Island - South,Peninsula,North Saanich,Ardmore,,
British Columbia,Vancouver Island - South,Peninsula,North Saanich,Bazan Bay,,
British Columbia,Vancouver Island - South,Peninsula,North Saanich,Coles Bay,,
British Columbia,Vancouver Island - South,Peninsula,North Saanich,Curteis Poin,,
British Columbia,Vancouver Island - South,Peninsula,North Saanich,Dean Park,,
British Columbia,Vancouver Island - South,Peninsula,North Saanich,Deep Cove,,
British Columbia,Vancouver Island - South,Peninsula,North Saanich,Lands End,,
British Columbia,Vancouver Island - South,Peninsula,North Saanich,McDonald Park,,
British Columbia,Vancouver Island - South,Peninsula,North Saanich,Swartz Bay,,
British Columbia,Vancouver Island - South,Westshore,Sooke,Island View,,
British Columbia,Vancouver Island - South,Westshore,Sooke,17 Mile,,
British Columbia,Vancouver Island - South,Westshore,Sooke,Sooke River,,
British Columbia,Vancouver Island - South,Westshore,Sooke,Saseenos,,
British Columbia,Vancouver Island - South,Westshore,Sooke,Phillips North,,
British Columbia,Vancouver Island - South,Westshore,Sooke,Otter Point,,
British Columbia,Vancouver Island - South,Westshore,Sooke,Kemp Lake,,
British Columbia,Vancouver Island - South,Westshore,Sooke,West Coast Rd,,
British Columbia,Vancouver Island - South,Westshore,Sooke,John Muir,,
British Columbia,Vancouver Island - South,Westshore,Sooke,Silver Spray,,
British Columbia,Vancouver Island - South,Westshore,Sooke,Becher Bay,,
British Columbia,Vancouver Island - South,Westshore,Sooke,East Sooke,,
British Columbia,Vancouver Island - South,Westshore,Sooke,Sheringham Point,,
British Columbia,Vancouver Island - South,Westshore,Sooke,French Beach,,
British Columbia,Vancouver Island - South,Westshore,Sooke,Jordan River,,
British Columbia,Vancouver Island - South,Westshore,Sooke,Port Renfrew,,
British Columbia,Vancouver Island - South,Westshore,Sooke,Carmanah,,
British Columbia,Vancouver Island - South,Westshore,Sooke,Sooke Village Core,,
British Columbia,Vancouver Island - South,Westshore,Sooke,Billings Spit,,
British Columbia,Vancouver Island - South,Westshore,Sooke,Broomhill,,
British Columbia,Vancouver Island - South,Westshore,Colwood,CFB Esquimalt,,
British Columbia,Vancouver Island - South,Westshore,Colwood,Colwood Corners,,
British Columbia,Vancouver Island - South,Westshore,Colwood,Colwood Lake,,
British Columbia,Vancouver Island - South,Westshore,Colwood,Hatley Park,,
British Columbia,Vancouver Island - South,Westshore,Colwood,Latoria,,
British Columbia,Vancouver Island - South,Westshore,Colwood,Royal Bay,,
British Columbia,Vancouver Island - South,Westshore,Colwood,Royal Roads,,
British Columbia,Vancouver Island - South,Westshore,Colwood,Seaside,,
British Columbia,Vancouver Island - South,Westshore,Colwood,Triangle Mountain,,
British Columbia,Vancouver Island - South,Westshore,Colwood,Wishart North,,
British Columbia,Vancouver Island - South,Westshore,Colwood,Wishart South,,
British Columbia,Vancouver Island - South,Westshore,Langford,Atkins,,
British Columbia,Vancouver Island - South,Westshore,Langford,Bear Mountain,,
British Columbia,Vancouver Island - South,Westshore,Langford,Coldstream,,
British Columbia,Vancouver Island - South,Westshore,Langford,Fairway,,
British Columbia,Vancouver Island - South,Westshore,Langford,Florence Lake,,
British Columbia,Vancouver Island - South,Westshore,Langford,Glen Lake,,
British Columbia,Vancouver Island - South,Westshore,Langford,Happy Valley,,
British Columbia,Vancouver Island - South,Westshore,Langford,Humpback,,
British Columbia,Vancouver Island - South,Westshore,Langford,Jacklin,,
British Columbia,Vancouver Island - South,Westshore,Langford,Langford Lake,,
British Columbia,Vancouver Island - South,Westshore,Langford,Langford Lake,,
British Columbia,Vancouver Island - South,Westshore,Langford,Langrord Proper,,
British Columbia,Vancouver Island - South,Westshore,Langford,Luxton,,
British Columbia,Vancouver Island - South,Westshore,Langford,Mill Hill,,
British Columbia,Vancouver Island - South,Westshore,Langford,Olympic View,,
British Columbia,Vancouver Island - South,Westshore,Langford,Thetis Heights,,
British Columbia,Vancouver Island - South,Westshore,Langford,Walfred,,
British Columbia,Vancouver Island - South,Westshore,Langford,Westhills,,
British Columbia,Vancouver Island - South,Westshore,Metchosin,Albert Head,,
British Columbia,Vancouver Island - South,Westshore,Metchosin,Kangaroo,,
British Columbia,Vancouver Island - South,Westshore,Metchosin,Metchosin,,
British Columbia,Vancouver Island - South,Westshore,Metchosin,Neild,,
British Columbia,Vancouver Island - South,Westshore,Metchosin,Olympic View,,
British Columbia,Vancouver Island - South,Westshore,Metchosin,Pedder Bay,,
British Columbia,Vancouver Island - South,Westshore,Metchosin,Rocky Point,,
British Columbia,Vancouver Island - South,Westshore,Metchosin,William Head,,
British Columbia,Vancouver Island - South,Westshore,Highlands,Bear Mountain,,
British Columbia,Vancouver Island - South,Westshore,Highlands,Eastern Highlands,,
British Columbia,Vancouver Island - South,Westshore,Highlands,Western Highlands,,
British Columbia,Vancouver Island - South,Victoria Core,Esquimalt,Esquimalt,,
British Columbia,Vancouver Island - South,Victoria Core,Esquimalt,Gorge Vale,,
British Columbia,Vancouver Island - South,Victoria Core,Esquimalt,Kinsmen Park,,
British Columbia,Vancouver Island - South,Victoria Core,Esquimalt,Old Esquimalt,,
British Columbia,Vancouver Island - South,Victoria Core,Esquimalt,Rockheights,,
British Columbia,Vancouver Island - South,Victoria Core,Esquimalt,Saxe Point,,
British Columbia,Vancouver Island - South,Victoria Core,Oak Bay,Estevan,,
British Columbia,Vancouver Island - South,Victoria Core,Oak Bay,Gonzales,,
British Columbia,Vancouver Island - South,Victoria Core,Oak Bay,Henderson,,
British Columbia,Vancouver Island - South,Victoria Core,Oak Bay,North Oak Bay,,
British Columbia,Vancouver Island - South,Victoria Core,Oak Bay,South Oak Bay,,
British Columbia,Vancouver Island - South,Victoria Core,Oak Bay,Uplands,,
British Columbia,Vancouver Island - South,Victoria Core,Saanich,Saanich East,Arbutus,
British Columbia,Vancouver Island - South,Victoria Core,Saanich,Saanich East,Blenkinsop,
British Columbia,Vancouver Island - South,Victoria Core,Saanich,Saanich East,Broadmead,
British Columbia,Vancouver Island - South,Victoria Core,Saanich,Saanich East,Cadboro Bay,
British Columbia,Vancouver Island - South,Victoria Core,Saanich,Saanich East,Camosun,
British Columbia,Vancouver Island - South,Victoria Core,Saanich,Saanich East,Cedar Hill,
British Columbia,Vancouver Island - South,Victoria Core,Saanich,Saanich East,Cordova Bay,
British Columbia,Vancouver Island - South,Victoria Core,Saanich,Saanich East,Gordon Head,
British Columbia,Vancouver Island - South,Victoria Core,Saanich,Saanich East,High Quadra,
British Columbia,Vancouver Island - South,Victoria Core,Saanich,Saanich East,Lake Hill,
British Columbia,Vancouver Island - South,Victoria Core,Saanich,Saanich East,Lambrick Park,
British Columbia,Vancouver Island - South,Victoria Core,Saanich,Saanich East,Maplewood,
British Columbia,Vancouver Island - South,Victoria Core,Saanich,Saanich East,Mt Doug,
British Columbia,Vancouver Island - South,Victoria Core,Saanich,Saanich East,Mt Tolmie,
British Columbia,Vancouver Island - South,Victoria Core,Saanich,Saanich East,Quadra,
British Columbia,Vancouver Island - South,Victoria Core,Saanich,Saanich East,Queenswood,
British Columbia,Vancouver Island - South,Victoria Core,Saanich,Saanich East,Sunnymead,
British Columbia,Vancouver Island - South,Victoria Core,Saanich,Saanich East,Swan Lake,
British Columbia,Vancouver Island - South,Victoria Core,Saanich,Saanich West,Beaver Lake,
British Columbia,Vancouver Island - South,Victoria Core,Saanich,Saanich West,Elk Lake,
British Columbia,Vancouver Island - South,Victoria Core,Saanich,Saanich West,Gateway,
British Columbia,Vancouver Island - South,Victoria Core,Saanich,Saanich West,Glanford,
British Columbia,Vancouver Island - South,Victoria Core,Saanich,Saanich West,Gorge,
British Columbia,Vancouver Island - South,Victoria Core,Saanich,Saanich West,Granville,
British Columbia,Vancouver Island - South,Victoria Core,Saanich,Saanich West,Interurban,
British Columbia,Vancouver Island - South,Victoria Core,Saanich,Saanich West,Layritz,
British Columbia,Vancouver Island - South,Victoria Core,Saanich,Saanich West,Marigold,
British Columbia,Vancouver Island - South,Victoria Core,Saanich,Saanich West,Northridge,
British Columbia,Vancouver Island - South,Victoria Core,Saanich,Saanich West,Portage Inlet,
British Columbia,Vancouver Island - South,Victoria Core,Saanich,Saanich West,Prospect Lake,
British Columbia,Vancouver Island - South,Victoria Core,Saanich,Saanich West,Royal Oak,
British Columbia,Vancouver Island - South,Victoria Core,Saanich,Saanich West,Rudd Park,
British Columbia,Vancouver Island - South,Victoria Core,Saanich,Saanich West,Strawberry Vale,
British Columbia,Vancouver Island - South,Victoria Core,Saanich,Saanich West,Tillicum,
British Columbia,Vancouver Island - South,Victoria Core,Saanich,Saanich West,West Saanich,
British Columbia,Vancouver Island - South,Victoria Core,Victoria,Burnside,,
British Columbia,Vancouver Island - South,Victoria Core,Victoria,Downtown,,
British Columbia,Vancouver Island - South,Victoria Core,Victoria,Fairfield East,,
British Columbia,Vancouver Island - South,Victoria Core,Victoria,Fairfield West,,
British Columbia,Vancouver Island - South,Victoria Core,Victoria,Fernwood,,
British Columbia,Vancouver Island - South,Victoria Core,Victoria,Hillside - Quadra,,
British Columbia,Vancouver Island - South,Victoria Core,Victoria,James Bay,,
British Columbia,Vancouver Island - South,Victoria Core,Victoria,Jubilee,,
British Columbia,Vancouver Island - South,Victoria Core,Victoria,North Park,,
British Columbia,Vancouver Island - South,Victoria Core,Victoria,Oaklands,,
British Columbia,Vancouver Island - South,Victoria Core,Victoria,Quadra,,
British Columbia,Vancouver Island - South,Victoria Core,Victoria,Rockland,,
British Columbia,Vancouver Island - South,Victoria Core,Victoria,Rock Bay,,
British Columbia,Vancouver Island - South,Victoria Core,Victoria,South Jubilee,,
British Columbia,Vancouver Island - South,Victoria Core,Victoria,Victoria West,,
British Columbia,Vancouver Island - South,Victoria Core,Victoria,Harris Green,,
British Columbia,Vancouver Island - South,Victoria Core,Victoria,Vic West,,
British Columbia,Vancouver Island - South,Victoria Core,Victoria,Songhees,,
British Columbia,Vancouver Island - South,Westshore,View Royal,Prior Lake,,
British Columbia,Vancouver Island - South,Westshore,View Royal,Six Mile,,
British Columbia,Vancouver Island - South,Westshore,View Royal,View Royal,,
British Columbia,Vancouver Island - South,Westshore,View Royal,Hospital,,
British Columbia,Vancouver Island - Central,Cowichan Valley,Chemainus,,,
British Columbia,Vancouver Island - Central,Cowichan Valley,Cobble Hill,,,
British Columbia,Vancouver Island - Central,Cowichan Valley,Cowichan Bay,,,
British Columbia,Vancouver Island - Central,Cowichan Valley,Crofton,,,
British Columbia,Vancouver Island - Central,Cowichan Valley,Duncan,,,
British Columbia,Vancouver Island - Central,Cowichan Valley,Honeymoon Bay,,,
British Columbia,Vancouver Island - Central,Cowichan Valley,Ladysmith,,,
British Columbia,Vancouver Island - Central,Cowichan Valley,Lake Cowichan,,,
British Columbia,Vancouver Island - Central,Cowichan Valley,Maple Bay,,,
British Columbia,Vancouver Island - Central,Cowichan Valley,Mill Bay,,,
British Columbia,Vancouver Island - Central,Cowichan Valley,North Cowichan,,,
British Columbia,Vancouver Island - Central,Cowichan Valley,Shawnigan Lake,,,
British Columbia,Vancouver Island - Central,Cowichan Valley,South End,,,
British Columbia,Vancouver Island - Central,Cowichan Valley,Youbou,,,
British Columbia,Vancouver Island - Central,Nanaimo Area,Nanaimo,North Nanaimo,Departure Bay,
British Columbia,Vancouver Island - Central,Nanaimo Area,Nanaimo,North Nanaimo,Diver Lake,
British Columbia,Vancouver Island - Central,Nanaimo Area,Nanaimo,North Nanaimo,Hammond Bay,
British Columbia,Vancouver Island - Central,Nanaimo Area,Nanaimo,North Nanaimo,"Jingle Pot, North",
British Columbia,Vancouver Island - Central,Nanaimo Area,Nanaimo,North Nanaimo,"Lantzville, Lower",
British Columbia,Vancouver Island - Central,Nanaimo Area,Nanaimo,North Nanaimo,"Lantzville, Upper",
British Columbia,Vancouver Island - Central,Nanaimo Area,Nanaimo,North Nanaimo,North Nanaimo,
British Columbia,Vancouver Island - Central,Nanaimo Area,Nanaimo,North Nanaimo,Pleasant Valley,
British Columbia,Vancouver Island - Central,Nanaimo Area,Nanaimo,North Nanaimo,Uplands,
British Columbia,Vancouver Island - Central,Nanaimo Area,Nanaimo,South Nanaimo,Brechin Hill (Newcastle),
British Columbia,Vancouver Island - Central,Nanaimo Area,Nanaimo,South Nanaimo,Cedar,
British Columbia,Vancouver Island - Central,Nanaimo Area,Nanaimo,South Nanaimo,Central Nanaimo,
British Columbia,Vancouver Island - Central,Nanaimo Area,Nanaimo,South Nanaimo,Chase River,
British Columbia,Vancouver Island - Central,Nanaimo Area,Nanaimo,South Nanaimo,Extension,
British Columbia,Vancouver Island - Central,Nanaimo Area,Nanaimo,South Nanaimo,"Jingle Pot, South",
British Columbia,Vancouver Island - Central,Nanaimo Area,Nanaimo,South Nanaimo,South Nanaimo,
British Columbia,Vancouver Island - Central,Nanaimo Area,Nanaimo,South Nanaimo,University District,
British Columbia,Vancouver Island - Central,Nanaimo Area,Nanaimo,South Nanaimo,Old City,
British Columbia,Vancouver Island - Central,Nanaimo Area,Nanaimo,South Nanaimo,Protection Island,
British Columbia,Vancouver Island - Central,Nanaimo Area,Nanoose Bay,,,
British Columbia,Vancouver Island - Central,Nanaimo Area,Saltair,,,
British Columbia,Vancouver Island - Central,Parksville - Qualicum,Parksville,,,
British Columbia,Vancouver Island - Central,Parksville - Qualicum,Qualicum Beach,,,
British Columbia,Vancouver Island - Central,Parksville - Qualicum,French Creek,,,
British Columbia,Vancouver Island - Central,Parksville - Qualicum,Oceanside,,,
British Columbia,Vancouver Island - Central,Courtenay - Comox,Courtenay,,,
British Columbia,Vancouver Island - Central,Courtenay - Comox,Comox,,,
British Columbia,Vancouver Island - Central,Courtenay - Comox,Royston,,,
British Columbia,Vancouver Island - Central,Courtenay - Comox,Cumberland,,,
British Columbia,Vancouver Island - Central,Campbell River,Quinsam,,,
British Columbia,Vancouver Island - Central,Campbell River,North Campbell River,,,
British Columbia,Vancouver Island - Central,Campbell River,Duncan Bay,,,
British Columbia,Vancouver Island - Central,Campbell River,Ocean Grove,,,
British Columbia,Vancouver Island - Central,Campbell River,Campbellton,,,
British Columbia,Vancouver Island - North,Vancouver Island - North Towns,Port Hardy,,,
British Columbia,Vancouver Island - North,Vancouver Island - North Towns,Port McNeill,,,
British Columbia,Vancouver Island - North,Vancouver Island - North Towns,Sayward,,,
British Columbia,Vancouver Island - Pacific Rim,Vancouver Island - Pacific Rim Towns,Tofino,,,
British Columbia,Vancouver Island - Pacific Rim,Vancouver Island - Pacific Rim Towns,Ucluelet,,,
British Columbia,Vancouver Island - Pacific Rim,Vancouver Island - Pacific Rim Towns,Port Alberni,,,
British Columbia,Vancouver Island - South,Gulf Islands,Salt Spring Island,,,
British Columbia,Vancouver Island - South,Gulf Islands,North Pender Island,,,
British Columbia,Vancouver Island - South,Gulf Islands,South Pender Island,,,
British Columbia,Vancouver Island - South,Gulf Islands,Saturna Island,,,
British Columbia,Vancouver Island - South,Gulf Islands,Decourcy Island,,,
British Columbia,Vancouver Island - South,Gulf Islands,Gabriola Island,,,
British Columbia,Vancouver Island - South,Gulf Islands,Galiano Island,,,
British Columbia,Vancouver Island - South,Gulf Islands,Mudge Island,,,
British Columbia,Vancouver Island - South,Gulf Islands,North Pender Island,,,
British Columbia,Vancouver Island - South,Gulf Islands,Protection Island,,,
British Columbia,Vancouver Island - South,Gulf Islands,Ruxton Island,,,
British Columbia,Vancouver Island - South,Gulf Islands,Salt Spring Island,,,
British Columbia,Vancouver Island - South,Gulf Islands,Saturna Island,,,
British Columbia,Vancouver Island - South,Gulf Islands,South Pender Island,,,
British Columbia,Vancouver Island - South,Gulf Islands,Thetis Island,,,
British Columbia,Vancouver Island - South,Gulf Islands,Valdes Island,,,
British Columbia,Thompson - Okanagan,Central Okanagan,Kelowna,North Kelowna,Downtown,
British Columbia,Thompson - Okanagan,Central Okanagan,Kelowna,North Kelowna,Dilworth Mountain,
British Columbia,Thompson - Okanagan,Central Okanagan,Kelowna,North Kelowna,Glenmore,
British Columbia,Thompson - Okanagan,Central Okanagan,Kelowna,North Kelowna,McKinley Landing,
British Columbia,Thompson - Okanagan,Central Okanagan,Kelowna,North Kelowna,North Glenmore,
British Columbia,Thompson - Okanagan,Central Okanagan,Kelowna,North Kelowna,University District,
British Columbia,Thompson - Okanagan,Central Okanagan,Kelowna,North Kelowna,Ellison,
British Columbia,Thompson - Okanagan,Central Okanagan,Kelowna,North Kelowna,South Pandosy,
British Columbia,Thompson - Okanagan,Central Okanagan,Kelowna,North Kelowna,Lake Country West,
British Columbia,Thompson - Okanagan,Central Okanagan,Kelowna,North Kelowna,Lake Country East / Oyama,
British Columbia,Thompson - Okanagan,Central Okanagan,Kelowna,North Kelowna,Springfield Spall,
British Columbia,Thompson - Okanagan,Central Okanagan,Kelowna,North Kelowna,Kelowna North,
British Columbia,Thompson - Okanagan,Central Okanagan,Kelowna,North Kelowna,Kelowna South,
British Columbia,Thompson - Okanagan,Central Okanagan,Kelowna,Okanagan Mission,South East Kelowna,
British Columbia,Thompson - Okanagan,Central Okanagan,Kelowna,Okanagan Mission,Lower Mission,
British Columbia,Thompson - Okanagan,Central Okanagan,Kelowna,Okanagan Mission,Upper Mission,
British Columbia,Thompson - Okanagan,Central Okanagan,Kelowna,Okanagan Mission,Crawford Estates,
British Columbia,Thompson - Okanagan,Central Okanagan,Kelowna,Okanagan Mission,East Kelowna,
British Columbia,Thompson - Okanagan,Central Okanagan,Kelowna,Rutland,Rutland North,
British Columbia,Thompson - Okanagan,Central Okanagan,Kelowna,Rutland,Rutland South,
British Columbia,Thompson - Okanagan,Central Okanagan,Kelowna,Rutland,Black Mountain,
British Columbia,Thompson - Okanagan,Central Okanagan,West Kelowna,West Kelowna,Casa Loma,
British Columbia,Thompson - Okanagan,Central Okanagan,West Kelowna,West Kelowna,Gellatly,
British Columbia,Thompson - Okanagan,Central Okanagan,West Kelowna,West Kelowna,Glenrosa,
British Columbia,Thompson - Okanagan,Central Okanagan,West Kelowna,West Kelowna,Lakeview Heights,
British Columbia,Thompson - Okanagan,Central Okanagan,West Kelowna,West Kelowna,Misson Hill,
British Columbia,Thompson - Okanagan,Central Okanagan,West Kelowna,West Kelowna,Rose Valley,
British Columbia,Thompson - Okanagan,Central Okanagan,West Kelowna,West Kelowna,Shannon Lake,
British Columbia,Thompson - Okanagan,Central Okanagan,West Kelowna,West Kelowna,Smith Creek,
British Columbia,Thompson - Okanagan,Central Okanagan,West Kelowna,West Kelowna,West Kelowna,
British Columbia,Thompson - Okanagan,Central Okanagan,West Kelowna,West Kelowna,Westbank,
British Columbia,Thompson - Okanagan,Central Okanagan,Peachland,,,
British Columbia,Thompson - Okanagan,North Okanagan,Armstrong,,,
British Columbia,Thompson - Okanagan,North Okanagan,Coldstream,,,
British Columbia,Thompson - Okanagan,North Okanagan,Enderby,,,
British Columbia,Thompson - Okanagan,North Okanagan,Falkland,,,
British Columbia,Thompson - Okanagan,North Okanagan,Lavington,,,
British Columbia,Thompson - Okanagan,North Okanagan,Lumby,,,
British Columbia,Thompson - Okanagan,North Okanagan,Silver Star Mountain,,,
British Columbia,Thompson - Okanagan,North Okanagan,Vernon,,,
British Columbia,Thompson - Okanagan,South Okanagan,Apex Mountain,,,
British Columbia,Thompson - Okanagan,South Okanagan,Cawston,,,
British Columbia,Thompson - Okanagan,South Okanagan,Kaleden,,,
British Columbia,Thompson - Okanagan,South Okanagan,Keremeos,,,
British Columbia,Thompson - Okanagan,South Okanagan,Naramata,,,
British Columbia,Thompson - Okanagan,South Okanagan,Okanagan Falls,,,
British Columbia,Thompson - Okanagan,South Okanagan,Oliver,,,
British Columbia,Thompson - Okanagan,South Okanagan,Osoyoos,,,
British Columbia,Thompson - Okanagan,South Okanagan,Penticton,,,
British Columbia,Thompson - Okanagan,South Okanagan,Summerland,,,
British Columbia,Thompson - Okanagan,Thompson - Nicola,Barrierre,,,
British Columbia,Thompson - Okanagan,Thompson - Nicola,Boston Bar,,,
British Columbia,Thompson - Okanagan,Thompson - Nicola,Cache Creek,,,
British Columbia,Thompson - Okanagan,Thompson - Nicola,Kamloops,North Kamloops,,
British Columbia,Thompson - Okanagan,Thompson - Nicola,Kamloops,Brocklehurst,,
British Columbia,Thompson - Okanagan,Thompson - Nicola,Kamloops,Aberdeen,,
British Columbia,Thompson - Okanagan,Thompson - Nicola,Kamloops,Westsyde,,
British Columbia,Thompson - Okanagan,Thompson - Nicola,Kamloops,Valleyview,,
British Columbia,Thompson - Okanagan,Thompson - Nicola,Kamloops,Sahali,,
British Columbia,Thompson - Okanagan,Thompson - Nicola,Kamloops,Juniper Ridge,,
British Columbia,Thompson - Okanagan,Thompson - Nicola,Kamloops,Dufferin,,
British Columbia,Thompson - Okanagan,Thompson - Nicola,Kamloops,Sun Rivers,,
British Columbia,Thompson - Okanagan,Thompson - Nicola,Lower Nicola,,,
British Columbia,Thompson - Okanagan,Thompson - Nicola,Lytton,,,
British Columbia,Thompson - Okanagan,Thompson - Nicola,Merritt,,,
British Columbia,Thompson - Okanagan,Thompson - Nicola,Pritchard,,,
British Columbia,Thompson - Okanagan,Thompson - Nicola,Raleigh,,,
British Columbia,Thompson - Okanagan,Thompson - Nicola,Savona,,,
British Columbia,Thompson - Okanagan,Thompson - Nicola,Spences Bridge,,,
British Columbia,Thompson - Okanagan,Thompson - Nicola,Sun Peaks,,,
British Columbia,Thompson - Okanagan,Shuswap - Columbia,Blind Bay,,,
British Columbia,Thompson - Okanagan,Shuswap - Columbia,Chase,,,
British Columbia,Thompson - Okanagan,Shuswap - Columbia,Malakwa,,,
British Columbia,Thompson - Okanagan,Shuswap - Columbia,Revelstoke,,,
British Columbia,Thompson - Okanagan,Shuswap - Columbia,Salmon Arm,,,
British Columbia,Thompson - Okanagan,Shuswap - Columbia,Scotch Creek,,,
British Columbia,Thompson - Okanagan,Shuswap - Columbia,Sicamous,,,
British Columbia,Thompson - Okanagan,Shuswap - Columbia,Sorrento,,,
British Columbia,Thompson - Okanagan,Shuswap - Columbia,Tappen,,,
British Columbia,Cariboo Region,North Cariboo,Quesnel,,,
British Columbia,Cariboo Region,North Cariboo,Wells,,,
British Columbia,Cariboo Region,North Cariboo,Likely,,,
British Columbia,Cariboo Region,North Cariboo,Barkerville,,,
British Columbia,Cariboo Region,North Cariboo,McLeese Lake,,,
British Columbia,Cariboo Region,Central Cariboo,Williams Lake,,,
British Columbia,Cariboo Region,Central Cariboo,Horsefly,,,
British Columbia,Cariboo Region,Central Cariboo,150 Mile House,,,
British Columbia,Cariboo Region,Central Cariboo,Lac La Hache,,,
British Columbia,Cariboo Region,South Cariboo,100 Mile House,,,
British Columbia,Cariboo Region,South Cariboo,Forest Grove,,,
British Columbia,Cariboo Region,South Cariboo,Interlakes,,,
British Columbia,Cariboo Region,South Cariboo,Lone Butte,,,
British Columbia,Cariboo Region,South Cariboo,70 Mile House,,,
British Columbia,Cariboo Region,South Cariboo,Clinton,,,
British Columbia,Northern BC,North Interior,Quesnel,,,
British Columbia,Northern BC,North Interior,Prince George,,,
British Columbia,Northern BC,North Interior,Vanderhoof,,,
British Columbia,Northern BC,North Interior,Fort Fraser,,,
British Columbia,Northern BC,North Interior,Bear Lake,,,
British Columbia,Northern BC,North East,Fort St. John,,,
British Columbia,Northern BC,North East,Hudson Hope,,,
British Columbia,Northern BC,North East,Dawson Creek,,,
British Columbia,Northern BC,North East,Chetwynd,,,
British Columbia,Northern BC,North East,Pouce Coupe,,,
British Columbia,Northern BC,North East,Fort Nelson,,,
British Columbia,Northern BC,North West - Coastal,Prince Rupert,,,
British Columbia,Northern BC,North West - Coastal,Terrace,,,
British Columbia,Northern BC,North West - Coastal,Kitimat,,,
British Columbia,Northern BC,North West - Coastal,Kitwanga,,,
British Columbia,Northern BC,North West - Coastal,Hazelton,,,
British Columbia,Northern BC,North West - Coastal,Masset,,,
British Columbia,Northern BC,North West - Coastal,Smithers,,,
British Columbia,Northern BC,North West - Coastal,Telkwa,,,
British Columbia,Northern BC,North West - Coastal,Houston,,,
British Columbia,Northern BC,North West - Coastal,Burns Lake,,,
British Columbia,Kootenay - Boundary,West Kootenay,Ainsworth,,,
British Columbia,Kootenay - Boundary,West Kootenay,Balfour,,,
British Columbia,Kootenay - Boundary,West Kootenay,Castlegar,,,
British Columbia,Kootenay - Boundary,West Kootenay,Creston,,,
British Columbia,Kootenay - Boundary,West Kootenay,Fauguier,,,
British Columbia,Kootenay - Boundary,West Kootenay,Fruitvale,,,
British Columbia,Kootenay - Boundary,West Kootenay,Nakusp,,,
British Columbia,Kootenay - Boundary,West Kootenay,Nelson,,,
British Columbia,Kootenay - Boundary,West Kootenay,New Denver,,,
British Columbia,Kootenay - Boundary,West Kootenay,Rossland,,,
British Columbia,Kootenay - Boundary,West Kootenay,Salmo,,,
British Columbia,Kootenay - Boundary,West Kootenay,Silverton,,,
British Columbia,Kootenay - Boundary,West Kootenay,Slocan,,,
British Columbia,Kootenay - Boundary,West Kootenay,Trail,,,
British Columbia,Kootenay - Boundary,East Kootenay,Brisco,,,
British Columbia,Kootenay - Boundary,East Kootenay,Canal Flats,,,
British Columbia,Kootenay - Boundary,East Kootenay,Cranbrook,,,
British Columbia,Kootenay - Boundary,East Kootenay,Edgewater,,,
British Columbia,Kootenay - Boundary,East Kootenay,Fairmont Hot Springs,,,
British Columbia,Kootenay - Boundary,East Kootenay,Invermere,,,
British Columbia,Kootenay - Boundary,East Kootenay,Kimberley,,,
British Columbia,Kootenay - Boundary,East Kootenay,Panorama Mountain,,,
British Columbia,Kootenay - Boundary,East Kootenay,Radium Hot Springs,,,
British Columbia,Kootenay - Boundary,East Kootenay,Spillimacheen,,,
British Columbia,Kootenay - Boundary,East Kootenay,Wilmer,,,
British Columbia,Kootenay - Boundary,East Kootenay,Windermere,,,
British Columbia,Kootenay - Boundary,Boundary Country,Beaverdell,,,
British Columbia,Kootenay - Boundary,Boundary Country,Big White,,,
British Columbia,Kootenay - Boundary,Boundary Country,Bridesville,,,
British Columbia,Kootenay - Boundary,Boundary Country,Christina Lake,,,
British Columbia,Kootenay - Boundary,Boundary Country,Grand Forks,,,
British Columbia,Kootenay - Boundary,Boundary Country,Greenwood,,,
British Columbia,Kootenay - Boundary,Boundary Country,Midway,,,
British Columbia,Kootenay - Boundary,Boundary Country,Rock Creek,,,
British Columbia,Kootenay - Boundary,Boundary Country,Westbridge,,,
